run_label,config_name,checkpoint_step,checkpoint_label,env_name,task_one_hot_idx,mean_success_rate,std_success_rate,mean_return,std_return_across_seeds,mean_steps,mean_first_success_step,eval_seeds,total_episodes,goals
basketball_push,config_1,50000,50000,basketball-v3,0,0.0,,6.477199310029064,,500.0,,1,50,50
basketball_push,config_1,50000,50000,push-v3,1,0.02,,149.1327595045684,,496.98,349.0,1,50,50
basketball_push,config_1,100000,100000,basketball-v3,0,0.0,,9.472579311458704,,500.0,,1,50,50
basketball_push,config_1,100000,100000,push-v3,1,0.08,,371.0872693346984,,485.3,316.25,1,50,50
basketball_push,config_1,150000,150000,basketball-v3,0,0.0,,11.675971833740856,,500.0,,1,50,50
basketball_push,config_1,150000,150000,push-v3,1,0.02,,308.9590974025828,,497.04,352.0,1,50,50
basketball_push,config_1,200000,200000,basketball-v3,0,0.0,,16.14583014505096,,500.0,,1,50,50
basketball_push,config_1,200000,200000,push-v3,1,0.0,,374.9538056603332,,500.0,,1,50,50
basketball_push,config_1,250000,250000,basketball-v3,0,0.0,,15.604157484679028,,500.0,,1,50,50
basketball_push,config_1,250000,250000,push-v3,1,0.0,,656.6086771891146,,500.0,,1,50,50
basketball_push,config_1,300000,300000,basketball-v3,0,0.0,,17.0289918852774,,500.0,,1,50,50
basketball_push,config_1,300000,300000,push-v3,1,0.0,,514.5148236194187,,500.0,,1,50,50
basketball_push,config_1,350000,350000,basketball-v3,0,0.0,,14.45464517722034,,500.0,,1,50,50
basketball_push,config_1,350000,350000,push-v3,1,0.0,,517.8072641981887,,500.0,,1,50,50
basketball_push,config_1,400000,400000,basketball-v3,0,0.0,,18.09370134781902,,500.0,,1,50,50
basketball_push,config_1,400000,400000,push-v3,1,0.0,,645.890495024719,,500.0,,1,50,50
basketball_push,config_1,450000,450000,basketball-v3,0,0.0,,18.40666686162324,,500.0,,1,50,50
basketball_push,config_1,450000,450000,push-v3,1,0.0,,1723.5493902335324,,500.0,,1,50,50
basketball_push,config_1,500000,500000,basketball-v3,0,0.0,,13.1648444993905,,500.0,,1,50,50
basketball_push,config_1,500000,500000,push-v3,1,0.0,,2047.3222231114016,,500.0,,1,50,50
basketball_push,config_1,550000,550000,basketball-v3,0,0.0,,12.907037589572736,,500.0,,1,50,50
basketball_push,config_1,550000,550000,push-v3,1,0.14,,2397.77966602666,,443.74,98.14285714285714,1,50,50
basketball_push,config_1,600000,600000,basketball-v3,0,0.0,,13.131743476988367,,500.0,,1,50,50
basketball_push,config_1,600000,600000,push-v3,1,0.32,,1724.8819933886452,,376.7,114.6875,1,50,50
basketball_push,config_1,650000,650000,basketball-v3,0,0.0,,19.238224903290725,,500.0,,1,50,50
basketball_push,config_1,650000,650000,push-v3,1,0.52,,1411.62099988333,,279.56,76.07692307692308,1,50,50
basketball_push,config_1,700000,700000,basketball-v3,0,0.0,,21.655462469743632,,500.0,,1,50,50
basketball_push,config_1,700000,700000,push-v3,1,0.54,,1534.108635200799,,277.54,88.03703703703704,1,50,50
basketball_push,config_1,750000,750000,basketball-v3,0,0.0,,32.52608584095087,,500.0,,1,50,50
basketball_push,config_1,750000,750000,push-v3,1,0.56,,1579.4974841948506,,256.96,66.0,1,50,50
basketball_push,config_1,800000,800000,basketball-v3,0,0.0,,38.313121372351176,,500.0,,1,50,50
basketball_push,config_1,800000,800000,push-v3,1,0.46,,2060.285324189152,,308.3,83.26086956521739,1,50,50
basketball_push,config_1,850000,850000,basketball-v3,0,0.0,,31.418602218122537,,500.0,,1,50,50
basketball_push,config_1,850000,850000,push-v3,1,0.52,,1834.1110215290391,,278.0,73.07692307692308,1,50,50
basketball_push,config_1,900000,900000,basketball-v3,0,0.0,,38.15415015375466,,500.0,,1,50,50
basketball_push,config_1,900000,900000,push-v3,1,0.56,,1642.951399010013,,251.5,56.25,1,50,50
basketball_push,config_1,950000,950000,basketball-v3,0,0.0,,36.22520284486554,,500.0,,1,50,50
basketball_push,config_1,950000,950000,push-v3,1,0.54,,1764.9280036738962,,267.34,69.14814814814815,1,50,50
basketball_push,config_1,1000000,1000000,basketball-v3,0,0.0,,36.49329270496586,,500.0,,1,50,50
basketball_push,config_1,1000000,1000000,push-v3,1,0.54,,1777.625341967322,,264.98,64.77777777777777,1,50,50
basketball_push,config_1,1050000,1050000,basketball-v3,0,0.0,,35.18169016512149,,500.0,,1,50,50
basketball_push,config_1,1050000,1050000,push-v3,1,0.58,,1636.5621509270134,,245.72,61.58620689655172,1,50,50
basketball_push,config_1,1100000,1100000,basketball-v3,0,0.0,,33.85251654703893,,500.0,,1,50,50
basketball_push,config_1,1100000,1100000,push-v3,1,0.62,,1725.6189041748023,,255.74,106.03225806451611,1,50,50
basketball_push,config_1,1150000,1150000,basketball-v3,0,0.0,,36.456599397510125,,500.0,,1,50,50
basketball_push,config_1,1150000,1150000,push-v3,1,0.56,,1773.0311897857991,,264.48,79.42857142857143,1,50,50
basketball_push,config_1,1200000,1200000,basketball-v3,0,0.0,,32.64671377586106,,500.0,,1,50,50
basketball_push,config_1,1200000,1200000,push-v3,1,0.6,,1592.1973899132583,,236.24,60.4,1,50,50
basketball_push,config_1,1250000,1250000,basketball-v3,0,0.0,,36.66316449504831,,500.0,,1,50,50
basketball_push,config_1,1250000,1250000,push-v3,1,0.62,,1478.6665709520912,,228.1,61.45161290322581,1,50,50
basketball_push,config_1,1300000,1300000,basketball-v3,0,0.0,,34.336043472829594,,500.0,,1,50,50
basketball_push,config_1,1300000,1300000,push-v3,1,0.66,,1294.0104928599687,,197.9,42.27272727272727,1,50,50
basketball_push,config_1,1350000,1350000,basketball-v3,0,0.0,,31.658414007163795,,500.0,,1,50,50
basketball_push,config_1,1350000,1350000,push-v3,1,0.7,,1185.7452408017314,,184.54,49.34285714285714,1,50,50
basketball_push,config_1,1400000,1400000,basketball-v3,0,0.0,,35.812569748280495,,500.0,,1,50,50
basketball_push,config_1,1400000,1400000,push-v3,1,0.74,,1136.664812210423,,176.24,62.48648648648648,1,50,50
basketball_push,config_1,1450000,1450000,basketball-v3,0,0.0,,34.032171739877384,,500.0,,1,50,50
basketball_push,config_1,1450000,1450000,push-v3,1,0.72,,1259.2877083575136,,199.58,82.75,1,50,50
basketball_push,config_1,1500000,1500000,basketball-v3,0,0.0,,36.299304912788685,,500.0,,1,50,50
basketball_push,config_1,1500000,1500000,push-v3,1,0.76,,1044.3865746222957,,168.2,63.42105263157895,1,50,50
basketball_push,config_1,1550000,1550000,basketball-v3,0,0.0,,36.39234632189767,,500.0,,1,50,50
basketball_push,config_1,1550000,1550000,push-v3,1,0.72,,1093.2814586204438,,176.24,50.333333333333336,1,50,50
basketball_push,config_1,1600000,1600000,basketball-v3,0,0.0,,35.61055602684541,,500.0,,1,50,50
basketball_push,config_1,1600000,1600000,push-v3,1,0.88,,591.3603162052575,,113.34,60.61363636363637,1,50,50
basketball_push,config_1,1650000,1650000,basketball-v3,0,0.0,,37.9042163391168,,500.0,,1,50,50
basketball_push,config_1,1650000,1650000,push-v3,1,0.7,,1184.3125638608913,,188.86,55.51428571428571,1,50,50
basketball_push,config_1,1700000,1700000,basketball-v3,0,0.0,,37.45767075561608,,500.0,,1,50,50
basketball_push,config_1,1700000,1700000,push-v3,1,0.86,,517.743227071801,,109.62,46.06976744186046,1,50,50
basketball_push,config_1,1750000,1750000,basketball-v3,0,0.0,,35.836394627126666,,500.0,,1,50,50
basketball_push,config_1,1750000,1750000,push-v3,1,0.94,,293.5050062644549,,73.0,45.74468085106383,1,50,50
basketball_push,config_1,1800000,1800000,basketball-v3,0,0.0,,32.8100432475313,,500.0,,1,50,50
basketball_push,config_1,1800000,1800000,push-v3,1,0.86,,529.1841035055497,,116.74,54.34883720930232,1,50,50
basketball_push,config_1,1850000,1850000,basketball-v3,0,0.0,,35.09222704845569,,500.0,,1,50,50
basketball_push,config_1,1850000,1850000,push-v3,1,0.84,,579.5944659554157,,133.2,63.333333333333336,1,50,50
basketball_push,config_1,1900000,1900000,basketball-v3,0,0.0,,41.19517633667014,,500.0,,1,50,50
basketball_push,config_1,1900000,1900000,push-v3,1,0.9,,538.2531493489328,,101.12,56.8,1,50,50
basketball_push,config_1,1950000,1950000,basketball-v3,0,0.0,,40.66287334259162,,500.0,,1,50,50
basketball_push,config_1,1950000,1950000,push-v3,1,0.88,,643.3646336181212,,108.84,55.5,1,50,50
basketball_push,config_1,2000000,2000000,basketball-v3,0,0.0,,41.02039723317648,,500.0,,1,50,50
basketball_push,config_1,2000000,2000000,push-v3,1,0.94,,379.1016385381393,,76.06,49.0,1,50,50
basketball_push,config_1,2050000,2050000,basketball-v3,0,0.0,,43.56409390733302,,500.0,,1,50,50
basketball_push,config_1,2050000,2050000,push-v3,1,0.92,,550.500646833497,,91.6,56.08695652173913,1,50,50
basketball_push,config_1,2100000,2100000,basketball-v3,0,0.0,,44.20440394944676,,500.0,,1,50,50
basketball_push,config_1,2100000,2100000,push-v3,1,0.94,,484.1996914155614,,83.34,56.74468085106383,1,50,50
basketball_push,config_1,2150000,2150000,basketball-v3,0,0.0,,43.65295723429528,,500.0,,1,50,50
basketball_push,config_1,2150000,2150000,push-v3,1,0.96,,391.4827886479232,,71.72,53.875,1,50,50
basketball_push,config_1,2200000,2200000,basketball-v3,0,0.0,,43.03648629792348,,500.0,,1,50,50
basketball_push,config_1,2200000,2200000,push-v3,1,0.96,,370.677177130927,,71.08,53.208333333333336,1,50,50
basketball_push,config_1,2250000,2250000,basketball-v3,0,0.0,,46.44662776787791,,500.0,,1,50,50
basketball_push,config_1,2250000,2250000,push-v3,1,0.96,,341.20142705993123,,65.96,47.875,1,50,50
basketball_push,config_1,2300000,2300000,basketball-v3,0,0.0,,46.3133616099581,,500.0,,1,50,50
basketball_push,config_1,2300000,2300000,push-v3,1,0.98,,277.53838766066656,,57.46,48.42857142857143,1,50,50
basketball_push,config_1,2350000,2350000,basketball-v3,0,0.0,,44.65694728196433,,500.0,,1,50,50
basketball_push,config_1,2350000,2350000,push-v3,1,0.98,,303.6379209356066,,61.2,52.24489795918368,1,50,50
basketball_push,config_1,2400000,2400000,basketball-v3,0,0.0,,51.68901918512252,,500.0,,1,50,50
basketball_push,config_1,2400000,2400000,push-v3,1,0.98,,240.68490750097547,,52.72,43.59183673469388,1,50,50
basketball_push,config_1,2450000,2450000,basketball-v3,0,0.0,,57.45060920929795,,500.0,,1,50,50
basketball_push,config_1,2450000,2450000,push-v3,1,0.98,,232.31268651812604,,52.98,43.85714285714285,1,50,50
basketball_push,config_1,2500000,2500000,basketball-v3,0,0.0,,121.94531159351708,,500.0,,1,50,50
basketball_push,config_1,2500000,2500000,push-v3,1,0.98,,267.1821586024266,,56.32,47.265306122448976,1,50,50
basketball_push,config_1,2550000,2550000,basketball-v3,0,0.0,,187.10085980010683,,500.0,,1,50,50
basketball_push,config_1,2550000,2550000,push-v3,1,0.98,,248.76926439886563,,53.62,44.51020408163265,1,50,50
basketball_push,config_1,2600000,2600000,basketball-v3,0,0.0,,394.8015264388685,,500.0,,1,50,50
basketball_push,config_1,2600000,2600000,push-v3,1,0.96,,301.24090615605564,,60.34,42.020833333333336,1,50,50
basketball_push,config_1,2650000,2650000,basketball-v3,0,0.0,,468.35426489869786,,500.0,,1,50,50
basketball_push,config_1,2650000,2650000,push-v3,1,0.96,,321.39812977063764,,63.0,44.79166666666666,1,50,50
basketball_push,config_1,2700000,2700000,basketball-v3,0,0.0,,481.0709441093344,,500.0,,1,50,50
basketball_push,config_1,2700000,2700000,push-v3,1,0.96,,366.00903671194646,,68.26,50.270833333333336,1,50,50
basketball_push,config_1,2750000,2750000,basketball-v3,0,0.0,,405.902124528421,,500.0,,1,50,50
basketball_push,config_1,2750000,2750000,push-v3,1,0.98,,295.16351314305973,,59.12,50.12244897959184,1,50,50
basketball_push,config_1,2800000,2800000,basketball-v3,0,0.0,,515.2591703569362,,500.0,,1,50,50
basketball_push,config_1,2800000,2800000,push-v3,1,1.0,,179.15509914533348,,44.68,44.68,1,50,50
basketball_push,config_1,2850000,2850000,basketball-v3,0,0.0,,486.4099610364807,,500.0,,1,50,50
basketball_push,config_1,2850000,2850000,push-v3,1,1.0,,183.0884546164032,,44.44,44.44,1,50,50
basketball_push,config_1,2900000,2900000,basketball-v3,0,0.0,,516.9977641730219,,500.0,,1,50,50
basketball_push,config_1,2900000,2900000,push-v3,1,0.98,,274.80718140972493,,62.6,53.67346938775511,1,50,50
basketball_push,config_1,2950000,2950000,basketball-v3,0,0.0,,634.7195028317584,,500.0,,1,50,50
basketball_push,config_1,2950000,2950000,push-v3,1,1.0,,159.92401218975257,,41.82,41.82,1,50,50
basketball_push,config_1,3000000,3000000,basketball-v3,0,0.0,,628.1644032496715,,500.0,,1,50,50
basketball_push,config_1,3000000,3000000,push-v3,1,1.0,,248.5820150635664,,53.38,53.38,1,50,50
basketball_push,config_1,3050000,3050000,basketball-v3,0,0.0,,639.1324931075847,,500.0,,1,50,50
basketball_push,config_1,3050000,3050000,push-v3,1,1.0,,164.24007645189292,,42.72,42.72,1,50,50
basketball_push,config_1,3100000,3100000,basketball-v3,0,0.0,,706.6562187064224,,500.0,,1,50,50
basketball_push,config_1,3100000,3100000,push-v3,1,1.0,,145.56200948196746,,39.68,39.68,1,50,50
basketball_push,config_1,3150000,3150000,basketball-v3,0,0.0,,675.9407882757697,,500.0,,1,50,50
basketball_push,config_1,3150000,3150000,push-v3,1,1.0,,141.43548762418385,,39.52,39.52,1,50,50
basketball_push,config_1,3200000,3200000,basketball-v3,0,0.0,,682.6429275958201,,500.0,,1,50,50
basketball_push,config_1,3200000,3200000,push-v3,1,1.0,,219.3751076572481,,49.18,49.18,1,50,50
basketball_push,config_1,3250000,3250000,basketball-v3,0,0.0,,685.2456212349289,,500.0,,1,50,50
basketball_push,config_1,3250000,3250000,push-v3,1,1.0,,243.99925792069664,,52.98,52.98,1,50,50
basketball_push,config_1,3300000,3300000,basketball-v3,0,0.0,,695.6207876048611,,500.0,,1,50,50
basketball_push,config_1,3300000,3300000,push-v3,1,1.0,,249.55102768865217,,52.58,52.58,1,50,50
basketball_push,config_1,3350000,3350000,basketball-v3,0,0.0,,710.1889307890223,,500.0,,1,50,50
basketball_push,config_1,3350000,3350000,push-v3,1,1.0,,207.8654521003127,,47.22,47.22,1,50,50
basketball_push,config_1,3400000,3400000,basketball-v3,0,0.0,,679.0528977483267,,500.0,,1,50,50
basketball_push,config_1,3400000,3400000,push-v3,1,1.0,,222.174788746734,,49.16,49.16,1,50,50
basketball_push,config_1,3450000,3450000,basketball-v3,0,0.0,,744.7560399751561,,500.0,,1,50,50
basketball_push,config_1,3450000,3450000,push-v3,1,1.0,,195.33140125413445,,45.64,45.64,1,50,50
basketball_push,config_1,3500000,3500000,basketball-v3,0,0.0,,702.032428436979,,500.0,,1,50,50
basketball_push,config_1,3500000,3500000,push-v3,1,1.0,,155.46176705399503,,40.66,40.66,1,50,50
basketball_push,config_1,3550000,3550000,basketball-v3,0,0.0,,707.5163188286122,,500.0,,1,50,50
basketball_push,config_1,3550000,3550000,push-v3,1,1.0,,179.42155035187986,,43.28,43.28,1,50,50
basketball_push,config_1,3600000,3600000,basketball-v3,0,0.0,,726.1610279620086,,500.0,,1,50,50
basketball_push,config_1,3600000,3600000,push-v3,1,1.0,,210.04908407771453,,48.48,48.48,1,50,50
basketball_push,config_1,3650000,3650000,basketball-v3,0,0.0,,765.1314465140615,,500.0,,1,50,50
basketball_push,config_1,3650000,3650000,push-v3,1,1.0,,164.13003670713752,,41.58,41.58,1,50,50
basketball_push,config_1,3700000,3700000,basketball-v3,0,0.0,,779.676729038932,,500.0,,1,50,50
basketball_push,config_1,3700000,3700000,push-v3,1,1.0,,180.46151068200297,,43.96,43.96,1,50,50
basketball_push,config_1,3750000,3750000,basketball-v3,0,0.0,,778.4467024576124,,500.0,,1,50,50
basketball_push,config_1,3750000,3750000,push-v3,1,1.0,,212.996414158633,,48.18,48.18,1,50,50
basketball_push,config_1,3800000,3800000,basketball-v3,0,0.0,,802.4486177735255,,500.0,,1,50,50
basketball_push,config_1,3800000,3800000,push-v3,1,1.0,,225.8194017048328,,50.2,50.2,1,50,50
basketball_push,config_1,3850000,3850000,basketball-v3,0,0.0,,800.7716335742246,,500.0,,1,50,50
basketball_push,config_1,3850000,3850000,push-v3,1,1.0,,169.56281278155137,,42.0,42.0,1,50,50
basketball_push,config_1,3900000,3900000,basketball-v3,0,0.0,,783.5288878621938,,500.0,,1,50,50
basketball_push,config_1,3900000,3900000,push-v3,1,0.98,,164.47666354525566,,51.54,42.38775510204081,1,50,50
basketball_push,config_1,3950000,3950000,basketball-v3,0,0.0,,800.1448646960054,,500.0,,1,50,50
basketball_push,config_1,3950000,3950000,push-v3,1,0.94,,156.45614260948074,,68.7,41.17021276595744,1,50,50
basketball_push,config_1,4000000,4000000,basketball-v3,0,0.0,,810.6185277653566,,500.0,,1,50,50
basketball_push,config_1,4000000,4000000,push-v3,1,0.98,,182.68601563185211,,53.5,44.38775510204081,1,50,50
basketball_push,config_1,4050000,4050000,basketball-v3,0,0.0,,822.0212302559449,,500.0,,1,50,50
basketball_push,config_1,4050000,4050000,push-v3,1,1.0,,209.38968007413263,,47.92,47.92,1,50,50
basketball_push,config_1,4100000,4100000,basketball-v3,0,0.0,,835.3536272821121,,500.0,,1,50,50
basketball_push,config_1,4100000,4100000,push-v3,1,1.0,,242.10396894842157,,52.96,52.96,1,50,50
basketball_push,config_1,4150000,4150000,basketball-v3,0,0.0,,839.1943630733804,,500.0,,1,50,50
basketball_push,config_1,4150000,4150000,push-v3,1,0.98,,224.43281677582996,,59.98,51.0,1,50,50
basketball_push,config_1,4200000,4200000,basketball-v3,0,0.0,,826.3112665316562,,500.0,,1,50,50
basketball_push,config_1,4200000,4200000,push-v3,1,1.0,,196.70467722631432,,45.64,45.64,1,50,50
basketball_push,config_1,4250000,4250000,basketball-v3,0,0.0,,892.7632118535436,,500.0,,1,50,50
basketball_push,config_1,4250000,4250000,push-v3,1,1.0,,197.42574898463897,,47.06,47.06,1,50,50
basketball_push,config_1,4300000,4300000,basketball-v3,0,0.0,,903.1988405663968,,500.0,,1,50,50
basketball_push,config_1,4300000,4300000,push-v3,1,0.94,,166.3323653344312,,70.12,42.680851063829785,1,50,50
basketball_push,config_1,4350000,4350000,basketball-v3,0,0.0,,928.360349207629,,500.0,,1,50,50
basketball_push,config_1,4350000,4350000,push-v3,1,0.92,,151.19490898372763,,77.04,40.26086956521739,1,50,50
basketball_push,config_1,4400000,4400000,basketball-v3,0,0.0,,937.2027872280212,,500.0,,1,50,50
basketball_push,config_1,4400000,4400000,push-v3,1,0.94,,150.3105623588884,,67.68,40.08510638297872,1,50,50
basketball_push,config_1,4450000,4450000,basketball-v3,0,0.0,,947.018290972558,,500.0,,1,50,50
basketball_push,config_1,4450000,4450000,push-v3,1,0.96,,148.05842557974267,,58.34,39.9375,1,50,50
basketball_push,config_1,4500000,4500000,basketball-v3,0,0.0,,986.04590676149,,500.0,,1,50,50
basketball_push,config_1,4500000,4500000,push-v3,1,1.0,,168.2499631389008,,41.8,41.8,1,50,50
basketball_push,config_1,4550000,4550000,basketball-v3,0,0.0,,974.3776931620675,,500.0,,1,50,50
basketball_push,config_1,4550000,4550000,push-v3,1,1.0,,148.46756114836617,,39.72,39.72,1,50,50
basketball_push,config_1,4600000,4600000,basketball-v3,0,0.0,,984.0360153749398,,500.0,,1,50,50
basketball_push,config_1,4600000,4600000,push-v3,1,1.0,,148.36317733121535,,40.68,40.68,1,50,50
basketball_push,config_1,4650000,4650000,basketball-v3,0,0.0,,1017.9672732767182,,500.0,,1,50,50
basketball_push,config_1,4650000,4650000,push-v3,1,1.0,,151.47769496748035,,39.98,39.98,1,50,50
basketball_push,config_1,4700000,4700000,basketball-v3,0,0.0,,1005.5123247410152,,500.0,,1,50,50
basketball_push,config_1,4700000,4700000,push-v3,1,0.98,,148.40118037991255,,48.9,39.69387755102041,1,50,50
basketball_push,config_1,4750000,4750000,basketball-v3,0,0.0,,999.1785208756723,,500.0,,1,50,50
basketball_push,config_1,4750000,4750000,push-v3,1,0.98,,147.99389247508532,,48.86,39.6530612244898,1,50,50
basketball_push,config_1,4800000,4800000,basketball-v3,0,0.0,,1044.9155001503198,,500.0,,1,50,50
basketball_push,config_1,4800000,4800000,push-v3,1,1.0,,151.92726960263016,,41.0,41.0,1,50,50
basketball_push,config_1,4850000,4850000,basketball-v3,0,0.0,,1021.2916923238142,,500.0,,1,50,50
basketball_push,config_1,4850000,4850000,push-v3,1,0.98,,153.97689244117598,,49.46,40.265306122448976,1,50,50
basketball_push,config_1,4900000,4900000,basketball-v3,0,0.0,,1049.394775791637,,500.0,,1,50,50
basketball_push,config_1,4900000,4900000,push-v3,1,0.98,,148.6966009599451,,49.2,40.0,1,50,50
basketball_push,config_1,4950000,4950000,basketball-v3,0,0.0,,1049.6971440582083,,500.0,,1,50,50
basketball_push,config_1,4950000,4950000,push-v3,1,0.98,,151.71122877915136,,49.48,40.285714285714285,1,50,50
basketball_push,config_1,5000000,5000000,basketball-v3,0,0.0,,1043.708564243106,,500.0,,1,50,50
basketball_push,config_1,5000000,5000000,push-v3,1,0.96,,167.00224408732464,,66.86,48.8125,1,50,50
basketball_push,config_1,5050000,5050000,basketball-v3,0,0.0,,1047.005014163049,,500.0,,1,50,50
basketball_push,config_1,5050000,5050000,push-v3,1,0.9,,161.7329606407563,,86.96,41.06666666666667,1,50,50
basketball_push,config_1,5100000,5100000,basketball-v3,0,0.0,,1074.4154014149028,,500.0,,1,50,50
basketball_push,config_1,5100000,5100000,push-v3,1,0.98,,156.9410476479517,,49.82,40.63265306122449,1,50,50
basketball_push,config_1,5150000,5150000,basketball-v3,0,0.0,,1098.7156768582236,,500.0,,1,50,50
basketball_push,config_1,5150000,5150000,push-v3,1,1.0,,150.78955706102636,,40.5,40.5,1,50,50
basketball_push,config_1,5200000,5200000,basketball-v3,0,0.0,,1099.2094423686433,,500.0,,1,50,50
basketball_push,config_1,5200000,5200000,push-v3,1,1.0,,165.19448286576895,,41.82,41.82,1,50,50
basketball_push,config_1,5250000,5250000,basketball-v3,0,0.0,,1124.971504426274,,500.0,,1,50,50
basketball_push,config_1,5250000,5250000,push-v3,1,1.0,,167.03194633807533,,41.82,41.82,1,50,50
basketball_push,config_1,5300000,5300000,basketball-v3,0,0.0,,1153.7776997549836,,500.0,,1,50,50
basketball_push,config_1,5300000,5300000,push-v3,1,0.98,,152.81866244847484,,49.34,40.142857142857146,1,50,50
basketball_push,config_1,5350000,5350000,basketball-v3,0,0.0,,1144.3271645614277,,500.0,,1,50,50
basketball_push,config_1,5350000,5350000,push-v3,1,0.98,,152.84936880011267,,49.5,40.30612244897959,1,50,50
basketball_push,config_1,5400000,5400000,basketball-v3,0,0.0,,1158.9812738838618,,500.0,,1,50,50
basketball_push,config_1,5400000,5400000,push-v3,1,0.98,,157.87659821576278,,50.14,40.95918367346939,1,50,50
basketball_push,config_1,5450000,5450000,basketball-v3,0,0.0,,1212.1955257136524,,500.0,,1,50,50
basketball_push,config_1,5450000,5450000,push-v3,1,0.94,,191.5589327349417,,66.5,38.82978723404256,1,50,50
basketball_push,config_1,5500000,5500000,basketball-v3,0,0.0,,1212.615216461757,,500.0,,1,50,50
basketball_push,config_1,5500000,5500000,push-v3,1,0.94,,136.26961430426525,,66.36,38.680851063829785,1,50,50
basketball_push,config_1,5550000,5550000,basketball-v3,0,0.0,,1308.1853680464892,,500.0,,1,50,50
basketball_push,config_1,5550000,5550000,push-v3,1,0.96,,144.0164955264439,,57.84,39.41666666666666,1,50,50
basketball_push,config_1,5600000,5600000,basketball-v3,0,0.0,,1413.9611825525303,,500.0,,1,50,50
basketball_push,config_1,5600000,5600000,push-v3,1,0.9,,152.5187238805684,,87.04,41.15555555555556,1,50,50
basketball_push,config_1,5650000,5650000,basketball-v3,0,0.0,,1482.8101927378518,,500.0,,1,50,50
basketball_push,config_1,5650000,5650000,push-v3,1,0.92,,147.330234381699,,77.06,40.28260869565217,1,50,50
basketball_push,config_1,5700000,5700000,basketball-v3,0,0.0,,1626.7624392016078,,500.0,,1,50,50
basketball_push,config_1,5700000,5700000,push-v3,1,0.96,,150.7390157827962,,58.42,40.020833333333336,1,50,50
basketball_push,config_1,5750000,5750000,basketball-v3,0,0.0,,1828.0379687132595,,500.0,,1,50,50
basketball_push,config_1,5750000,5750000,push-v3,1,0.92,,160.50082875026175,,77.82,41.10869565217392,1,50,50
basketball_push,config_1,5800000,5800000,basketball-v3,0,0.0,,2108.5919535271164,,500.0,,1,50,50
basketball_push,config_1,5800000,5800000,push-v3,1,0.88,,158.89022444603845,,96.78,41.79545454545455,1,50,50
basketball_push,config_1,5850000,5850000,basketball-v3,0,0.0,,2278.0588947030906,,500.0,,1,50,50
basketball_push,config_1,5850000,5850000,push-v3,1,0.7,,140.1059253360202,,178.54,40.77142857142857,1,50,50
basketball_push,config_1,5900000,5900000,basketball-v3,0,0.0,,2371.7713530472306,,500.0,,1,50,50
basketball_push,config_1,5900000,5900000,push-v3,1,0.76,,150.55659920402277,,152.82,43.18421052631579,1,50,50
basketball_push,config_1,5950000,5950000,basketball-v3,0,0.0,,2498.90865388862,,500.0,,1,50,50
basketball_push,config_1,5950000,5950000,push-v3,1,0.84,,151.41752230925604,,115.12,41.80952380952381,1,50,50
basketball_push,config_1,6000000,6000000,basketball-v3,0,0.0,,2821.804744562153,,500.0,,1,50,50
basketball_push,config_1,6000000,6000000,push-v3,1,0.78,,140.28193984979436,,145.28,45.23076923076923,1,50,50
basketball_push,config_1,6050000,6050000,basketball-v3,0,0.04,,2715.89833383934,,483.4,85.0,1,50,50
basketball_push,config_1,6050000,6050000,push-v3,1,0.74,,178.5409239689356,,165.52,48.0,1,50,50
basketball_push,config_1,6100000,6100000,basketball-v3,0,0.12,,2359.0235479609782,,450.84,90.33333333333331,1,50,50
basketball_push,config_1,6100000,6100000,push-v3,1,0.82,,139.25295173224015,,122.7,39.8780487804878,1,50,50
basketball_push,config_1,6150000,6150000,basketball-v3,0,0.14,,2375.0029436040586,,442.74,91.0,1,50,50
basketball_push,config_1,6150000,6150000,push-v3,1,0.78,,128.36378844281518,,140.96,39.69230769230769,1,50,50
basketball_push,config_1,6200000,6200000,basketball-v3,0,0.32,,1887.8387477526185,,366.0,81.25,1,50,50
basketball_push,config_1,6200000,6200000,push-v3,1,0.78,,136.73987300885628,,141.38,40.23076923076923,1,50,50
basketball_push,config_1,6250000,6250000,basketball-v3,0,0.52,,1348.5816537911928,,282.16,81.07692307692308,1,50,50
basketball_push,config_1,6250000,6250000,push-v3,1,0.92,,154.54561255435726,,77.64,40.91304347826087,1,50,50
basketball_push,config_1,6300000,6300000,basketball-v3,0,0.74,,762.1903510803977,,183.22,71.91891891891892,1,50,50
basketball_push,config_1,6300000,6300000,push-v3,1,0.9,,147.3673644992435,,86.4,40.44444444444444,1,50,50
basketball_push,config_1,6350000,6350000,basketball-v3,0,0.8,,600.3198374582179,,157.68,72.1,1,50,50
basketball_push,config_1,6350000,6350000,push-v3,1,0.88,,146.0967485696079,,96.26,41.20454545454545,1,50,50
basketball_push,config_1,6400000,6400000,basketball-v3,0,0.86,,484.24806753470415,,132.66,72.86046511627907,1,50,50
basketball_push,config_1,6400000,6400000,push-v3,1,0.86,,143.13683671917033,,105.28,41.02325581395349,1,50,50
basketball_push,config_1,6450000,6450000,basketball-v3,0,0.88,,472.2558938738232,,124.2,72.95454545454545,1,50,50
basketball_push,config_1,6450000,6450000,push-v3,1,0.92,,161.019258432622,,78.62,41.97826086956522,1,50,50
basketball_push,config_1,6500000,6500000,basketball-v3,0,0.94,,356.0372162833781,,95.26,69.42553191489361,1,50,50
basketball_push,config_1,6500000,6500000,push-v3,1,0.86,,149.48989679364445,,106.26,42.16279069767442,1,50,50
basketball_push,config_1,6550000,6550000,basketball-v3,0,0.92,,425.6770931330997,,105.58,71.28260869565217,1,50,50
basketball_push,config_1,6550000,6550000,push-v3,1,0.78,,142.07972973872174,,141.94,40.94871794871795,1,50,50
basketball_push,config_1,6600000,6600000,basketball-v3,0,0.94,,379.5496869624097,,95.94,70.14893617021276,1,50,50
basketball_push,config_1,6600000,6600000,push-v3,1,0.76,,135.00619381704257,,150.72,40.42105263157895,1,50,50
basketball_push,config_1,6650000,6650000,basketball-v3,0,0.94,,399.3296363052093,,100.62,75.12765957446808,1,50,50
basketball_push,config_1,6650000,6650000,push-v3,1,0.84,,149.82022939182124,,115.38,42.11904761904762,1,50,50
basketball_push,config_1,6700000,6700000,basketball-v3,0,0.92,,437.5960330494968,,104.14,69.71739130434783,1,50,50
basketball_push,config_1,6700000,6700000,push-v3,1,0.88,,176.89679685462735,,97.6,42.72727272727273,1,50,50
basketball_push,config_1,6750000,6750000,basketball-v3,0,0.9,,496.19111521299214,,111.84,68.71111111111111,1,50,50
basketball_push,config_1,6750000,6750000,push-v3,1,0.88,,166.840480262423,,98.52,43.77272727272727,1,50,50
basketball_push,config_1,6800000,6800000,basketball-v3,0,0.92,,356.2738314791677,,101.94,67.32608695652173,1,50,50
basketball_push,config_1,6800000,6800000,push-v3,1,0.7,,174.1916983113784,,186.86,52.65714285714286,1,50,50
basketball_push,config_1,6850000,6850000,basketball-v3,0,0.92,,356.16531319130206,,97.54,62.54347826086956,1,50,50
basketball_push,config_1,6850000,6850000,push-v3,1,0.72,,169.29501705570385,,180.2,55.833333333333336,1,50,50
basketball_push,config_1,6900000,6900000,basketball-v3,0,0.96,,146.24084916350358,,79.26,61.72916666666666,1,50,50
basketball_push,config_1,6900000,6900000,push-v3,1,0.72,,175.25240209621575,,172.06,44.52777777777778,1,50,50
basketball_push,config_1,6950000,6950000,basketball-v3,0,0.98,,150.05624189874473,,71.26,62.51020408163265,1,50,50
basketball_push,config_1,6950000,6950000,push-v3,1,0.88,,181.39342509404452,,101.64,47.31818181818182,1,50,50
basketball_push,config_1,7000000,7000000,basketball-v3,0,0.96,,151.55223137258207,,80.84,63.375,1,50,50
basketball_push,config_1,7000000,7000000,push-v3,1,0.98,,170.30045928948283,,54.0,44.89795918367347,1,50,50
basketball_push,config_1,7050000,7050000,basketball-v3,0,0.96,,159.86530495855362,,80.86,63.395833333333336,1,50,50
basketball_push,config_1,7050000,7050000,push-v3,1,0.84,,191.1623057723813,,121.0,48.80952380952381,1,50,50
basketball_push,config_1,7100000,7100000,basketball-v3,0,0.96,,216.1547936551708,,79.62,62.10416666666666,1,50,50
basketball_push,config_1,7100000,7100000,push-v3,1,0.88,,194.325847026986,,108.06,54.61363636363637,1,50,50
basketball_push,config_1,7150000,7150000,basketball-v3,0,1.0,,157.0557877906459,,61.78,61.78,1,50,50
basketball_push,config_1,7150000,7150000,push-v3,1,0.92,,203.23112734526268,,91.34,55.80434782608695,1,50,50
basketball_push,config_1,7200000,7200000,basketball-v3,0,1.0,,162.55854202912545,,63.28,63.28,1,50,50
basketball_push,config_1,7200000,7200000,push-v3,1,0.88,,181.4712325182577,,97.26,42.34090909090909,1,50,50
basketball_push,config_1,7250000,7250000,basketball-v3,0,0.96,,152.05547509825345,,80.78,63.3125,1,50,50
basketball_push,config_1,7250000,7250000,push-v3,1,0.98,,264.22993304291253,,54.18,45.08163265306123,1,50,50
basketball_push,config_1,7300000,7300000,basketball-v3,0,0.96,,183.9887414547168,,80.84,63.375,1,50,50
basketball_push,config_1,7300000,7300000,push-v3,1,0.94,,156.60934232327006,,68.52,40.97872340425532,1,50,50
basketball_push,config_1,7350000,7350000,basketball-v3,0,0.96,,153.47278401646747,,80.74,63.270833333333336,1,50,50
basketball_push,config_1,7350000,7350000,push-v3,1,1.0,,200.4553766429951,,47.46,47.46,1,50,50
basketball_push,config_1,7400000,7400000,basketball-v3,0,0.96,,158.65386311711688,,80.9,63.4375,1,50,50
basketball_push,config_1,7400000,7400000,push-v3,1,0.98,,162.60858121426904,,50.78,41.61224489795919,1,50,50
basketball_push,config_1,7450000,7450000,basketball-v3,0,0.98,,178.5961675756945,,75.72,67.06122448979592,1,50,50
basketball_push,config_1,7450000,7450000,push-v3,1,1.0,,232.28525691727629,,51.0,51.0,1,50,50
basketball_push,config_1,7500000,7500000,basketball-v3,0,0.98,,178.1705752309281,,74.56,65.87755102040816,1,50,50
basketball_push,config_1,7500000,7500000,push-v3,1,0.98,,188.24231186874945,,53.76,44.6530612244898,1,50,50
basketball_push,config_1,7550000,7550000,basketball-v3,0,0.98,,173.7782007704032,,73.06,64.34693877551021,1,50,50
basketball_push,config_1,7550000,7550000,push-v3,1,0.98,,205.2795649552769,,53.72,44.61224489795919,1,50,50
basketball_push,config_1,7600000,7600000,basketball-v3,0,0.94,,158.38266234278734,,89.1,62.87234042553192,1,50,50
basketball_push,config_1,7600000,7600000,push-v3,1,1.0,,209.48509703439507,,46.94,46.94,1,50,50
basketball_push,config_1,7650000,7650000,basketball-v3,0,0.94,,150.72148671061626,,88.1,61.80851063829788,1,50,50
basketball_push,config_1,7650000,7650000,push-v3,1,0.96,,175.80768953092596,,61.22,42.9375,1,50,50
basketball_push,config_1,7700000,7700000,basketball-v3,0,0.94,,188.9122891941348,,87.28,60.93617021276596,1,50,50
basketball_push,config_1,7700000,7700000,push-v3,1,1.0,,176.13014486573644,,42.5,42.5,1,50,50
basketball_push,config_1,7750000,7750000,basketball-v3,0,0.94,,196.35557131016512,,85.66,59.212765957446805,1,50,50
basketball_push,config_1,7750000,7750000,push-v3,1,1.0,,165.82441962901785,,45.88,45.88,1,50,50
basketball_push,config_1,7800000,7800000,basketball-v3,0,0.96,,227.49657404393915,,76.98,59.35416666666666,1,50,50
basketball_push,config_1,7800000,7800000,push-v3,1,1.0,,174.50772345879858,,43.12,43.12,1,50,50
basketball_push,config_1,7850000,7850000,basketball-v3,0,0.96,,143.9110973325375,,77.22,59.60416666666666,1,50,50
basketball_push,config_1,7850000,7850000,push-v3,1,1.0,,169.01690085658424,,41.8,41.8,1,50,50
basketball_push,config_1,7900000,7900000,basketball-v3,0,0.98,,148.8545440414271,,70.98,62.224489795918366,1,50,50
basketball_push,config_1,7900000,7900000,push-v3,1,1.0,,177.25881566910346,,42.82,42.82,1,50,50
basketball_push,config_1,7950000,7950000,basketball-v3,0,1.0,,144.63221092854653,,64.88,64.88,1,50,50
basketball_push,config_1,7950000,7950000,push-v3,1,1.0,,155.6943217143177,,40.26,40.26,1,50,50
basketball_push,config_1,8000000,8000000,basketball-v3,0,0.98,,139.76972379748452,,68.44,59.63265306122449,1,50,50
basketball_push,config_1,8000000,8000000,push-v3,1,1.0,,160.50653190360333,,40.94,40.94,1,50,50
basketball_push,config_1,8050000,8050000,basketball-v3,0,1.0,,136.79356872341188,,59.76,59.76,1,50,50
basketball_push,config_1,8050000,8050000,push-v3,1,1.0,,159.816054153603,,40.52,40.52,1,50,50
basketball_push,config_1,8100000,8100000,basketball-v3,0,0.98,,124.79507372024092,,64.4,55.51020408163265,1,50,50
basketball_push,config_1,8100000,8100000,push-v3,1,1.0,,159.4579281684912,,40.38,40.38,1,50,50
basketball_push,config_1,8150000,8150000,basketball-v3,0,1.0,,126.74539386819568,,55.66,55.66,1,50,50
basketball_push,config_1,8150000,8150000,push-v3,1,1.0,,156.69971341923315,,39.86,39.86,1,50,50
basketball_push,config_1,8200000,8200000,basketball-v3,0,0.98,,117.11098994079916,,63.36,54.44897959183673,1,50,50
basketball_push,config_1,8200000,8200000,push-v3,1,1.0,,147.40977238479968,,39.2,39.2,1,50,50
basketball_push,config_1,8250000,8250000,basketball-v3,0,0.98,,116.92018336496442,,62.72,53.795918367346935,1,50,50
basketball_push,config_1,8250000,8250000,push-v3,1,0.98,,149.24399867419515,,48.34,39.12244897959184,1,50,50
basketball_push,config_1,8300000,8300000,basketball-v3,0,1.0,,123.17327840136242,,54.2,54.2,1,50,50
basketball_push,config_1,8300000,8300000,push-v3,1,0.96,,146.47566057866487,,57.52,39.083333333333336,1,50,50
basketball_push,config_1,8350000,8350000,basketball-v3,0,1.0,,120.9664660533843,,53.92,53.92,1,50,50
basketball_push,config_1,8350000,8350000,push-v3,1,0.96,,154.82374225595547,,59.34,40.97916666666666,1,50,50
basketball_push,config_1,8400000,8400000,basketball-v3,0,1.0,,120.9270909804902,,54.1,54.1,1,50,50
basketball_push,config_1,8400000,8400000,push-v3,1,0.96,,209.81468924824563,,60.06,41.72916666666666,1,50,50
basketball_push,config_1,8450000,8450000,basketball-v3,0,1.0,,123.43667807408688,,54.74,54.74,1,50,50
basketball_push,config_1,8450000,8450000,push-v3,1,0.96,,167.74053475409448,,60.32,42.0,1,50,50
basketball_push,config_1,8500000,8500000,basketball-v3,0,1.0,,127.43087809086644,,55.82,55.82,1,50,50
basketball_push,config_1,8500000,8500000,push-v3,1,0.94,,158.61809353673553,,67.76,40.17021276595744,1,50,50
basketball_push,config_1,8550000,8550000,basketball-v3,0,0.98,,123.51250808921458,,64.2,55.30612244897959,1,50,50
basketball_push,config_1,8550000,8550000,push-v3,1,0.94,,139.17560557490782,,66.04,38.340425531914896,1,50,50
basketball_push,config_1,8600000,8600000,basketball-v3,0,0.9,,148.83277154988457,,101.66,57.4,1,50,50
basketball_push,config_1,8600000,8600000,push-v3,1,0.94,,132.00250227298451,,70.02,42.57446808510638,1,50,50
basketball_push,config_1,8650000,8650000,basketball-v3,0,0.94,,146.9334391773756,,82.26,55.59574468085106,1,50,50
basketball_push,config_1,8650000,8650000,push-v3,1,0.96,,138.07349459166377,,60.28,41.958333333333336,1,50,50
basketball_push,config_1,8700000,8700000,basketball-v3,0,0.94,,116.8409672646639,,81.88,55.191489361702125,1,50,50
basketball_push,config_1,8700000,8700000,push-v3,1,0.92,,147.5645327962774,,84.5,48.369565217391305,1,50,50
basketball_push,config_1,8750000,8750000,basketball-v3,0,0.96,,117.75006716355784,,72.58,54.770833333333336,1,50,50
basketball_push,config_1,8750000,8750000,push-v3,1,0.96,,159.836013976638,,63.2,45.0,1,50,50
basketball_push,config_1,8800000,8800000,basketball-v3,0,0.96,,118.27543030750464,,72.78,54.97916666666666,1,50,50
basketball_push,config_1,8800000,8800000,push-v3,1,0.94,,150.47681241865496,,78.0,51.06382978723404,1,50,50
basketball_push,config_1,8850000,8850000,basketball-v3,0,0.96,,116.16887522682931,,72.4,54.583333333333336,1,50,50
basketball_push,config_1,8850000,8850000,push-v3,1,0.96,,150.13962218008567,,60.22,41.895833333333336,1,50,50
basketball_push,config_1,8900000,8900000,basketball-v3,0,0.98,,138.8104721157337,,63.6,54.69387755102041,1,50,50
basketball_push,config_1,8900000,8900000,push-v3,1,0.92,,156.20897708390785,,78.68,42.04347826086956,1,50,50
basketball_push,config_1,8950000,8950000,basketball-v3,0,0.96,,115.5126374616378,,71.9,54.0625,1,50,50
basketball_push,config_1,8950000,8950000,push-v3,1,0.96,,147.81159527538145,,58.96,40.583333333333336,1,50,50
basketball_push,config_1,9000000,9000000,basketball-v3,0,0.96,,113.54855062623416,,71.42,53.5625,1,50,50
basketball_push,config_1,9000000,9000000,push-v3,1,0.96,,159.89050259298835,,60.94,42.645833333333336,1,50,50
basketball_push,config_1,9050000,9050000,basketball-v3,0,0.96,,115.28388827639309,,71.92,54.083333333333336,1,50,50
basketball_push,config_1,9050000,9050000,push-v3,1,0.94,,162.47892302324692,,73.8,46.59574468085106,1,50,50
basketball_push,config_1,9100000,9100000,basketball-v3,0,1.0,,114.0539950132614,,53.78,53.78,1,50,50
basketball_push,config_1,9100000,9100000,push-v3,1,1.0,,152.31818847970123,,40.46,40.46,1,50,50
basketball_push,config_1,9150000,9150000,basketball-v3,0,0.98,,114.91927685383358,,62.94,54.02040816326531,1,50,50
basketball_push,config_1,9150000,9150000,push-v3,1,0.96,,142.50966948084815,,57.1,38.645833333333336,1,50,50
basketball_push,config_1,9200000,9200000,basketball-v3,0,1.0,,116.85501578354992,,55.42,55.42,1,50,50
basketball_push,config_1,9200000,9200000,push-v3,1,1.0,,136.0975423794793,,38.44,38.44,1,50,50
basketball_push,config_1,9250000,9250000,basketball-v3,0,0.98,,112.94210823656712,,63.64,54.734693877551024,1,50,50
basketball_push,config_1,9250000,9250000,push-v3,1,0.96,,143.68128633163312,,57.42,38.97916666666666,1,50,50
basketball_push,config_1,9300000,9300000,basketball-v3,0,0.98,,113.14438306415389,,62.6,53.67346938775511,1,50,50
basketball_push,config_1,9300000,9300000,push-v3,1,0.98,,141.4045144719626,,48.2,38.97959183673469,1,50,50
basketball_push,config_1,9350000,9350000,basketball-v3,0,0.98,,129.1990459024098,,70.44,61.67346938775511,1,50,50
basketball_push,config_1,9350000,9350000,push-v3,1,0.96,,148.57552403564918,,57.7,39.270833333333336,1,50,50
basketball_push,config_1,9400000,9400000,basketball-v3,0,0.96,,136.4981795553259,,74.66,56.9375,1,50,50
basketball_push,config_1,9400000,9400000,push-v3,1,0.96,,136.33664382199285,,56.68,38.208333333333336,1,50,50
basketball_push,config_1,9450000,9450000,basketball-v3,0,0.94,,126.8371716547218,,82.56,55.91489361702128,1,50,50
basketball_push,config_1,9450000,9450000,push-v3,1,0.78,,160.1674204893497,,139.74,38.12820512820513,1,50,50
basketball_push,config_1,9500000,9500000,basketball-v3,0,0.94,,129.04832094531827,,82.96,56.340425531914896,1,50,50
basketball_push,config_1,9500000,9500000,push-v3,1,0.84,,159.4727546732014,,112.48,38.66666666666666,1,50,50
basketball_push,config_1,9550000,9550000,basketball-v3,0,0.94,,127.30617918989088,,82.96,56.340425531914896,1,50,50
basketball_push,config_1,9550000,9550000,push-v3,1,0.78,,164.5206754573782,,143.36,42.76923076923077,1,50,50
basketball_push,config_1,9600000,9600000,basketball-v3,0,0.98,,127.93301304511004,,65.0,56.12244897959184,1,50,50
basketball_push,config_1,9600000,9600000,push-v3,1,0.92,,129.23798163557976,,73.56,36.47826086956522,1,50,50
basketball_push,config_1,9650000,9650000,basketball-v3,0,0.96,,113.04383845384484,,72.14,54.3125,1,50,50
basketball_push,config_1,9650000,9650000,push-v3,1,0.9,,138.75245281771262,,83.1,36.77777777777778,1,50,50
basketball_push,config_1,9700000,9700000,basketball-v3,0,0.98,,116.36044389747974,,63.84,54.93877551020408,1,50,50
basketball_push,config_1,9700000,9700000,push-v3,1,1.0,,121.95479545265373,,36.72,36.72,1,50,50
basketball_push,config_1,9750000,9750000,basketball-v3,0,0.98,,115.14840873960748,,63.1,54.18367346938776,1,50,50
basketball_push,config_1,9750000,9750000,push-v3,1,1.0,,124.90230974103382,,36.98,36.98,1,50,50
basketball_push,config_1,9800000,9800000,basketball-v3,0,0.96,,113.11232900782647,,72.2,54.375,1,50,50
basketball_push,config_1,9800000,9800000,push-v3,1,1.0,,129.68504300153373,,37.84,37.84,1,50,50
basketball_push,config_1,9850000,9850000,basketball-v3,0,0.96,,114.0755165514468,,72.4,54.583333333333336,1,50,50
basketball_push,config_1,9850000,9850000,push-v3,1,1.0,,137.59521340759912,,38.56,38.56,1,50,50
basketball_push,config_1,9900000,9900000,basketball-v3,0,0.96,,112.62409786616436,,71.76,53.91666666666666,1,50,50
basketball_push,config_1,9900000,9900000,push-v3,1,1.0,,149.954964178497,,40.1,40.1,1,50,50
basketball_push,config_1,9950000,9950000,basketball-v3,0,0.96,,112.53499508572855,,72.36,54.54166666666666,1,50,50
basketball_push,config_1,9950000,9950000,push-v3,1,1.0,,139.75829926668575,,39.04,39.04,1,50,50
basketball_push,config_1,10000000,10000000,basketball-v3,0,0.94,,110.48260946712918,,80.98,54.234042553191486,1,50,50
basketball_push,config_1,10000000,10000000,push-v3,1,0.98,,135.3281501066852,,47.7,38.46938775510204,1,50,50
basketball_push,config_1,10000000,final,basketball-v3,0,0.96,,131.1740383871715,,72.06,54.22916666666666,1,50,50
basketball_push,config_1,10000000,final,push-v3,1,0.98,,161.13106139718334,,51.0,41.83673469387755,1,50,50
basketball_push,config_2,50000,50000,basketball-v3,0,0.0,,18.417432993233167,,500.0,,1,50,50
basketball_push,config_2,50000,50000,push-v3,1,0.02,,317.08794392512414,,498.38,419.0,1,50,50
basketball_push,config_2,100000,100000,basketball-v3,0,0.0,,50.17970905206533,,500.0,,1,50,50
basketball_push,config_2,100000,100000,push-v3,1,0.06,,201.3555038611553,,487.52,292.0,1,50,50
basketball_push,config_2,150000,150000,basketball-v3,0,0.0,,26.412767481781287,,500.0,,1,50,50
basketball_push,config_2,150000,150000,push-v3,1,0.02,,308.62149594115294,,496.06,303.0,1,50,50
basketball_push,config_2,200000,200000,basketball-v3,0,0.0,,29.85547343430683,,500.0,,1,50,50
basketball_push,config_2,200000,200000,push-v3,1,0.0,,326.2621336445816,,500.0,,1,50,50
basketball_push,config_2,250000,250000,basketball-v3,0,0.0,,30.90785539047144,,500.0,,1,50,50
basketball_push,config_2,250000,250000,push-v3,1,0.0,,212.51417440848545,,500.0,,1,50,50
basketball_push,config_2,300000,300000,basketball-v3,0,0.0,,38.66942128551552,,500.0,,1,50,50
basketball_push,config_2,300000,300000,push-v3,1,0.02,,190.7403377547671,,492.16,108.0,1,50,50
basketball_push,config_2,350000,350000,basketball-v3,0,0.0,,83.90883390315663,,500.0,,1,50,50
basketball_push,config_2,350000,350000,push-v3,1,0.02,,137.7169244069901,,492.04,102.0,1,50,50
basketball_push,config_2,400000,400000,basketball-v3,0,0.0,,51.19867945163205,,500.0,,1,50,50
basketball_push,config_2,400000,400000,push-v3,1,0.02,,177.73738486018436,,491.74,87.0,1,50,50
basketball_push,config_2,450000,450000,basketball-v3,0,0.0,,69.28345411745235,,500.0,,1,50,50
basketball_push,config_2,450000,450000,push-v3,1,0.0,,312.08287934306486,,500.0,,1,50,50
basketball_push,config_2,500000,500000,basketball-v3,0,0.0,,58.5130234649643,,500.0,,1,50,50
basketball_push,config_2,500000,500000,push-v3,1,0.0,,365.4614528698388,,500.0,,1,50,50
basketball_push,config_2,550000,550000,basketball-v3,0,0.0,,53.16332639871884,,500.0,,1,50,50
basketball_push,config_2,550000,550000,push-v3,1,0.0,,317.0515980364684,,500.0,,1,50,50
basketball_push,config_2,600000,600000,basketball-v3,0,0.0,,57.17742443901167,,500.0,,1,50,50
basketball_push,config_2,600000,600000,push-v3,1,0.0,,378.3449990551029,,500.0,,1,50,50
basketball_push,config_2,650000,650000,basketball-v3,0,0.0,,35.34005816182374,,500.0,,1,50,50
basketball_push,config_2,650000,650000,push-v3,1,0.0,,337.0398379913178,,500.0,,1,50,50
basketball_push,config_2,700000,700000,basketball-v3,0,0.0,,41.90823906412064,,500.0,,1,50,50
basketball_push,config_2,700000,700000,push-v3,1,0.0,,506.9914227070289,,500.0,,1,50,50
basketball_push,config_2,750000,750000,basketball-v3,0,0.0,,55.87576981974003,,500.0,,1,50,50
basketball_push,config_2,750000,750000,push-v3,1,0.0,,467.5305436079259,,500.0,,1,50,50
basketball_push,config_2,800000,800000,basketball-v3,0,0.0,,79.48118813760632,,500.0,,1,50,50
basketball_push,config_2,800000,800000,push-v3,1,0.0,,478.64226639803815,,500.0,,1,50,50
basketball_push,config_2,850000,850000,basketball-v3,0,0.0,,126.353605608856,,500.0,,1,50,50
basketball_push,config_2,850000,850000,push-v3,1,0.0,,454.47604871377575,,500.0,,1,50,50
basketball_push,config_2,900000,900000,basketball-v3,0,0.0,,18.04381685859897,,500.0,,1,50,50
basketball_push,config_2,900000,900000,push-v3,1,0.0,,557.9749487864233,,500.0,,1,50,50
basketball_push,config_2,950000,950000,basketball-v3,0,0.0,,16.02156490052238,,500.0,,1,50,50
basketball_push,config_2,950000,950000,push-v3,1,0.0,,543.8280987143518,,500.0,,1,50,50
basketball_push,config_2,1000000,1000000,basketball-v3,0,0.0,,16.067171233132843,,500.0,,1,50,50
basketball_push,config_2,1000000,1000000,push-v3,1,0.02,,706.425549140704,,491.02,51.0,1,50,50
basketball_push,config_2,1050000,1050000,basketball-v3,0,0.0,,17.098968255642397,,500.0,,1,50,50
basketball_push,config_2,1050000,1050000,push-v3,1,0.04,,1008.8387752683795,,482.8,70.0,1,50,50
basketball_push,config_2,1100000,1100000,basketball-v3,0,0.0,,18.349863691363847,,500.0,,1,50,50
basketball_push,config_2,1100000,1100000,push-v3,1,0.08,,974.9136493817778,,463.62,45.25,1,50,50
basketball_push,config_2,1150000,1150000,basketball-v3,0,0.0,,19.84280680407808,,500.0,,1,50,50
basketball_push,config_2,1150000,1150000,push-v3,1,0.12,,1005.6026749224832,,448.26,68.83333333333333,1,50,50
basketball_push,config_2,1200000,1200000,basketball-v3,0,0.0,,20.17635935341098,,500.0,,1,50,50
basketball_push,config_2,1200000,1200000,push-v3,1,0.14,,1201.923270361374,,436.5,46.42857142857143,1,50,50
basketball_push,config_2,1250000,1250000,basketball-v3,0,0.0,,22.35233569010014,,500.0,,1,50,50
basketball_push,config_2,1250000,1250000,push-v3,1,0.14,,1339.4918955272576,,436.5,46.42857142857143,1,50,50
basketball_push,config_2,1300000,1300000,basketball-v3,0,0.0,,21.166192499839564,,500.0,,1,50,50
basketball_push,config_2,1300000,1300000,push-v3,1,0.2,,1536.8735627993758,,410.02,50.1,1,50,50
basketball_push,config_2,1350000,1350000,basketball-v3,0,0.0,,23.672295230697912,,500.0,,1,50,50
basketball_push,config_2,1350000,1350000,push-v3,1,0.28,,1449.0957763831386,,374.22,50.785714285714285,1,50,50
basketball_push,config_2,1400000,1400000,basketball-v3,0,0.0,,24.285139925444277,,500.0,,1,50,50
basketball_push,config_2,1400000,1400000,push-v3,1,0.4,,1108.6463037582198,,324.46,61.15,1,50,50
basketball_push,config_2,1450000,1450000,basketball-v3,0,0.0,,26.317645282736745,,500.0,,1,50,50
basketball_push,config_2,1450000,1450000,push-v3,1,0.36,,1103.0751980747002,,338.64,51.77777777777778,1,50,50
basketball_push,config_2,1500000,1500000,basketball-v3,0,0.0,,27.81872235998336,,500.0,,1,50,50
basketball_push,config_2,1500000,1500000,push-v3,1,0.36,,1020.0445819103868,,337.4,48.333333333333336,1,50,50
basketball_push,config_2,1550000,1550000,basketball-v3,0,0.0,,25.314580017814187,,500.0,,1,50,50
basketball_push,config_2,1550000,1550000,push-v3,1,0.4,,888.1231312115003,,321.18,52.95,1,50,50
basketball_push,config_2,1600000,1600000,basketball-v3,0,0.0,,27.369970083555973,,500.0,,1,50,50
basketball_push,config_2,1600000,1600000,push-v3,1,0.4,,831.283142052249,,334.68,86.7,1,50,50
basketball_push,config_2,1650000,1650000,basketball-v3,0,0.0,,25.74707669221432,,500.0,,1,50,50
basketball_push,config_2,1650000,1650000,push-v3,1,0.42,,882.9817955291952,,310.48,48.76190476190476,1,50,50
basketball_push,config_2,1700000,1700000,basketball-v3,0,0.0,,40.50203722925703,,500.0,,1,50,50
basketball_push,config_2,1700000,1700000,push-v3,1,0.34,,1271.7493151944443,,346.3,47.94117647058823,1,50,50
basketball_push,config_2,1750000,1750000,basketball-v3,0,0.0,,37.15831517349574,,500.0,,1,50,50
basketball_push,config_2,1750000,1750000,push-v3,1,0.34,,1233.3470312610746,,354.82,73.0,1,50,50
basketball_push,config_2,1800000,1800000,basketball-v3,0,0.0,,30.215073536046017,,500.0,,1,50,50
basketball_push,config_2,1800000,1800000,push-v3,1,0.42,,1081.0370691392004,,311.36,50.85714285714285,1,50,50
basketball_push,config_2,1850000,1850000,basketball-v3,0,0.0,,30.620911782386106,,500.0,,1,50,50
basketball_push,config_2,1850000,1850000,push-v3,1,0.54,,1586.516920818122,,293.96,118.44444444444444,1,50,50
basketball_push,config_2,1900000,1900000,basketball-v3,0,0.0,,31.05359022212572,,500.0,,1,50,50
basketball_push,config_2,1900000,1900000,push-v3,1,0.46,,1342.0904452509112,,292.14,48.130434782608695,1,50,50
basketball_push,config_2,1950000,1950000,basketball-v3,0,0.0,,36.84386025015818,,500.0,,1,50,50
basketball_push,config_2,1950000,1950000,push-v3,1,0.54,,952.9164161206706,,256.36,48.81481481481482,1,50,50
basketball_push,config_2,2000000,2000000,basketball-v3,0,0.0,,39.98495008376359,,500.0,,1,50,50
basketball_push,config_2,2000000,2000000,push-v3,1,0.48,,1102.738575546481,,285.7,53.54166666666666,1,50,50
basketball_push,config_2,2050000,2050000,basketball-v3,0,0.0,,38.08188823876206,,500.0,,1,50,50
basketball_push,config_2,2050000,2050000,push-v3,1,0.44,,1328.3277436406474,,300.28,46.09090909090909,1,50,50
basketball_push,config_2,2100000,2100000,basketball-v3,0,0.0,,35.34386313284309,,500.0,,1,50,50
basketball_push,config_2,2100000,2100000,push-v3,1,0.46,,1170.3767182462418,,299.0,63.04347826086956,1,50,50
basketball_push,config_2,2150000,2150000,basketball-v3,0,0.0,,30.40879387691005,,500.0,,1,50,50
basketball_push,config_2,2150000,2150000,push-v3,1,0.34,,1777.7152719834194,,346.8,49.41176470588236,1,50,50
basketball_push,config_2,2200000,2200000,basketball-v3,0,0.0,,31.289081300404955,,500.0,,1,50,50
basketball_push,config_2,2200000,2200000,push-v3,1,0.34,,2076.4162329011288,,362.6,95.88235294117646,1,50,50
basketball_push,config_2,2250000,2250000,basketball-v3,0,0.0,,36.09530807691704,,500.0,,1,50,50
basketball_push,config_2,2250000,2250000,push-v3,1,0.4,,2024.078546880683,,322.14,55.35,1,50,50
basketball_push,config_2,2300000,2300000,basketball-v3,0,0.0,,31.78637073701725,,500.0,,1,50,50
basketball_push,config_2,2300000,2300000,push-v3,1,0.36,,2215.30081030566,,343.62,65.61111111111111,1,50,50
basketball_push,config_2,2350000,2350000,basketball-v3,0,0.0,,30.42220971108622,,500.0,,1,50,50
basketball_push,config_2,2350000,2350000,push-v3,1,0.4,,2097.7391566518795,,318.7,46.75,1,50,50
basketball_push,config_2,2400000,2400000,basketball-v3,0,0.0,,37.0541942240834,,500.0,,1,50,50
basketball_push,config_2,2400000,2400000,push-v3,1,0.46,,1931.6765261981725,,299.5,64.1304347826087,1,50,50
basketball_push,config_2,2450000,2450000,basketball-v3,0,0.0,,34.08373343470804,,500.0,,1,50,50
basketball_push,config_2,2450000,2450000,push-v3,1,0.42,,1978.4486811619004,,311.7,51.66666666666666,1,50,50
basketball_push,config_2,2500000,2500000,basketball-v3,0,0.0,,38.62260605762306,,500.0,,1,50,50
basketball_push,config_2,2500000,2500000,push-v3,1,0.38,,2143.575436969015,,330.06,52.78947368421053,1,50,50
basketball_push,config_2,2550000,2550000,basketball-v3,0,0.0,,31.857996454426008,,500.0,,1,50,50
basketball_push,config_2,2550000,2550000,push-v3,1,0.38,,2202.2119752486337,,328.76,49.36842105263158,1,50,50
basketball_push,config_2,2600000,2600000,basketball-v3,0,0.0,,32.69950641890262,,500.0,,1,50,50
basketball_push,config_2,2600000,2600000,push-v3,1,0.4,,2160.051803528165,,319.36,48.4,1,50,50
basketball_push,config_2,2650000,2650000,basketball-v3,0,0.0,,31.037378012681497,,500.0,,1,50,50
basketball_push,config_2,2650000,2650000,push-v3,1,0.5,,1824.769234804803,,276.72,53.44,1,50,50
basketball_push,config_2,2700000,2700000,basketball-v3,0,0.0,,32.28166898335876,,500.0,,1,50,50
basketball_push,config_2,2700000,2700000,push-v3,1,0.5,,1791.9835412616603,,271.96,43.92,1,50,50
basketball_push,config_2,2750000,2750000,basketball-v3,0,0.0,,33.646828173019415,,500.0,,1,50,50
basketball_push,config_2,2750000,2750000,push-v3,1,0.46,,1886.135819957385,,288.9,41.08695652173913,1,50,50
basketball_push,config_2,2800000,2800000,basketball-v3,0,0.0,,32.30567728358366,,500.0,,1,50,50
basketball_push,config_2,2800000,2800000,push-v3,1,0.46,,2044.321703557531,,302.66,71.0,1,50,50
basketball_push,config_2,2850000,2850000,basketball-v3,0,0.0,,32.752419095008655,,500.0,,1,50,50
basketball_push,config_2,2850000,2850000,push-v3,1,0.5,,1915.8039715361665,,279.9,59.8,1,50,50
basketball_push,config_2,2900000,2900000,basketball-v3,0,0.0,,34.09622934522553,,500.0,,1,50,50
basketball_push,config_2,2900000,2900000,push-v3,1,0.64,,1558.8141437021511,,226.62,72.84375,1,50,50
basketball_push,config_2,2950000,2950000,basketball-v3,0,0.0,,35.04071355714825,,500.0,,1,50,50
basketball_push,config_2,2950000,2950000,push-v3,1,0.6,,1647.8120285067694,,236.54,60.9,1,50,50
basketball_push,config_2,3000000,3000000,basketball-v3,0,0.0,,34.12741574975729,,500.0,,1,50,50
basketball_push,config_2,3000000,3000000,push-v3,1,0.52,,1862.1132289099723,,264.28,46.69230769230769,1,50,50
basketball_push,config_2,3050000,3050000,basketball-v3,0,0.0,,32.91309604639581,,500.0,,1,50,50
basketball_push,config_2,3050000,3050000,push-v3,1,0.52,,1938.7753145511183,,270.62,58.88461538461539,1,50,50
basketball_push,config_2,3100000,3100000,basketball-v3,0,0.0,,34.705133744043295,,500.0,,1,50,50
basketball_push,config_2,3100000,3100000,push-v3,1,0.48,,2088.355909982412,,291.88,66.41666666666667,1,50,50
basketball_push,config_2,3150000,3150000,basketball-v3,0,0.0,,29.722969580924367,,500.0,,1,50,50
basketball_push,config_2,3150000,3150000,push-v3,1,0.56,,1718.4102695223523,,248.82,51.46428571428572,1,50,50
basketball_push,config_2,3200000,3200000,basketball-v3,0,0.0,,32.412101844833124,,500.0,,1,50,50
basketball_push,config_2,3200000,3200000,push-v3,1,0.66,,1422.2469399482238,,203.82,51.24242424242424,1,50,50
basketball_push,config_2,3250000,3250000,basketball-v3,0,0.0,,32.66220349481524,,500.0,,1,50,50
basketball_push,config_2,3250000,3250000,push-v3,1,0.7,,1328.6520250186973,,192.54,60.77142857142857,1,50,50
basketball_push,config_2,3300000,3300000,basketball-v3,0,0.0,,31.303012078783336,,500.0,,1,50,50
basketball_push,config_2,3300000,3300000,push-v3,1,0.74,,1204.651363291218,,174.4,60.0,1,50,50
basketball_push,config_2,3350000,3350000,basketball-v3,0,0.0,,32.018142048378735,,500.0,,1,50,50
basketball_push,config_2,3350000,3350000,push-v3,1,0.6,,1646.4721164785258,,232.5,54.16666666666666,1,50,50
basketball_push,config_2,3400000,3400000,basketball-v3,0,0.0,,25.77332683296876,,500.0,,1,50,50
basketball_push,config_2,3400000,3400000,push-v3,1,0.66,,1514.289470917864,,217.94,72.63636363636364,1,50,50
basketball_push,config_2,3450000,3450000,basketball-v3,0,0.0,,22.34784585680079,,500.0,,1,50,50
basketball_push,config_2,3450000,3450000,push-v3,1,0.7,,1382.9578112943934,,198.24,68.91428571428571,1,50,50
basketball_push,config_2,3500000,3500000,basketball-v3,0,0.0,,26.708458231309127,,500.0,,1,50,50
basketball_push,config_2,3500000,3500000,push-v3,1,0.66,,1442.042752429555,,206.64,55.51515151515152,1,50,50
basketball_push,config_2,3550000,3550000,basketball-v3,0,0.0,,26.39071254461339,,500.0,,1,50,50
basketball_push,config_2,3550000,3550000,push-v3,1,0.64,,1534.43509673748,,219.7,62.03125,1,50,50
basketball_push,config_2,3600000,3600000,basketball-v3,0,0.0,,24.630366695826638,,500.0,,1,50,50
basketball_push,config_2,3600000,3600000,push-v3,1,0.62,,1577.0779628293512,,226.74,59.25806451612903,1,50,50
basketball_push,config_2,3650000,3650000,basketball-v3,0,0.0,,25.08665274148329,,500.0,,1,50,50
basketball_push,config_2,3650000,3650000,push-v3,1,0.7,,1326.1019599856015,,195.28,64.68571428571428,1,50,50
basketball_push,config_2,3700000,3700000,basketball-v3,0,0.0,,27.52327681458665,,500.0,,1,50,50
basketball_push,config_2,3700000,3700000,push-v3,1,0.76,,1321.2080354782097,,190.76,93.10526315789474,1,50,50
basketball_push,config_2,3750000,3750000,basketball-v3,0,0.0,,25.578199664422083,,500.0,,1,50,50
basketball_push,config_2,3750000,3750000,push-v3,1,0.74,,1336.2636531234364,,191.78,83.48648648648648,1,50,50
basketball_push,config_2,3800000,3800000,basketball-v3,0,0.0,,26.873072601516096,,500.0,,1,50,50
basketball_push,config_2,3800000,3800000,push-v3,1,0.58,,1582.346131671212,,240.94,53.3448275862069,1,50,50
basketball_push,config_2,3850000,3850000,basketball-v3,0,0.0,,27.241236061081576,,500.0,,1,50,50
basketball_push,config_2,3850000,3850000,push-v3,1,0.6,,1549.152519260594,,227.36,45.6,1,50,50
basketball_push,config_2,3900000,3900000,basketball-v3,0,0.0,,26.081164847800864,,500.0,,1,50,50
basketball_push,config_2,3900000,3900000,push-v3,1,0.62,,1544.2631574215677,,223.32,53.74193548387097,1,50,50
basketball_push,config_2,3950000,3950000,basketball-v3,0,0.0,,26.032310917436853,,500.0,,1,50,50
basketball_push,config_2,3950000,3950000,push-v3,1,0.62,,1566.311618002924,,225.1,56.61290322580645,1,50,50
basketball_push,config_2,4000000,4000000,basketball-v3,0,0.0,,26.38652463238496,,500.0,,1,50,50
basketball_push,config_2,4000000,4000000,push-v3,1,0.76,,1104.6771482931208,,162.8,56.31578947368421,1,50,50
basketball_push,config_2,4050000,4050000,basketball-v3,0,0.0,,25.157215537212437,,500.0,,1,50,50
basketball_push,config_2,4050000,4050000,push-v3,1,0.88,,738.8113765793919,,117.54,65.38636363636364,1,50,50
basketball_push,config_2,4100000,4100000,basketball-v3,0,0.0,,27.052103843320197,,500.0,,1,50,50
basketball_push,config_2,4100000,4100000,push-v3,1,0.68,,1255.4901670747909,,192.8,48.23529411764706,1,50,50
basketball_push,config_2,4150000,4150000,basketball-v3,0,0.0,,94.6018802453962,,500.0,,1,50,50
basketball_push,config_2,4150000,4150000,push-v3,1,0.8,,957.5675774131494,,147.08,58.85,1,50,50
basketball_push,config_2,4200000,4200000,basketball-v3,0,0.0,,117.22077091385071,,500.0,,1,50,50
basketball_push,config_2,4200000,4200000,push-v3,1,0.68,,1278.6819645959902,,191.28,46.0,1,50,50
basketball_push,config_2,4250000,4250000,basketball-v3,0,0.0,,149.72046953662525,,500.0,,1,50,50
basketball_push,config_2,4250000,4250000,push-v3,1,0.76,,1122.538072921552,,177.88,76.15789473684211,1,50,50
basketball_push,config_2,4300000,4300000,basketball-v3,0,0.0,,155.59153938207146,,500.0,,1,50,50
basketball_push,config_2,4300000,4300000,push-v3,1,0.76,,1059.0595258928236,,161.86,55.078947368421055,1,50,50
basketball_push,config_2,4350000,4350000,basketball-v3,0,0.0,,217.9290813091959,,500.0,,1,50,50
basketball_push,config_2,4350000,4350000,push-v3,1,0.78,,1040.6096691835598,,167.48,73.6923076923077,1,50,50
basketball_push,config_2,4400000,4400000,basketball-v3,0,0.0,,221.8203968486077,,500.0,,1,50,50
basketball_push,config_2,4400000,4400000,push-v3,1,0.84,,608.5525183608947,,130.82,60.5,1,50,50
basketball_push,config_2,4450000,4450000,basketball-v3,0,0.0,,214.45506741838452,,500.0,,1,50,50
basketball_push,config_2,4450000,4450000,push-v3,1,0.82,,634.8676866405461,,141.24,62.48780487804878,1,50,50
basketball_push,config_2,4500000,4500000,basketball-v3,0,0.0,,204.1863378299868,,500.0,,1,50,50
basketball_push,config_2,4500000,4500000,push-v3,1,0.82,,735.0685213200101,,146.6,69.02439024390245,1,50,50
basketball_push,config_2,4550000,4550000,basketball-v3,0,0.0,,177.03500679541597,,500.0,,1,50,50
basketball_push,config_2,4550000,4550000,push-v3,1,0.92,,552.3289383994503,,91.94,56.45652173913044,1,50,50
basketball_push,config_2,4600000,4600000,basketball-v3,0,0.0,,216.2273374877919,,500.0,,1,50,50
basketball_push,config_2,4600000,4600000,push-v3,1,0.92,,491.4358092092608,,85.2,49.130434782608695,1,50,50
basketball_push,config_2,4650000,4650000,basketball-v3,0,0.0,,220.818232094158,,500.0,,1,50,50
basketball_push,config_2,4650000,4650000,push-v3,1,0.96,,335.3691864058845,,63.74,45.5625,1,50,50
basketball_push,config_2,4700000,4700000,basketball-v3,0,0.0,,161.414422726098,,500.0,,1,50,50
basketball_push,config_2,4700000,4700000,push-v3,1,1.0,,186.4565136558316,,44.58,44.58,1,50,50
basketball_push,config_2,4750000,4750000,basketball-v3,0,0.0,,173.07570451891883,,500.0,,1,50,50
basketball_push,config_2,4750000,4750000,push-v3,1,1.0,,198.77149670321745,,45.86,45.86,1,50,50
basketball_push,config_2,4800000,4800000,basketball-v3,0,0.0,,203.96904072687707,,500.0,,1,50,50
basketball_push,config_2,4800000,4800000,push-v3,1,0.98,,249.91894964164217,,52.46,43.326530612244895,1,50,50
basketball_push,config_2,4850000,4850000,basketball-v3,0,0.0,,180.83632541912743,,500.0,,1,50,50
basketball_push,config_2,4850000,4850000,push-v3,1,1.0,,234.32902891026453,,49.96,49.96,1,50,50
basketball_push,config_2,4900000,4900000,basketball-v3,0,0.0,,219.30267940240228,,500.0,,1,50,50
basketball_push,config_2,4900000,4900000,push-v3,1,1.0,,229.8873393962457,,49.84,49.84,1,50,50
basketball_push,config_2,4950000,4950000,basketball-v3,0,0.0,,163.53607903180242,,500.0,,1,50,50
basketball_push,config_2,4950000,4950000,push-v3,1,1.0,,228.585803966907,,49.6,49.6,1,50,50
basketball_push,config_2,5000000,5000000,basketball-v3,0,0.0,,184.9693664106704,,500.0,,1,50,50
basketball_push,config_2,5000000,5000000,push-v3,1,1.0,,202.3772246230588,,46.24,46.24,1,50,50
basketball_push,config_2,5050000,5050000,basketball-v3,0,0.0,,187.8067569628793,,500.0,,1,50,50
basketball_push,config_2,5050000,5050000,push-v3,1,0.92,,184.7346493067298,,81.1,44.67391304347826,1,50,50
basketball_push,config_2,5100000,5100000,basketball-v3,0,0.0,,185.1214938958764,,500.0,,1,50,50
basketball_push,config_2,5100000,5100000,push-v3,1,0.86,,381.7189108249682,,109.3,45.69767441860465,1,50,50
basketball_push,config_2,5150000,5150000,basketball-v3,0,0.0,,237.25318185503968,,500.0,,1,50,50
basketball_push,config_2,5150000,5150000,push-v3,1,0.82,,373.6469703567565,,127.0,45.1219512195122,1,50,50
basketball_push,config_2,5200000,5200000,basketball-v3,0,0.0,,225.4718033298789,,500.0,,1,50,50
basketball_push,config_2,5200000,5200000,push-v3,1,0.92,,156.66174394104556,,78.24,41.56521739130435,1,50,50
basketball_push,config_2,5250000,5250000,basketball-v3,0,0.0,,234.0606501126281,,500.0,,1,50,50
basketball_push,config_2,5250000,5250000,push-v3,1,0.8,,290.3292301934469,,133.72,42.15,1,50,50
basketball_push,config_2,5300000,5300000,basketball-v3,0,0.0,,309.7376146527654,,500.0,,1,50,50
basketball_push,config_2,5300000,5300000,push-v3,1,0.8,,342.1158873255005,,132.54,40.675,1,50,50
basketball_push,config_2,5350000,5350000,basketball-v3,0,0.0,,260.45936098359954,,500.0,,1,50,50
basketball_push,config_2,5350000,5350000,push-v3,1,0.72,,346.4289365762345,,168.46,39.52777777777778,1,50,50
basketball_push,config_2,5400000,5400000,basketball-v3,0,0.0,,270.79355175913554,,500.0,,1,50,50
basketball_push,config_2,5400000,5400000,push-v3,1,0.78,,295.7533148188144,,142.9,42.17948717948718,1,50,50
basketball_push,config_2,5450000,5450000,basketball-v3,0,0.0,,245.48199137738573,,500.0,,1,50,50
basketball_push,config_2,5450000,5450000,push-v3,1,0.7,,293.37033010696814,,188.42,54.885714285714286,1,50,50
basketball_push,config_2,5500000,5500000,basketball-v3,0,0.0,,268.3300477419011,,500.0,,1,50,50
basketball_push,config_2,5500000,5500000,push-v3,1,0.96,,188.8849459507158,,63.4,45.208333333333336,1,50,50
basketball_push,config_2,5550000,5550000,basketball-v3,0,0.0,,293.58396960589414,,500.0,,1,50,50
basketball_push,config_2,5550000,5550000,push-v3,1,0.94,,234.08725358222455,,69.02,41.51063829787234,1,50,50
basketball_push,config_2,5600000,5600000,basketball-v3,0,0.0,,252.49623279462008,,500.0,,1,50,50
basketball_push,config_2,5600000,5600000,push-v3,1,0.98,,175.81698566860683,,51.28,42.12244897959184,1,50,50
basketball_push,config_2,5650000,5650000,basketball-v3,0,0.0,,278.2419311890193,,500.0,,1,50,50
basketball_push,config_2,5650000,5650000,push-v3,1,0.96,,240.36983610859332,,59.7,41.35416666666666,1,50,50
basketball_push,config_2,5700000,5700000,basketball-v3,0,0.0,,342.0495362692579,,500.0,,1,50,50
basketball_push,config_2,5700000,5700000,push-v3,1,0.98,,163.898982736428,,50.52,41.3469387755102,1,50,50
basketball_push,config_2,5750000,5750000,basketball-v3,0,0.0,,346.4751265550056,,500.0,,1,50,50
basketball_push,config_2,5750000,5750000,push-v3,1,0.98,,229.09843093824117,,51.66,42.51020408163265,1,50,50
basketball_push,config_2,5800000,5800000,basketball-v3,0,0.0,,364.5115521921083,,500.0,,1,50,50
basketball_push,config_2,5800000,5800000,push-v3,1,0.98,,227.2478727640004,,50.2,41.02040816326531,1,50,50
basketball_push,config_2,5850000,5850000,basketball-v3,0,0.0,,391.23255468278177,,500.0,,1,50,50
basketball_push,config_2,5850000,5850000,push-v3,1,1.0,,157.38456652727928,,40.76,40.76,1,50,50
basketball_push,config_2,5900000,5900000,basketball-v3,0,0.0,,350.77234821921024,,500.0,,1,50,50
basketball_push,config_2,5900000,5900000,push-v3,1,1.0,,150.32031426146133,,40.0,40.0,1,50,50
basketball_push,config_2,5950000,5950000,basketball-v3,0,0.0,,365.6964359961489,,500.0,,1,50,50
basketball_push,config_2,5950000,5950000,push-v3,1,0.98,,145.84548306402212,,48.68,39.46938775510204,1,50,50
basketball_push,config_2,6000000,6000000,basketball-v3,0,0.0,,384.6106842706031,,500.0,,1,50,50
basketball_push,config_2,6000000,6000000,push-v3,1,1.0,,161.42271451725355,,41.02,41.02,1,50,50
basketball_push,config_2,6050000,6050000,basketball-v3,0,0.0,,363.568096373302,,500.0,,1,50,50
basketball_push,config_2,6050000,6050000,push-v3,1,1.0,,173.5635498918782,,42.68,42.68,1,50,50
basketball_push,config_2,6100000,6100000,basketball-v3,0,0.0,,371.6184078336029,,500.0,,1,50,50
basketball_push,config_2,6100000,6100000,push-v3,1,1.0,,173.08908870825243,,42.54,42.54,1,50,50
basketball_push,config_2,6150000,6150000,basketball-v3,0,0.0,,356.5746938253391,,500.0,,1,50,50
basketball_push,config_2,6150000,6150000,push-v3,1,1.0,,175.4523198679923,,43.66,43.66,1,50,50
basketball_push,config_2,6200000,6200000,basketball-v3,0,0.0,,362.7285588883808,,500.0,,1,50,50
basketball_push,config_2,6200000,6200000,push-v3,1,1.0,,180.2401010181862,,43.86,43.86,1,50,50
basketball_push,config_2,6250000,6250000,basketball-v3,0,0.0,,391.3347609457793,,500.0,,1,50,50
basketball_push,config_2,6250000,6250000,push-v3,1,1.0,,165.29811646552457,,41.54,41.54,1,50,50
basketball_push,config_2,6300000,6300000,basketball-v3,0,0.0,,394.6917702586544,,500.0,,1,50,50
basketball_push,config_2,6300000,6300000,push-v3,1,1.0,,182.089230371285,,43.6,43.6,1,50,50
basketball_push,config_2,6350000,6350000,basketball-v3,0,0.0,,395.3359205801249,,500.0,,1,50,50
basketball_push,config_2,6350000,6350000,push-v3,1,1.0,,177.5015334848818,,43.28,43.28,1,50,50
basketball_push,config_2,6400000,6400000,basketball-v3,0,0.0,,406.79762090147625,,500.0,,1,50,50
basketball_push,config_2,6400000,6400000,push-v3,1,1.0,,208.08280183332212,,47.08,47.08,1,50,50
basketball_push,config_2,6450000,6450000,basketball-v3,0,0.0,,417.0473152822826,,500.0,,1,50,50
basketball_push,config_2,6450000,6450000,push-v3,1,1.0,,165.47865170866658,,41.74,41.74,1,50,50
basketball_push,config_2,6500000,6500000,basketball-v3,0,0.0,,459.607527583308,,500.0,,1,50,50
basketball_push,config_2,6500000,6500000,push-v3,1,1.0,,162.45583663518002,,41.56,41.56,1,50,50
basketball_push,config_2,6550000,6550000,basketball-v3,0,0.0,,487.3224640512375,,500.0,,1,50,50
basketball_push,config_2,6550000,6550000,push-v3,1,0.98,,226.6399878055396,,50.18,41.0,1,50,50
basketball_push,config_2,6600000,6600000,basketball-v3,0,0.0,,492.5292104016205,,500.0,,1,50,50
basketball_push,config_2,6600000,6600000,push-v3,1,1.0,,166.8490744550893,,42.46,42.46,1,50,50
basketball_push,config_2,6650000,6650000,basketball-v3,0,0.0,,558.3816471911441,,500.0,,1,50,50
basketball_push,config_2,6650000,6650000,push-v3,1,0.98,,233.8671243912539,,51.32,42.16326530612245,1,50,50
basketball_push,config_2,6700000,6700000,basketball-v3,0,0.0,,504.7817961626836,,500.0,,1,50,50
basketball_push,config_2,6700000,6700000,push-v3,1,1.0,,166.61516327202276,,41.86,41.86,1,50,50
basketball_push,config_2,6750000,6750000,basketball-v3,0,0.0,,553.500046163952,,500.0,,1,50,50
basketball_push,config_2,6750000,6750000,push-v3,1,1.0,,163.0153331343116,,41.48,41.48,1,50,50
basketball_push,config_2,6800000,6800000,basketball-v3,0,0.0,,555.2176183236265,,500.0,,1,50,50
basketball_push,config_2,6800000,6800000,push-v3,1,0.98,,232.87477485311825,,50.56,41.38775510204081,1,50,50
basketball_push,config_2,6850000,6850000,basketball-v3,0,0.0,,467.9870312678602,,500.0,,1,50,50
basketball_push,config_2,6850000,6850000,push-v3,1,1.0,,178.02900202895967,,43.3,43.3,1,50,50
basketball_push,config_2,6900000,6900000,basketball-v3,0,0.0,,475.2969894238885,,500.0,,1,50,50
basketball_push,config_2,6900000,6900000,push-v3,1,0.94,,156.97261579416764,,68.9,41.38297872340426,1,50,50
basketball_push,config_2,6950000,6950000,basketball-v3,0,0.0,,505.4116170243272,,500.0,,1,50,50
basketball_push,config_2,6950000,6950000,push-v3,1,1.0,,169.46582543837994,,42.12,42.12,1,50,50
basketball_push,config_2,7000000,7000000,basketball-v3,0,0.0,,587.3258464091394,,500.0,,1,50,50
basketball_push,config_2,7000000,7000000,push-v3,1,1.0,,188.3959606443126,,44.46,44.46,1,50,50
basketball_push,config_2,7050000,7050000,basketball-v3,0,0.0,,628.1812379622038,,500.0,,1,50,50
basketball_push,config_2,7050000,7050000,push-v3,1,1.0,,160.2964725569626,,41.26,41.26,1,50,50
basketball_push,config_2,7100000,7100000,basketball-v3,0,0.0,,669.6257894415725,,500.0,,1,50,50
basketball_push,config_2,7100000,7100000,push-v3,1,1.0,,165.35252277492228,,41.64,41.64,1,50,50
basketball_push,config_2,7150000,7150000,basketball-v3,0,0.0,,687.6167187081297,,500.0,,1,50,50
basketball_push,config_2,7150000,7150000,push-v3,1,1.0,,170.16032811054757,,42.36,42.36,1,50,50
basketball_push,config_2,7200000,7200000,basketball-v3,0,0.0,,641.0443536557293,,500.0,,1,50,50
basketball_push,config_2,7200000,7200000,push-v3,1,1.0,,167.1151984404654,,41.8,41.8,1,50,50
basketball_push,config_2,7250000,7250000,basketball-v3,0,0.0,,656.1648989879754,,500.0,,1,50,50
basketball_push,config_2,7250000,7250000,push-v3,1,1.0,,169.8061316711332,,42.26,42.26,1,50,50
basketball_push,config_2,7300000,7300000,basketball-v3,0,0.0,,652.5758911309053,,500.0,,1,50,50
basketball_push,config_2,7300000,7300000,push-v3,1,1.0,,163.2041743963836,,41.18,41.18,1,50,50
basketball_push,config_2,7350000,7350000,basketball-v3,0,0.0,,669.3651251573324,,500.0,,1,50,50
basketball_push,config_2,7350000,7350000,push-v3,1,1.0,,169.78663234649127,,42.08,42.08,1,50,50
basketball_push,config_2,7400000,7400000,basketball-v3,0,0.0,,710.1620381803285,,500.0,,1,50,50
basketball_push,config_2,7400000,7400000,push-v3,1,1.0,,169.68719561641555,,42.12,42.12,1,50,50
basketball_push,config_2,7450000,7450000,basketball-v3,0,0.0,,664.9086562396519,,500.0,,1,50,50
basketball_push,config_2,7450000,7450000,push-v3,1,1.0,,155.59248359336627,,40.76,40.76,1,50,50
basketball_push,config_2,7500000,7500000,basketball-v3,0,0.0,,643.2648899094067,,500.0,,1,50,50
basketball_push,config_2,7500000,7500000,push-v3,1,1.0,,177.650440175261,,43.24,43.24,1,50,50
basketball_push,config_2,7550000,7550000,basketball-v3,0,0.0,,699.0200132637153,,500.0,,1,50,50
basketball_push,config_2,7550000,7550000,push-v3,1,1.0,,150.28514707154105,,40.2,40.2,1,50,50
basketball_push,config_2,7600000,7600000,basketball-v3,0,0.0,,657.5977948021249,,500.0,,1,50,50
basketball_push,config_2,7600000,7600000,push-v3,1,1.0,,149.26039613370108,,39.92,39.92,1,50,50
basketball_push,config_2,7650000,7650000,basketball-v3,0,0.0,,714.1783196333013,,500.0,,1,50,50
basketball_push,config_2,7650000,7650000,push-v3,1,1.0,,159.6267335762015,,40.72,40.72,1,50,50
basketball_push,config_2,7700000,7700000,basketball-v3,0,0.0,,633.2712417730746,,500.0,,1,50,50
basketball_push,config_2,7700000,7700000,push-v3,1,1.0,,161.1584748679491,,41.08,41.08,1,50,50
basketball_push,config_2,7750000,7750000,basketball-v3,0,0.0,,718.3857472218687,,500.0,,1,50,50
basketball_push,config_2,7750000,7750000,push-v3,1,1.0,,156.22676804748806,,40.2,40.2,1,50,50
basketball_push,config_2,7800000,7800000,basketball-v3,0,0.0,,774.428343093148,,500.0,,1,50,50
basketball_push,config_2,7800000,7800000,push-v3,1,1.0,,160.25337536764064,,40.82,40.82,1,50,50
basketball_push,config_2,7850000,7850000,basketball-v3,0,0.0,,713.4482911889618,,500.0,,1,50,50
basketball_push,config_2,7850000,7850000,push-v3,1,1.0,,159.87334767680704,,40.66,40.66,1,50,50
basketball_push,config_2,7900000,7900000,basketball-v3,0,0.0,,739.3709265974103,,500.0,,1,50,50
basketball_push,config_2,7900000,7900000,push-v3,1,1.0,,155.50228947546168,,39.98,39.98,1,50,50
basketball_push,config_2,7950000,7950000,basketball-v3,0,0.0,,753.7705107226788,,500.0,,1,50,50
basketball_push,config_2,7950000,7950000,push-v3,1,1.0,,156.30601441539437,,40.08,40.08,1,50,50
basketball_push,config_2,8000000,8000000,basketball-v3,0,0.0,,740.5035616139304,,500.0,,1,50,50
basketball_push,config_2,8000000,8000000,push-v3,1,1.0,,159.73031909289514,,40.64,40.64,1,50,50
basketball_push,config_2,8050000,8050000,basketball-v3,0,0.0,,730.6901963350913,,500.0,,1,50,50
basketball_push,config_2,8050000,8050000,push-v3,1,1.0,,160.86776808682407,,40.64,40.64,1,50,50
basketball_push,config_2,8100000,8100000,basketball-v3,0,0.0,,755.7381861745016,,500.0,,1,50,50
basketball_push,config_2,8100000,8100000,push-v3,1,1.0,,160.16480386189554,,40.42,40.42,1,50,50
basketball_push,config_2,8150000,8150000,basketball-v3,0,0.0,,765.7686649605811,,500.0,,1,50,50
basketball_push,config_2,8150000,8150000,push-v3,1,1.0,,163.8373424170877,,41.02,41.02,1,50,50
basketball_push,config_2,8200000,8200000,basketball-v3,0,0.0,,766.2224655913961,,500.0,,1,50,50
basketball_push,config_2,8200000,8200000,push-v3,1,1.0,,164.58031000419552,,41.06,41.06,1,50,50
basketball_push,config_2,8250000,8250000,basketball-v3,0,0.0,,809.2493760325052,,500.0,,1,50,50
basketball_push,config_2,8250000,8250000,push-v3,1,1.0,,162.85576108758556,,40.76,40.76,1,50,50
basketball_push,config_2,8300000,8300000,basketball-v3,0,0.0,,824.8555079946597,,500.0,,1,50,50
basketball_push,config_2,8300000,8300000,push-v3,1,1.0,,166.46761168329297,,41.02,41.02,1,50,50
basketball_push,config_2,8350000,8350000,basketball-v3,0,0.0,,810.3807791254521,,500.0,,1,50,50
basketball_push,config_2,8350000,8350000,push-v3,1,1.0,,164.23790741349185,,40.94,40.94,1,50,50
basketball_push,config_2,8400000,8400000,basketball-v3,0,0.0,,754.4381967839083,,500.0,,1,50,50
basketball_push,config_2,8400000,8400000,push-v3,1,1.0,,168.29079222050694,,41.46,41.46,1,50,50
basketball_push,config_2,8450000,8450000,basketball-v3,0,0.0,,812.5916007892152,,500.0,,1,50,50
basketball_push,config_2,8450000,8450000,push-v3,1,1.0,,163.61555958461813,,40.98,40.98,1,50,50
basketball_push,config_2,8500000,8500000,basketball-v3,0,0.0,,783.6553981052544,,500.0,,1,50,50
basketball_push,config_2,8500000,8500000,push-v3,1,1.0,,156.41852478958555,,40.52,40.52,1,50,50
basketball_push,config_2,8550000,8550000,basketball-v3,0,0.0,,797.4553531753149,,500.0,,1,50,50
basketball_push,config_2,8550000,8550000,push-v3,1,0.98,,234.18146943361955,,50.02,40.83673469387755,1,50,50
basketball_push,config_2,8600000,8600000,basketball-v3,0,0.0,,813.0566165779707,,500.0,,1,50,50
basketball_push,config_2,8600000,8600000,push-v3,1,0.98,,189.47079562546156,,48.64,39.42857142857143,1,50,50
basketball_push,config_2,8650000,8650000,basketball-v3,0,0.0,,811.6369489712723,,500.0,,1,50,50
basketball_push,config_2,8650000,8650000,push-v3,1,0.98,,191.4092579515172,,49.24,40.04081632653061,1,50,50
basketball_push,config_2,8700000,8700000,basketball-v3,0,0.0,,740.1750535543962,,500.0,,1,50,50
basketball_push,config_2,8700000,8700000,push-v3,1,0.98,,205.2538184404474,,48.8,39.59183673469388,1,50,50
basketball_push,config_2,8750000,8750000,basketball-v3,0,0.0,,812.3695852530068,,500.0,,1,50,50
basketball_push,config_2,8750000,8750000,push-v3,1,1.0,,157.71433208928434,,39.9,39.9,1,50,50
basketball_push,config_2,8800000,8800000,basketball-v3,0,0.0,,766.8231783769476,,500.0,,1,50,50
basketball_push,config_2,8800000,8800000,push-v3,1,1.0,,160.76771543504756,,40.3,40.3,1,50,50
basketball_push,config_2,8850000,8850000,basketball-v3,0,0.0,,728.0579703297699,,500.0,,1,50,50
basketball_push,config_2,8850000,8850000,push-v3,1,1.0,,158.18404565139497,,40.02,40.02,1,50,50
basketball_push,config_2,8900000,8900000,basketball-v3,0,0.0,,737.227447920848,,500.0,,1,50,50
basketball_push,config_2,8900000,8900000,push-v3,1,1.0,,155.40344492443458,,39.66,39.66,1,50,50
basketball_push,config_2,8950000,8950000,basketball-v3,0,0.0,,738.6525444307114,,500.0,,1,50,50
basketball_push,config_2,8950000,8950000,push-v3,1,1.0,,160.62882335960808,,40.4,40.4,1,50,50
basketball_push,config_2,9000000,9000000,basketball-v3,0,0.0,,808.9598409990585,,500.0,,1,50,50
basketball_push,config_2,9000000,9000000,push-v3,1,1.0,,162.22556852792525,,40.42,40.42,1,50,50
basketball_push,config_2,9050000,9050000,basketball-v3,0,0.0,,800.6543417496941,,500.0,,1,50,50
basketball_push,config_2,9050000,9050000,push-v3,1,1.0,,160.21778798482717,,40.12,40.12,1,50,50
basketball_push,config_2,9100000,9100000,basketball-v3,0,0.0,,828.3008750814538,,500.0,,1,50,50
basketball_push,config_2,9100000,9100000,push-v3,1,1.0,,155.45769288212506,,39.66,39.66,1,50,50
basketball_push,config_2,9150000,9150000,basketball-v3,0,0.0,,798.9651807632424,,500.0,,1,50,50
basketball_push,config_2,9150000,9150000,push-v3,1,1.0,,156.99544420072058,,39.9,39.9,1,50,50
basketball_push,config_2,9200000,9200000,basketball-v3,0,0.0,,813.3937168912806,,500.0,,1,50,50
basketball_push,config_2,9200000,9200000,push-v3,1,1.0,,149.92382612468003,,39.2,39.2,1,50,50
basketball_push,config_2,9250000,9250000,basketball-v3,0,0.0,,828.0499519527006,,500.0,,1,50,50
basketball_push,config_2,9250000,9250000,push-v3,1,1.0,,152.5945062179293,,39.76,39.76,1,50,50
basketball_push,config_2,9300000,9300000,basketball-v3,0,0.0,,812.0786932802436,,500.0,,1,50,50
basketball_push,config_2,9300000,9300000,push-v3,1,1.0,,147.83664941973186,,39.06,39.06,1,50,50
basketball_push,config_2,9350000,9350000,basketball-v3,0,0.0,,798.2629932210191,,500.0,,1,50,50
basketball_push,config_2,9350000,9350000,push-v3,1,1.0,,159.03719719227405,,40.18,40.18,1,50,50
basketball_push,config_2,9400000,9400000,basketball-v3,0,0.0,,825.4663731319877,,500.0,,1,50,50
basketball_push,config_2,9400000,9400000,push-v3,1,1.0,,157.95765703035414,,40.1,40.1,1,50,50
basketball_push,config_2,9450000,9450000,basketball-v3,0,0.0,,825.0551833575712,,500.0,,1,50,50
basketball_push,config_2,9450000,9450000,push-v3,1,1.0,,156.85597439515274,,39.84,39.84,1,50,50
basketball_push,config_2,9500000,9500000,basketball-v3,0,0.0,,825.6498163192383,,500.0,,1,50,50
basketball_push,config_2,9500000,9500000,push-v3,1,1.0,,157.89351223830627,,39.92,39.92,1,50,50
basketball_push,config_2,9550000,9550000,basketball-v3,0,0.0,,813.0068854598571,,500.0,,1,50,50
basketball_push,config_2,9550000,9550000,push-v3,1,1.0,,160.63191000667794,,40.42,40.42,1,50,50
basketball_push,config_2,9600000,9600000,basketball-v3,0,0.0,,769.0580944850833,,500.0,,1,50,50
basketball_push,config_2,9600000,9600000,push-v3,1,1.0,,159.40449996335946,,40.32,40.32,1,50,50
basketball_push,config_2,9650000,9650000,basketball-v3,0,0.0,,778.7560575788848,,500.0,,1,50,50
basketball_push,config_2,9650000,9650000,push-v3,1,1.0,,157.434893740878,,39.96,39.96,1,50,50
basketball_push,config_2,9700000,9700000,basketball-v3,0,0.0,,781.1273675400636,,500.0,,1,50,50
basketball_push,config_2,9700000,9700000,push-v3,1,1.0,,160.85319637177054,,40.58,40.58,1,50,50
basketball_push,config_2,9750000,9750000,basketball-v3,0,0.0,,781.1396470638921,,500.0,,1,50,50
basketball_push,config_2,9750000,9750000,push-v3,1,1.0,,160.24073004786624,,40.46,40.46,1,50,50
basketball_push,config_2,9800000,9800000,basketball-v3,0,0.0,,808.4199163462655,,500.0,,1,50,50
basketball_push,config_2,9800000,9800000,push-v3,1,1.0,,160.08405386780518,,40.3,40.3,1,50,50
basketball_push,config_2,9850000,9850000,basketball-v3,0,0.0,,824.042630311085,,500.0,,1,50,50
basketball_push,config_2,9850000,9850000,push-v3,1,1.0,,156.12264914486047,,39.84,39.84,1,50,50
basketball_push,config_2,9900000,9900000,basketball-v3,0,0.0,,824.012248407476,,500.0,,1,50,50
basketball_push,config_2,9900000,9900000,push-v3,1,1.0,,156.89227105709094,,39.84,39.84,1,50,50
basketball_push,config_2,9950000,9950000,basketball-v3,0,0.0,,825.4988903246043,,500.0,,1,50,50
basketball_push,config_2,9950000,9950000,push-v3,1,1.0,,161.36267546108743,,40.34,40.34,1,50,50
basketball_push,config_2,10000000,10000000,basketball-v3,0,0.0,,826.0804185179837,,500.0,,1,50,50
basketball_push,config_2,10000000,10000000,push-v3,1,1.0,,157.50483306992712,,39.92,39.92,1,50,50
basketball_push,config_2,10000000,final,basketball-v3,0,0.0,,828.4798203367421,,500.0,,1,50,50
basketball_push,config_2,10000000,final,push-v3,1,1.0,,158.5971988468305,,39.96,39.96,1,50,50
basketball_push,config_3,50000,50000,basketball-v3,0,0.0,,11.245651064420104,,500.0,,1,50,50
basketball_push,config_3,50000,50000,push-v3,1,0.0,,61.82962947795643,,500.0,,1,50,50
basketball_push,config_3,100000,100000,basketball-v3,0,0.0,,11.013017702567474,,500.0,,1,50,50
basketball_push,config_3,100000,100000,push-v3,1,0.04,,203.28115377386192,,488.92,223.0,1,50,50
basketball_push,config_3,150000,150000,basketball-v3,0,0.0,,10.782414715203814,,500.0,,1,50,50
basketball_push,config_3,150000,150000,push-v3,1,0.02,,232.1864237493493,,492.24,112.0,1,50,50
basketball_push,config_3,200000,200000,basketball-v3,0,0.0,,10.36961002261911,,500.0,,1,50,50
basketball_push,config_3,200000,200000,push-v3,1,0.02,,210.3819993325026,,491.46,73.0,1,50,50
basketball_push,config_3,250000,250000,basketball-v3,0,0.0,,11.484200940125048,,500.0,,1,50,50
basketball_push,config_3,250000,250000,push-v3,1,0.14,,214.02891376701595,,453.98,171.28571428571428,1,50,50
basketball_push,config_3,300000,300000,basketball-v3,0,0.0,,14.665844735338885,,500.0,,1,50,50
basketball_push,config_3,300000,300000,push-v3,1,0.02,,282.97284308950714,,491.66,83.0,1,50,50
basketball_push,config_3,350000,350000,basketball-v3,0,0.0,,16.292785378596008,,500.0,,1,50,50
basketball_push,config_3,350000,350000,push-v3,1,0.02,,292.878464188146,,491.6,80.0,1,50,50
basketball_push,config_3,400000,400000,basketball-v3,0,0.0,,16.37553448313483,,500.0,,1,50,50
basketball_push,config_3,400000,400000,push-v3,1,0.02,,299.105931877618,,492.26,113.0,1,50,50
basketball_push,config_3,450000,450000,basketball-v3,0,0.0,,14.88930464979888,,500.0,,1,50,50
basketball_push,config_3,450000,450000,push-v3,1,0.08,,245.3401126568369,,465.36,67.0,1,50,50
basketball_push,config_3,500000,500000,basketball-v3,0,0.0,,19.57775601819636,,500.0,,1,50,50
basketball_push,config_3,500000,500000,push-v3,1,0.14,,326.90598972802195,,438.52,60.85714285714285,1,50,50
basketball_push,config_3,550000,550000,basketball-v3,0,0.0,,20.60309490094072,,500.0,,1,50,50
basketball_push,config_3,550000,550000,push-v3,1,0.2,,180.16141568133284,,419.54,97.7,1,50,50
basketball_push,config_3,600000,600000,basketball-v3,0,0.0,,17.312716287582514,,500.0,,1,50,50
basketball_push,config_3,600000,600000,push-v3,1,0.22,,225.46324867010796,,400.46,47.54545454545455,1,50,50
basketball_push,config_3,650000,650000,basketball-v3,0,0.0,,12.83852042815938,,500.0,,1,50,50
basketball_push,config_3,650000,650000,push-v3,1,0.3,,305.54278757711205,,366.76,55.86666666666667,1,50,50
basketball_push,config_3,700000,700000,basketball-v3,0,0.0,,11.957696918281842,,500.0,,1,50,50
basketball_push,config_3,700000,700000,push-v3,1,0.26,,291.26693633288863,,385.62,60.07692307692308,1,50,50
basketball_push,config_3,750000,750000,basketball-v3,0,0.0,,12.062963975210067,,500.0,,1,50,50
basketball_push,config_3,750000,750000,push-v3,1,0.3,,238.9156167723077,,363.72,45.73333333333333,1,50,50
basketball_push,config_3,800000,800000,basketball-v3,0,0.0,,12.038446705530898,,500.0,,1,50,50
basketball_push,config_3,800000,800000,push-v3,1,0.3,,243.78015788917207,,363.5,45.0,1,50,50
basketball_push,config_3,850000,850000,basketball-v3,0,0.0,,10.158681589607356,,500.0,,1,50,50
basketball_push,config_3,850000,850000,push-v3,1,0.28,,215.58509298592384,,373.6,48.57142857142857,1,50,50
basketball_push,config_3,900000,900000,basketball-v3,0,0.0,,10.329837936267948,,500.0,,1,50,50
basketball_push,config_3,900000,900000,push-v3,1,0.18,,302.0059797306828,,417.62,42.333333333333336,1,50,50
basketball_push,config_3,950000,950000,basketball-v3,0,0.0,,10.393658739658168,,500.0,,1,50,50
basketball_push,config_3,950000,950000,push-v3,1,0.22,,248.95976603346003,,399.7,44.09090909090909,1,50,50
basketball_push,config_3,1000000,1000000,basketball-v3,0,0.0,,10.940106049761232,,500.0,,1,50,50
basketball_push,config_3,1000000,1000000,push-v3,1,0.34,,146.4307542859878,,344.82,43.588235294117645,1,50,50
basketball_push,config_3,1050000,1050000,basketball-v3,0,0.0,,11.36509004600615,,500.0,,1,50,50
basketball_push,config_3,1050000,1050000,push-v3,1,0.48,,189.07830457461387,,281.52,44.833333333333336,1,50,50
basketball_push,config_3,1100000,1100000,basketball-v3,0,0.0,,14.02211218625158,,500.0,,1,50,50
basketball_push,config_3,1100000,1100000,push-v3,1,0.36,,219.25164635858536,,339.22,53.388888888888886,1,50,50
basketball_push,config_3,1150000,1150000,basketball-v3,0,0.0,,14.46614502349263,,500.0,,1,50,50
basketball_push,config_3,1150000,1150000,push-v3,1,0.38,,210.6204197899059,,326.5,43.42105263157895,1,50,50
basketball_push,config_3,1200000,1200000,basketball-v3,0,0.0,,20.91625080388217,,500.0,,1,50,50
basketball_push,config_3,1200000,1200000,push-v3,1,0.36,,211.54385819634825,,335.66,43.5,1,50,50
basketball_push,config_3,1250000,1250000,basketball-v3,0,0.0,,28.765676814628605,,500.0,,1,50,50
basketball_push,config_3,1250000,1250000,push-v3,1,0.3,,245.22535740437144,,363.24,44.13333333333333,1,50,50
basketball_push,config_3,1300000,1300000,basketball-v3,0,0.0,,30.46420453138313,,500.0,,1,50,50
basketball_push,config_3,1300000,1300000,push-v3,1,0.32,,280.5114312205609,,366.36,82.375,1,50,50
basketball_push,config_3,1350000,1350000,basketball-v3,0,0.0,,22.84889377720433,,500.0,,1,50,50
basketball_push,config_3,1350000,1350000,push-v3,1,0.34,,242.15620126566475,,348.62,54.76470588235294,1,50,50
basketball_push,config_3,1400000,1400000,basketball-v3,0,0.0,,28.285795902092104,,500.0,,1,50,50
basketball_push,config_3,1400000,1400000,push-v3,1,0.5,,148.30748445242804,,282.12,64.24,1,50,50
basketball_push,config_3,1450000,1450000,basketball-v3,0,0.0,,38.13185936273061,,500.0,,1,50,50
basketball_push,config_3,1450000,1450000,push-v3,1,0.26,,143.63190145925927,,393.7,91.15384615384616,1,50,50
basketball_push,config_3,1500000,1500000,basketball-v3,0,0.0,,34.75297954488775,,500.0,,1,50,50
basketball_push,config_3,1500000,1500000,push-v3,1,0.28,,142.3110358070053,,373.1,46.785714285714285,1,50,50
basketball_push,config_3,1550000,1550000,basketball-v3,0,0.0,,26.64859042484219,,500.0,,1,50,50
basketball_push,config_3,1550000,1550000,push-v3,1,0.4,,160.1110915194584,,323.42,58.55,1,50,50
basketball_push,config_3,1600000,1600000,basketball-v3,0,0.0,,25.78949443027542,,500.0,,1,50,50
basketball_push,config_3,1600000,1600000,push-v3,1,0.36,,244.5350829483011,,336.1,44.72222222222222,1,50,50
basketball_push,config_3,1650000,1650000,basketball-v3,0,0.0,,33.12858475248556,,500.0,,1,50,50
basketball_push,config_3,1650000,1650000,push-v3,1,0.62,,145.50738073645715,,229.1,63.064516129032256,1,50,50
basketball_push,config_3,1700000,1700000,basketball-v3,0,0.0,,23.093756983576537,,500.0,,1,50,50
basketball_push,config_3,1700000,1700000,push-v3,1,0.68,,106.7666161250387,,203.12,63.41176470588236,1,50,50
basketball_push,config_3,1750000,1750000,basketball-v3,0,0.0,,21.13087387151799,,500.0,,1,50,50
basketball_push,config_3,1750000,1750000,push-v3,1,0.56,,113.9829140393946,,253.32,59.5,1,50,50
basketball_push,config_3,1800000,1800000,basketball-v3,0,0.0,,28.97420578364886,,500.0,,1,50,50
basketball_push,config_3,1800000,1800000,push-v3,1,0.82,,66.59310875528196,,142.76,64.34146341463415,1,50,50
basketball_push,config_3,1850000,1850000,basketball-v3,0,0.0,,28.37513549317907,,500.0,,1,50,50
basketball_push,config_3,1850000,1850000,push-v3,1,0.64,,76.25991065027284,,228.72,76.125,1,50,50
basketball_push,config_3,1900000,1900000,basketball-v3,0,0.0,,25.89530870005789,,500.0,,1,50,50
basketball_push,config_3,1900000,1900000,push-v3,1,0.64,,88.46331857868363,,218.48,60.125,1,50,50
basketball_push,config_3,1950000,1950000,basketball-v3,0,0.0,,19.855216889520605,,500.0,,1,50,50
basketball_push,config_3,1950000,1950000,push-v3,1,0.38,,275.83378788799587,,330.3,53.42105263157895,1,50,50
basketball_push,config_3,2000000,2000000,basketball-v3,0,0.0,,22.97628594057428,,500.0,,1,50,50
basketball_push,config_3,2000000,2000000,push-v3,1,0.6,,94.32023607457342,,246.24,77.06666666666666,1,50,50
basketball_push,config_3,2050000,2050000,basketball-v3,0,0.0,,26.582349443348807,,500.0,,1,50,50
basketball_push,config_3,2050000,2050000,push-v3,1,0.5,,171.1339471481663,,288.98,77.96,1,50,50
basketball_push,config_3,2100000,2100000,basketball-v3,0,0.0,,10.98463850229174,,500.0,,1,50,50
basketball_push,config_3,2100000,2100000,push-v3,1,0.58,,155.53540293767716,,243.9,58.44827586206897,1,50,50
basketball_push,config_3,2150000,2150000,basketball-v3,0,0.0,,11.124227172140008,,500.0,,1,50,50
basketball_push,config_3,2150000,2150000,push-v3,1,0.64,,120.20862029739534,,217.82,59.09375,1,50,50
basketball_push,config_3,2200000,2200000,basketball-v3,0,0.0,,10.561791352308978,,500.0,,1,50,50
basketball_push,config_3,2200000,2200000,push-v3,1,0.62,,128.6186887344966,,218.76,46.38709677419355,1,50,50
basketball_push,config_3,2250000,2250000,basketball-v3,0,0.0,,9.497331707648751,,500.0,,1,50,50
basketball_push,config_3,2250000,2250000,push-v3,1,0.54,,163.2784970909937,,255.04,46.37037037037037,1,50,50
basketball_push,config_3,2300000,2300000,basketball-v3,0,0.0,,9.28958465198579,,500.0,,1,50,50
basketball_push,config_3,2300000,2300000,push-v3,1,0.68,,162.22766673762175,,199.14,57.55882352941177,1,50,50
basketball_push,config_3,2350000,2350000,basketball-v3,0,0.0,,9.089942947969975,,500.0,,1,50,50
basketball_push,config_3,2350000,2350000,push-v3,1,0.66,,209.8211439429635,,202.66,49.48484848484848,1,50,50
basketball_push,config_3,2400000,2400000,basketball-v3,0,0.0,,9.626583222099493,,500.0,,1,50,50
basketball_push,config_3,2400000,2400000,push-v3,1,0.7,,97.1944299710058,,188.4,54.85714285714285,1,50,50
basketball_push,config_3,2450000,2450000,basketball-v3,0,0.0,,9.40090096567536,,500.0,,1,50,50
basketball_push,config_3,2450000,2450000,push-v3,1,0.62,,81.88373070250867,,230.04,64.58064516129032,1,50,50
basketball_push,config_3,2500000,2500000,basketball-v3,0,0.0,,8.628195634915702,,500.0,,1,50,50
basketball_push,config_3,2500000,2500000,push-v3,1,0.74,,88.5722474028922,,182.62,71.10810810810811,1,50,50
basketball_push,config_3,2550000,2550000,basketball-v3,0,0.0,,8.629218843670442,,500.0,,1,50,50
basketball_push,config_3,2550000,2550000,push-v3,1,0.68,,96.93852222559346,,198.82,57.088235294117645,1,50,50
basketball_push,config_3,2600000,2600000,basketball-v3,0,0.0,,9.1204581190106,,500.0,,1,50,50
basketball_push,config_3,2600000,2600000,push-v3,1,0.5,,132.66888976545886,,284.24,68.48,1,50,50
basketball_push,config_3,2650000,2650000,basketball-v3,0,0.0,,9.411632624689682,,500.0,,1,50,50
basketball_push,config_3,2650000,2650000,push-v3,1,0.42,,119.64939114572157,,333.66,103.95238095238096,1,50,50
basketball_push,config_3,2700000,2700000,basketball-v3,0,0.0,,9.523758775812666,,500.0,,1,50,50
basketball_push,config_3,2700000,2700000,push-v3,1,0.38,,161.74832439462077,,337.64,72.73684210526316,1,50,50
basketball_push,config_3,2750000,2750000,basketball-v3,0,0.0,,9.800284206651291,,500.0,,1,50,50
basketball_push,config_3,2750000,2750000,push-v3,1,0.56,,164.3530323366301,,260.66,72.60714285714286,1,50,50
basketball_push,config_3,2800000,2800000,basketball-v3,0,0.0,,9.994646016336745,,500.0,,1,50,50
basketball_push,config_3,2800000,2800000,push-v3,1,0.72,,94.9237962963158,,184.04,61.16666666666666,1,50,50
basketball_push,config_3,2850000,2850000,basketball-v3,0,0.0,,10.32853976812128,,500.0,,1,50,50
basketball_push,config_3,2850000,2850000,push-v3,1,0.8,,69.67121386571272,,144.66,55.825,1,50,50
basketball_push,config_3,2900000,2900000,basketball-v3,0,0.0,,9.812580780560632,,500.0,,1,50,50
basketball_push,config_3,2900000,2900000,push-v3,1,0.66,,89.04310170878657,,212.44,64.3030303030303,1,50,50
basketball_push,config_3,2950000,2950000,basketball-v3,0,0.0,,9.57589668731202,,500.0,,1,50,50
basketball_push,config_3,2950000,2950000,push-v3,1,0.46,,156.41846376350904,,299.18,63.43478260869565,1,50,50
basketball_push,config_3,3000000,3000000,basketball-v3,0,0.0,,9.027322678837352,,500.0,,1,50,50
basketball_push,config_3,3000000,3000000,push-v3,1,0.56,,164.24915853986582,,250.04,53.642857142857146,1,50,50
basketball_push,config_3,3050000,3050000,basketball-v3,0,0.0,,8.863971139329118,,500.0,,1,50,50
basketball_push,config_3,3050000,3050000,push-v3,1,0.66,,100.74032055804892,,210.36,61.15151515151515,1,50,50
basketball_push,config_3,3100000,3100000,basketball-v3,0,0.0,,7.89547948169835,,500.0,,1,50,50
basketball_push,config_3,3100000,3100000,push-v3,1,0.68,,85.86632515189622,,202.96,63.1764705882353,1,50,50
basketball_push,config_3,3150000,3150000,basketball-v3,0,0.0,,11.103126358389693,,500.0,,1,50,50
basketball_push,config_3,3150000,3150000,push-v3,1,0.68,,155.73356167712834,,224.98,95.55882352941175,1,50,50
basketball_push,config_3,3200000,3200000,basketball-v3,0,0.0,,5.960424777005489,,500.0,,1,50,50
basketball_push,config_3,3200000,3200000,push-v3,1,0.58,,98.92896496937762,,254.62,76.93103448275862,1,50,50
basketball_push,config_3,3250000,3250000,basketball-v3,0,0.0,,5.70022987066944,,500.0,,1,50,50
basketball_push,config_3,3250000,3250000,push-v3,1,0.48,,140.3163080041607,,320.12,125.25,1,50,50
basketball_push,config_3,3300000,3300000,basketball-v3,0,0.0,,5.4726459285575,,500.0,,1,50,50
basketball_push,config_3,3300000,3300000,push-v3,1,0.42,,203.9479437117535,,321.24,74.38095238095238,1,50,50
basketball_push,config_3,3350000,3350000,basketball-v3,0,0.0,,4.691794499360708,,500.0,,1,50,50
basketball_push,config_3,3350000,3350000,push-v3,1,0.62,,103.79358559122406,,223.46,53.96774193548387,1,50,50
basketball_push,config_3,3400000,3400000,basketball-v3,0,0.0,,4.903391929664549,,500.0,,1,50,50
basketball_push,config_3,3400000,3400000,push-v3,1,0.62,,111.7373044797276,,223.66,54.29032258064516,1,50,50
basketball_push,config_3,3450000,3450000,basketball-v3,0,0.0,,4.7698819576828,,500.0,,1,50,50
basketball_push,config_3,3450000,3450000,push-v3,1,0.52,,140.91747455977898,,268.26,54.34615384615385,1,50,50
basketball_push,config_3,3500000,3500000,basketball-v3,0,0.0,,5.475996341464801,,500.0,,1,50,50
basketball_push,config_3,3500000,3500000,push-v3,1,0.68,,89.87706501900779,,206.22,67.97058823529412,1,50,50
basketball_push,config_3,3550000,3550000,basketball-v3,0,0.0,,6.456570876907016,,500.0,,1,50,50
basketball_push,config_3,3550000,3550000,push-v3,1,0.64,,87.45340105475093,,220.62,63.46875,1,50,50
basketball_push,config_3,3600000,3600000,basketball-v3,0,0.0,,5.159440833149646,,500.0,,1,50,50
basketball_push,config_3,3600000,3600000,push-v3,1,0.48,,124.40234863991536,,304.22,92.125,1,50,50
basketball_push,config_3,3650000,3650000,basketball-v3,0,0.0,,4.316057444616472,,500.0,,1,50,50
basketball_push,config_3,3650000,3650000,push-v3,1,0.5,,92.4725778908171,,296.88,93.76,1,50,50
basketball_push,config_3,3700000,3700000,basketball-v3,0,0.0,,3.900689817623901,,500.0,,1,50,50
basketball_push,config_3,3700000,3700000,push-v3,1,0.42,,129.5129781766486,,321.22,74.33333333333333,1,50,50
basketball_push,config_3,3750000,3750000,basketball-v3,0,0.0,,7.84021882854073,,500.0,,1,50,50
basketball_push,config_3,3750000,3750000,push-v3,1,0.48,,320.7189866710923,,293.32,69.41666666666667,1,50,50
basketball_push,config_3,3800000,3800000,basketball-v3,0,0.0,,17.38342228847218,,500.0,,1,50,50
basketball_push,config_3,3800000,3800000,push-v3,1,0.58,,188.8295745065328,,241.56,54.41379310344828,1,50,50
basketball_push,config_3,3850000,3850000,basketball-v3,0,0.0,,16.03798634506592,,500.0,,1,50,50
basketball_push,config_3,3850000,3850000,push-v3,1,0.62,,224.51485537478183,,221.96,51.54838709677419,1,50,50
basketball_push,config_3,3900000,3900000,basketball-v3,0,0.0,,18.677108404801988,,500.0,,1,50,50
basketball_push,config_3,3900000,3900000,push-v3,1,0.36,,148.56235243850753,,350.74,85.38888888888889,1,50,50
basketball_push,config_3,3950000,3950000,basketball-v3,0,0.0,,16.573731023035133,,500.0,,1,50,50
basketball_push,config_3,3950000,3950000,push-v3,1,0.62,,113.80163911358336,,237.42,76.48387096774194,1,50,50
basketball_push,config_3,4000000,4000000,basketball-v3,0,0.0,,16.0901383698212,,500.0,,1,50,50
basketball_push,config_3,4000000,4000000,push-v3,1,0.52,,158.01636458081194,,281.94,80.65384615384616,1,50,50
basketball_push,config_3,4050000,4050000,basketball-v3,0,0.0,,19.84590098077581,,500.0,,1,50,50
basketball_push,config_3,4050000,4050000,push-v3,1,0.3,,243.3289801050593,,389.5,131.66666666666666,1,50,50
basketball_push,config_3,4100000,4100000,basketball-v3,0,0.0,,23.23985984926292,,500.0,,1,50,50
basketball_push,config_3,4100000,4100000,push-v3,1,0.36,,179.6632903769039,,348.04,77.88888888888889,1,50,50
basketball_push,config_3,4150000,4150000,basketball-v3,0,0.0,,19.926544530533352,,500.0,,1,50,50
basketball_push,config_3,4150000,4150000,push-v3,1,0.36,,187.99039405840333,,344.64,68.44444444444444,1,50,50
basketball_push,config_3,4200000,4200000,basketball-v3,0,0.0,,21.848075054258533,,500.0,,1,50,50
basketball_push,config_3,4200000,4200000,push-v3,1,0.48,,154.6594185993708,,288.54,59.458333333333336,1,50,50
basketball_push,config_3,4250000,4250000,basketball-v3,0,0.0,,31.139361559995884,,500.0,,1,50,50
basketball_push,config_3,4250000,4250000,push-v3,1,0.48,,178.9649073842669,,300.16,83.66666666666667,1,50,50
basketball_push,config_3,4300000,4300000,basketball-v3,0,0.0,,29.19902888381652,,500.0,,1,50,50
basketball_push,config_3,4300000,4300000,push-v3,1,0.4,,181.25584115579852,,330.5,76.25,1,50,50
basketball_push,config_3,4350000,4350000,basketball-v3,0,0.0,,33.17732894084988,,500.0,,1,50,50
basketball_push,config_3,4350000,4350000,push-v3,1,0.42,,207.57711295862157,,328.0,90.47619047619048,1,50,50
basketball_push,config_3,4400000,4400000,basketball-v3,0,0.0,,34.09511532541605,,500.0,,1,50,50
basketball_push,config_3,4400000,4400000,push-v3,1,0.4,,135.95822973423762,,328.86,72.15,1,50,50
basketball_push,config_3,4450000,4450000,basketball-v3,0,0.0,,29.01118571656208,,500.0,,1,50,50
basketball_push,config_3,4450000,4450000,push-v3,1,0.48,,135.09040587618227,,299.92,83.16666666666667,1,50,50
basketball_push,config_3,4500000,4500000,basketball-v3,0,0.0,,26.79340413431709,,500.0,,1,50,50
basketball_push,config_3,4500000,4500000,push-v3,1,0.56,,138.5967150967328,,258.16,68.14285714285714,1,50,50
basketball_push,config_3,4550000,4550000,basketball-v3,0,0.0,,29.54674503295532,,500.0,,1,50,50
basketball_push,config_3,4550000,4550000,push-v3,1,0.52,,139.92480513308325,,273.74,64.88461538461539,1,50,50
basketball_push,config_3,4600000,4600000,basketball-v3,0,0.0,,18.13013561974248,,500.0,,1,50,50
basketball_push,config_3,4600000,4600000,push-v3,1,0.32,,152.7577395006015,,363.3,72.8125,1,50,50
basketball_push,config_3,4650000,4650000,basketball-v3,0,0.0,,25.9556295509415,,500.0,,1,50,50
basketball_push,config_3,4650000,4650000,push-v3,1,0.48,,98.52981177217777,,316.82,118.375,1,50,50
basketball_push,config_3,4700000,4700000,basketball-v3,0,0.0,,41.9941788813708,,500.0,,1,50,50
basketball_push,config_3,4700000,4700000,push-v3,1,0.3,,99.62493461364912,,373.46,78.2,1,50,50
basketball_push,config_3,4750000,4750000,basketball-v3,0,0.0,,24.141412965278736,,500.0,,1,50,50
basketball_push,config_3,4750000,4750000,push-v3,1,0.48,,152.11088067970283,,288.36,59.083333333333336,1,50,50
basketball_push,config_3,4800000,4800000,basketball-v3,0,0.0,,24.45049659223731,,500.0,,1,50,50
basketball_push,config_3,4800000,4800000,push-v3,1,0.28,,163.4417221553949,,410.42,180.07142857142858,1,50,50
basketball_push,config_3,4850000,4850000,basketball-v3,0,0.0,,22.788770643721428,,500.0,,1,50,50
basketball_push,config_3,4850000,4850000,push-v3,1,0.22,,229.1161759682768,,412.62,102.8181818181818,1,50,50
basketball_push,config_3,4900000,4900000,basketball-v3,0,0.0,,50.09417007498106,,500.0,,1,50,50
basketball_push,config_3,4900000,4900000,push-v3,1,0.46,,135.61057034827368,,316.84,101.82608695652172,1,50,50
basketball_push,config_3,4950000,4950000,basketball-v3,0,0.0,,32.563395958833866,,500.0,,1,50,50
basketball_push,config_3,4950000,4950000,push-v3,1,0.32,,146.06586807641656,,377.42,116.9375,1,50,50
basketball_push,config_3,5000000,5000000,basketball-v3,0,0.0,,66.81619257511875,,500.0,,1,50,50
basketball_push,config_3,5000000,5000000,push-v3,1,0.4,,129.04219532142005,,339.56,98.9,1,50,50
basketball_push,config_3,5050000,5050000,basketball-v3,0,0.0,,76.74561599850935,,500.0,,1,50,50
basketball_push,config_3,5050000,5050000,push-v3,1,0.26,,160.78584218228903,,400.34,116.6923076923077,1,50,50
basketball_push,config_3,5100000,5100000,basketball-v3,0,0.0,,119.61534056723336,,500.0,,1,50,50
basketball_push,config_3,5100000,5100000,push-v3,1,0.16,,204.40116477229697,,444.9,155.625,1,50,50
basketball_push,config_3,5150000,5150000,basketball-v3,0,0.0,,128.8444272552711,,500.0,,1,50,50
basketball_push,config_3,5150000,5150000,push-v3,1,0.3,,188.1843922188891,,381.5,105.0,1,50,50
basketball_push,config_3,5200000,5200000,basketball-v3,0,0.0,,102.57142038874632,,500.0,,1,50,50
basketball_push,config_3,5200000,5200000,push-v3,1,0.26,,169.70221851403065,,403.2,127.6923076923077,1,50,50
basketball_push,config_3,5250000,5250000,basketball-v3,0,0.0,,100.91236048884272,,500.0,,1,50,50
basketball_push,config_3,5250000,5250000,push-v3,1,0.26,,143.80050805541717,,395.46,97.92307692307692,1,50,50
basketball_push,config_3,5300000,5300000,basketball-v3,0,0.0,,74.96009135603171,,500.0,,1,50,50
basketball_push,config_3,5300000,5300000,push-v3,1,0.4,,132.55347725265318,,348.18,120.45,1,50,50
basketball_push,config_3,5350000,5350000,basketball-v3,0,0.0,,69.2921633802428,,500.0,,1,50,50
basketball_push,config_3,5350000,5350000,push-v3,1,0.48,,125.23177662415928,,320.2,125.41666666666669,1,50,50
basketball_push,config_3,5400000,5400000,basketball-v3,0,0.0,,96.2296963227372,,500.0,,1,50,50
basketball_push,config_3,5400000,5400000,push-v3,1,0.42,,145.02998258427638,,338.16,114.66666666666669,1,50,50
basketball_push,config_3,5450000,5450000,basketball-v3,0,0.0,,31.137716375186283,,500.0,,1,50,50
basketball_push,config_3,5450000,5450000,push-v3,1,0.46,,129.60691311882098,,317.8,103.91304347826087,1,50,50
basketball_push,config_3,5500000,5500000,basketball-v3,0,0.0,,81.45626177598642,,500.0,,1,50,50
basketball_push,config_3,5500000,5500000,push-v3,1,0.52,,134.17760333923854,,297.7,110.96153846153848,1,50,50
basketball_push,config_3,5550000,5550000,basketball-v3,0,0.0,,56.90891639190728,,500.0,,1,50,50
basketball_push,config_3,5550000,5550000,push-v3,1,0.56,,135.2834970817369,,283.26,112.96428571428572,1,50,50
basketball_push,config_3,5600000,5600000,basketball-v3,0,0.0,,62.15512719185575,,500.0,,1,50,50
basketball_push,config_3,5600000,5600000,push-v3,1,0.48,,137.68247977835824,,300.84,85.08333333333333,1,50,50
basketball_push,config_3,5650000,5650000,basketball-v3,0,0.0,,30.85427319145929,,500.0,,1,50,50
basketball_push,config_3,5650000,5650000,push-v3,1,0.42,,126.62610697618906,,325.78,85.19047619047619,1,50,50
basketball_push,config_3,5700000,5700000,basketball-v3,0,0.0,,42.85997235113876,,500.0,,1,50,50
basketball_push,config_3,5700000,5700000,push-v3,1,0.64,,85.09394223702708,,230.2,78.4375,1,50,50
basketball_push,config_3,5750000,5750000,basketball-v3,0,0.0,,72.16684474765431,,500.0,,1,50,50
basketball_push,config_3,5750000,5750000,push-v3,1,0.48,,132.48194758676016,,296.88,76.83333333333333,1,50,50
basketball_push,config_3,5800000,5800000,basketball-v3,0,0.0,,53.97934131256292,,500.0,,1,50,50
basketball_push,config_3,5800000,5800000,push-v3,1,0.58,,119.82066931967049,,250.86,70.44827586206897,1,50,50
basketball_push,config_3,5850000,5850000,basketball-v3,0,0.0,,52.26001556948536,,500.0,,1,50,50
basketball_push,config_3,5850000,5850000,push-v3,1,0.54,,166.41538108748892,,275.74,84.70370370370371,1,50,50
basketball_push,config_3,5900000,5900000,basketball-v3,0,0.0,,22.145537482345627,,500.0,,1,50,50
basketball_push,config_3,5900000,5900000,push-v3,1,0.68,,98.1486231619972,,212.5,77.20588235294117,1,50,50
basketball_push,config_3,5950000,5950000,basketball-v3,0,0.0,,36.88853560299413,,500.0,,1,50,50
basketball_push,config_3,5950000,5950000,push-v3,1,0.68,,93.8896116803702,,205.76,67.29411764705883,1,50,50
basketball_push,config_3,6000000,6000000,basketball-v3,0,0.0,,37.33696588232872,,500.0,,1,50,50
basketball_push,config_3,6000000,6000000,push-v3,1,0.62,,93.15004976789088,,226.96,59.61290322580645,1,50,50
basketball_push,config_3,6050000,6050000,basketball-v3,0,0.0,,46.27193477454772,,500.0,,1,50,50
basketball_push,config_3,6050000,6050000,push-v3,1,0.74,,86.46429175565859,,172.64,57.62162162162162,1,50,50
basketball_push,config_3,6100000,6100000,basketball-v3,0,0.0,,14.461225107139631,,500.0,,1,50,50
basketball_push,config_3,6100000,6100000,push-v3,1,0.72,,84.73497836286842,,183.7,60.69444444444444,1,50,50
basketball_push,config_3,6150000,6150000,basketball-v3,0,0.0,,28.904437078407035,,500.0,,1,50,50
basketball_push,config_3,6150000,6150000,push-v3,1,0.64,,91.43205979264354,,221.1,64.21875,1,50,50
basketball_push,config_3,6200000,6200000,basketball-v3,0,0.0,,17.145632684311895,,500.0,,1,50,50
basketball_push,config_3,6200000,6200000,push-v3,1,0.8,,56.99033049639103,,157.34,71.675,1,50,50
basketball_push,config_3,6250000,6250000,basketball-v3,0,0.0,,15.908552057420197,,500.0,,1,50,50
basketball_push,config_3,6250000,6250000,push-v3,1,0.64,,79.64877289454812,,229.1,76.71875,1,50,50
basketball_push,config_3,6300000,6300000,basketball-v3,0,0.0,,18.032256104456128,,500.0,,1,50,50
basketball_push,config_3,6300000,6300000,push-v3,1,0.48,,125.03758097425924,,322.02,129.20833333333334,1,50,50
basketball_push,config_3,6350000,6350000,basketball-v3,0,0.0,,35.54919782438103,,500.0,,1,50,50
basketball_push,config_3,6350000,6350000,push-v3,1,0.46,,166.5642966343029,,320.62,110.04347826086956,1,50,50
basketball_push,config_3,6400000,6400000,basketball-v3,0,0.0,,62.09449309225773,,500.0,,1,50,50
basketball_push,config_3,6400000,6400000,push-v3,1,0.52,,116.55996844917684,,280.74,78.34615384615384,1,50,50
basketball_push,config_3,6450000,6450000,basketball-v3,0,0.0,,64.20963901451358,,500.0,,1,50,50
basketball_push,config_3,6450000,6450000,push-v3,1,0.52,,140.56254697033964,,280.12,77.15384615384616,1,50,50
basketball_push,config_3,6500000,6500000,basketball-v3,0,0.0,,41.5086078888585,,500.0,,1,50,50
basketball_push,config_3,6500000,6500000,push-v3,1,0.42,,209.52318045557124,,327.56,89.42857142857143,1,50,50
basketball_push,config_3,6550000,6550000,basketball-v3,0,0.0,,18.51095652952204,,500.0,,1,50,50
basketball_push,config_3,6550000,6550000,push-v3,1,0.46,,177.08152392584267,,318.38,105.17391304347828,1,50,50
basketball_push,config_3,6600000,6600000,basketball-v3,0,0.0,,21.161264310587978,,500.0,,1,50,50
basketball_push,config_3,6600000,6600000,push-v3,1,0.54,,175.40878607409934,,265.22,65.22222222222223,1,50,50
basketball_push,config_3,6650000,6650000,basketball-v3,0,0.0,,17.46260973610451,,500.0,,1,50,50
basketball_push,config_3,6650000,6650000,push-v3,1,0.58,,100.86711703511791,,237.72,47.793103448275865,1,50,50
basketball_push,config_3,6700000,6700000,basketball-v3,0,0.0,,24.152576599656165,,500.0,,1,50,50
basketball_push,config_3,6700000,6700000,push-v3,1,0.48,,135.95879518577735,,289.78,62.04166666666666,1,50,50
basketball_push,config_3,6750000,6750000,basketball-v3,0,0.0,,34.672986471876825,,500.0,,1,50,50
basketball_push,config_3,6750000,6750000,push-v3,1,0.44,,162.73929767328784,,319.38,89.5,1,50,50
basketball_push,config_3,6800000,6800000,basketball-v3,0,0.0,,55.07197010190921,,500.0,,1,50,50
basketball_push,config_3,6800000,6800000,push-v3,1,0.56,,184.47180196677047,,259.86,71.17857142857143,1,50,50
basketball_push,config_3,6850000,6850000,basketball-v3,0,0.0,,54.14529890915677,,500.0,,1,50,50
basketball_push,config_3,6850000,6850000,push-v3,1,0.4,,198.60927454654689,,325.08,62.7,1,50,50
basketball_push,config_3,6900000,6900000,basketball-v3,0,0.0,,41.68635872920719,,500.0,,1,50,50
basketball_push,config_3,6900000,6900000,push-v3,1,0.36,,161.17012608438029,,352.9,91.38888888888889,1,50,50
basketball_push,config_3,6950000,6950000,basketball-v3,0,0.0,,36.36224251257434,,500.0,,1,50,50
basketball_push,config_3,6950000,6950000,push-v3,1,0.34,,185.38849815332512,,347.36,51.05882352941177,1,50,50
basketball_push,config_3,7000000,7000000,basketball-v3,0,0.0,,64.20849623743261,,500.0,,1,50,50
basketball_push,config_3,7000000,7000000,push-v3,1,0.64,,199.40430893160743,,216.72,57.375,1,50,50
basketball_push,config_3,7050000,7050000,basketball-v3,0,0.0,,62.39045700370969,,500.0,,1,50,50
basketball_push,config_3,7050000,7050000,push-v3,1,0.46,,214.9640998971685,,302.56,70.78260869565217,1,50,50
basketball_push,config_3,7100000,7100000,basketball-v3,0,0.0,,60.320739596787845,,500.0,,1,50,50
basketball_push,config_3,7100000,7100000,push-v3,1,0.58,,170.2758751521803,,250.7,70.17241379310344,1,50,50
basketball_push,config_3,7150000,7150000,basketball-v3,0,0.0,,40.67154718769821,,500.0,,1,50,50
basketball_push,config_3,7150000,7150000,push-v3,1,0.54,,166.54260886168015,,257.22,50.407407407407405,1,50,50
basketball_push,config_3,7200000,7200000,basketball-v3,0,0.0,,56.39383435473305,,500.0,,1,50,50
basketball_push,config_3,7200000,7200000,push-v3,1,0.36,,184.87757069972795,,336.96,47.11111111111112,1,50,50
basketball_push,config_3,7250000,7250000,basketball-v3,0,0.0,,29.894386587118007,,500.0,,1,50,50
basketball_push,config_3,7250000,7250000,push-v3,1,0.28,,199.58560144933043,,383.62,84.35714285714286,1,50,50
basketball_push,config_3,7300000,7300000,basketball-v3,0,0.0,,116.7799542175186,,500.0,,1,50,50
basketball_push,config_3,7300000,7300000,push-v3,1,0.52,,147.56043379364232,,267.86,53.57692307692308,1,50,50
basketball_push,config_3,7350000,7350000,basketball-v3,0,0.0,,31.872482326580176,,500.0,,1,50,50
basketball_push,config_3,7350000,7350000,push-v3,1,0.28,,231.62178833494843,,377.44,62.285714285714285,1,50,50
basketball_push,config_3,7400000,7400000,basketball-v3,0,0.0,,87.32331714510728,,500.0,,1,50,50
basketball_push,config_3,7400000,7400000,push-v3,1,0.38,,198.2505947523111,,361.96,136.73684210526315,1,50,50
basketball_push,config_3,7450000,7450000,basketball-v3,0,0.0,,29.25892146150914,,500.0,,1,50,50
basketball_push,config_3,7450000,7450000,push-v3,1,0.44,,168.40542842441928,,317.88,86.0909090909091,1,50,50
basketball_push,config_3,7500000,7500000,basketball-v3,0,0.0,,106.60476522736028,,500.0,,1,50,50
basketball_push,config_3,7500000,7500000,push-v3,1,0.52,,182.4559117030051,,284.22,85.03846153846153,1,50,50
basketball_push,config_3,7550000,7550000,basketball-v3,0,0.0,,70.22937972433807,,500.0,,1,50,50
basketball_push,config_3,7550000,7550000,push-v3,1,0.46,,207.86240680369755,,313.22,93.95652173913044,1,50,50
basketball_push,config_3,7600000,7600000,basketball-v3,0,0.0,,78.43332098912013,,500.0,,1,50,50
basketball_push,config_3,7600000,7600000,push-v3,1,0.5,,170.80957359738605,,291.84,83.68,1,50,50
basketball_push,config_3,7650000,7650000,basketball-v3,0,0.0,,81.14708745331704,,500.0,,1,50,50
basketball_push,config_3,7650000,7650000,push-v3,1,0.36,,161.98630339199954,,356.9,102.5,1,50,50
basketball_push,config_3,7700000,7700000,basketball-v3,0,0.0,,40.50417138810639,,500.0,,1,50,50
basketball_push,config_3,7700000,7700000,push-v3,1,0.66,,107.29939475796886,,221.92,78.66666666666667,1,50,50
basketball_push,config_3,7750000,7750000,basketball-v3,0,0.0,,130.18633874338406,,500.0,,1,50,50
basketball_push,config_3,7750000,7750000,push-v3,1,0.64,,116.17582500758608,,214.6,54.0625,1,50,50
basketball_push,config_3,7800000,7800000,basketball-v3,0,0.0,,134.43219492312107,,500.0,,1,50,50
basketball_push,config_3,7800000,7800000,push-v3,1,0.56,,140.8250903218746,,257.18,66.39285714285714,1,50,50
basketball_push,config_3,7850000,7850000,basketball-v3,0,0.0,,189.59965413900176,,500.0,,1,50,50
basketball_push,config_3,7850000,7850000,push-v3,1,0.54,,135.90296900674136,,263.5,62.03703703703704,1,50,50
basketball_push,config_3,7900000,7900000,basketball-v3,0,0.0,,173.69597020149556,,500.0,,1,50,50
basketball_push,config_3,7900000,7900000,push-v3,1,0.52,,170.01505880332934,,278.3,73.65384615384616,1,50,50
basketball_push,config_3,7950000,7950000,basketball-v3,0,0.0,,319.8076255716394,,500.0,,1,50,50
basketball_push,config_3,7950000,7950000,push-v3,1,0.54,,126.28826392253646,,264.36,63.629629629629626,1,50,50
basketball_push,config_3,8000000,8000000,basketball-v3,0,0.0,,451.9962837764692,,500.0,,1,50,50
basketball_push,config_3,8000000,8000000,push-v3,1,0.64,,112.79341603343234,,225.94,71.78125,1,50,50
basketball_push,config_3,8050000,8050000,basketball-v3,0,0.0,,213.8785737002787,,500.0,,1,50,50
basketball_push,config_3,8050000,8050000,push-v3,1,0.68,,130.66646548361257,,219.68,87.76470588235294,1,50,50
basketball_push,config_3,8100000,8100000,basketball-v3,0,0.0,,184.5940663515472,,500.0,,1,50,50
basketball_push,config_3,8100000,8100000,push-v3,1,0.48,,132.11680502283446,,296.52,76.08333333333333,1,50,50
basketball_push,config_3,8150000,8150000,basketball-v3,0,0.0,,149.47395361379338,,500.0,,1,50,50
basketball_push,config_3,8150000,8150000,push-v3,1,0.42,,138.7342339759996,,321.68,75.42857142857143,1,50,50
basketball_push,config_3,8200000,8200000,basketball-v3,0,0.0,,138.84156391690877,,500.0,,1,50,50
basketball_push,config_3,8200000,8200000,push-v3,1,0.5,,172.2436598593484,,278.94,57.88,1,50,50
basketball_push,config_3,8250000,8250000,basketball-v3,0,0.0,,105.11687873060626,,500.0,,1,50,50
basketball_push,config_3,8250000,8250000,push-v3,1,0.46,,141.42434907990753,,307.48,81.47826086956522,1,50,50
basketball_push,config_3,8300000,8300000,basketball-v3,0,0.0,,138.15736403254724,,500.0,,1,50,50
basketball_push,config_3,8300000,8300000,push-v3,1,0.62,,124.8899290853365,,235.48,73.35483870967742,1,50,50
basketball_push,config_3,8350000,8350000,basketball-v3,0,0.0,,122.71497552287722,,500.0,,1,50,50
basketball_push,config_3,8350000,8350000,push-v3,1,0.78,,75.19300279686487,,157.26,60.58974358974359,1,50,50
basketball_push,config_3,8400000,8400000,basketball-v3,0,0.0,,103.15370209777426,,500.0,,1,50,50
basketball_push,config_3,8400000,8400000,push-v3,1,0.58,,121.39597622120384,,256.52,80.20689655172414,1,50,50
basketball_push,config_3,8450000,8450000,basketball-v3,0,0.0,,161.46552204837653,,500.0,,1,50,50
basketball_push,config_3,8450000,8450000,push-v3,1,0.54,,121.08924071395178,,263.04,61.18518518518518,1,50,50
basketball_push,config_3,8500000,8500000,basketball-v3,0,0.0,,371.5506176703222,,500.0,,1,50,50
basketball_push,config_3,8500000,8500000,push-v3,1,0.58,,127.6756011366194,,272.4,107.58620689655172,1,50,50
basketball_push,config_3,8550000,8550000,basketball-v3,0,0.0,,168.5053173488481,,500.0,,1,50,50
basketball_push,config_3,8550000,8550000,push-v3,1,0.52,,129.47287606531413,,293.8,103.46153846153848,1,50,50
basketball_push,config_3,8600000,8600000,basketball-v3,0,0.0,,175.9145994291026,,500.0,,1,50,50
basketball_push,config_3,8600000,8600000,push-v3,1,0.6,,121.21256617427385,,252.84,88.06666666666666,1,50,50
basketball_push,config_3,8650000,8650000,basketball-v3,0,0.0,,213.48258089673436,,500.0,,1,50,50
basketball_push,config_3,8650000,8650000,push-v3,1,0.56,,114.80750588082007,,278.0,103.57142857142856,1,50,50
basketball_push,config_3,8700000,8700000,basketball-v3,0,0.02,,274.0164516050312,,492.44,122.0,1,50,50
basketball_push,config_3,8700000,8700000,push-v3,1,0.68,,106.9046953785958,,226.02,97.08823529411764,1,50,50
basketball_push,config_3,8750000,8750000,basketball-v3,0,0.0,,127.87676743006068,,500.0,,1,50,50
basketball_push,config_3,8750000,8750000,push-v3,1,0.76,,96.70674442553008,,184.44,84.78947368421052,1,50,50
basketball_push,config_3,8800000,8800000,basketball-v3,0,0.0,,411.346207185368,,500.0,,1,50,50
basketball_push,config_3,8800000,8800000,push-v3,1,0.56,,134.9321283652872,,261.2,73.57142857142857,1,50,50
basketball_push,config_3,8850000,8850000,basketball-v3,0,0.0,,319.78998340174576,,500.0,,1,50,50
basketball_push,config_3,8850000,8850000,push-v3,1,0.64,,170.74623842037423,,228.22,75.34375,1,50,50
basketball_push,config_3,8900000,8900000,basketball-v3,0,0.0,,391.7142729459995,,500.0,,1,50,50
basketball_push,config_3,8900000,8900000,push-v3,1,0.7,,101.19911976522246,,204.12,77.31428571428572,1,50,50
basketball_push,config_3,8950000,8950000,basketball-v3,0,0.0,,345.4966114053839,,500.0,,1,50,50
basketball_push,config_3,8950000,8950000,push-v3,1,0.6,,124.15006554612104,,239.36,65.6,1,50,50
basketball_push,config_3,9000000,9000000,basketball-v3,0,0.0,,242.23577712589827,,500.0,,1,50,50
basketball_push,config_3,9000000,9000000,push-v3,1,0.72,,97.48592440873476,,195.9,77.63888888888889,1,50,50
basketball_push,config_3,9050000,9050000,basketball-v3,0,0.0,,132.9605114756992,,500.0,,1,50,50
basketball_push,config_3,9050000,9050000,push-v3,1,0.44,,190.66891292622265,,319.26,89.22727272727273,1,50,50
basketball_push,config_3,9100000,9100000,basketball-v3,0,0.0,,198.911178314341,,500.0,,1,50,50
basketball_push,config_3,9100000,9100000,push-v3,1,0.44,,209.69733543281995,,319.7,90.22727272727272,1,50,50
basketball_push,config_3,9150000,9150000,basketball-v3,0,0.0,,149.28712518857705,,500.0,,1,50,50
basketball_push,config_3,9150000,9150000,push-v3,1,0.22,,190.79410626448552,,413.36,106.1818181818182,1,50,50
basketball_push,config_3,9200000,9200000,basketball-v3,0,0.0,,253.6243748165928,,500.0,,1,50,50
basketball_push,config_3,9200000,9200000,push-v3,1,0.4,,153.0037036513518,,331.22,78.05,1,50,50
basketball_push,config_3,9250000,9250000,basketball-v3,0,0.0,,196.14475016077537,,500.0,,1,50,50
basketball_push,config_3,9250000,9250000,push-v3,1,0.4,,190.7751202112321,,333.68,84.2,1,50,50
basketball_push,config_3,9300000,9300000,basketball-v3,0,0.0,,503.0344004174148,,500.0,,1,50,50
basketball_push,config_3,9300000,9300000,push-v3,1,0.5,,122.86856384747298,,278.28,56.56,1,50,50
basketball_push,config_3,9350000,9350000,basketball-v3,0,0.0,,240.80204897018564,,500.0,,1,50,50
basketball_push,config_3,9350000,9350000,push-v3,1,0.6,,106.37184707678053,,230.56,50.93333333333333,1,50,50
basketball_push,config_3,9400000,9400000,basketball-v3,0,0.0,,318.4061897270183,,500.0,,1,50,50
basketball_push,config_3,9400000,9400000,push-v3,1,0.78,,76.57669043488244,,169.12,75.7948717948718,1,50,50
basketball_push,config_3,9450000,9450000,basketball-v3,0,0.0,,251.83526643801775,,500.0,,1,50,50
basketball_push,config_3,9450000,9450000,push-v3,1,0.68,,87.45064795458154,,200.58,59.6764705882353,1,50,50
basketball_push,config_3,9500000,9500000,basketball-v3,0,0.0,,191.635288937071,,500.0,,1,50,50
basketball_push,config_3,9500000,9500000,push-v3,1,0.7,,92.45791371919056,,197.78,68.25714285714285,1,50,50
basketball_push,config_3,9550000,9550000,basketball-v3,0,0.0,,214.33608211352197,,500.0,,1,50,50
basketball_push,config_3,9550000,9550000,push-v3,1,0.76,,102.90081479180174,,161.7,54.86842105263158,1,50,50
basketball_push,config_3,9600000,9600000,basketball-v3,0,0.0,,497.2545843120694,,500.0,,1,50,50
basketball_push,config_3,9600000,9600000,push-v3,1,0.72,,82.54972891274154,,187.94,66.58333333333333,1,50,50
basketball_push,config_3,9650000,9650000,basketball-v3,0,0.0,,191.03509757084555,,500.0,,1,50,50
basketball_push,config_3,9650000,9650000,push-v3,1,0.5,,141.85652099496664,,287.4,74.8,1,50,50
basketball_push,config_3,9700000,9700000,basketball-v3,0,0.0,,138.6720789321196,,500.0,,1,50,50
basketball_push,config_3,9700000,9700000,push-v3,1,0.44,,120.14429148218277,,309.22,66.4090909090909,1,50,50
basketball_push,config_3,9750000,9750000,basketball-v3,0,0.0,,142.96991278107052,,500.0,,1,50,50
basketball_push,config_3,9750000,9750000,push-v3,1,0.58,,113.76735317901462,,264.22,93.48275862068964,1,50,50
basketball_push,config_3,9800000,9800000,basketball-v3,0,0.0,,164.38641417636637,,500.0,,1,50,50
basketball_push,config_3,9800000,9800000,push-v3,1,0.68,,90.82874511972273,,212.34,76.97058823529412,1,50,50
basketball_push,config_3,9850000,9850000,basketball-v3,0,0.0,,55.88435086713085,,500.0,,1,50,50
basketball_push,config_3,9850000,9850000,push-v3,1,0.74,,106.78385960017826,,176.68,63.08108108108108,1,50,50
basketball_push,config_3,9900000,9900000,basketball-v3,0,0.0,,50.84020821173889,,500.0,,1,50,50
basketball_push,config_3,9900000,9900000,push-v3,1,0.68,,90.63975626466826,,216.5,83.08823529411765,1,50,50
basketball_push,config_3,9950000,9950000,basketball-v3,0,0.0,,88.8801143928663,,500.0,,1,50,50
basketball_push,config_3,9950000,9950000,push-v3,1,0.6,,97.81344420034505,,245.82,76.36666666666666,1,50,50
basketball_push,config_3,10000000,10000000,basketball-v3,0,0.0,,96.90293550313032,,500.0,,1,50,50
basketball_push,config_3,10000000,10000000,push-v3,1,0.72,,85.48180734768188,,201.2,85.0,1,50,50
basketball_push,config_3,10000000,final,basketball-v3,0,0.0,,550.9118424209125,,500.0,,1,50,50
basketball_push,config_3,10000000,final,push-v3,1,0.74,,78.71399724749806,,177.62,64.35135135135135,1,50,50
