run_label,config_name,checkpoint_step,checkpoint_label,env_name,task_one_hot_idx,mean_success_rate,std_success_rate,mean_return,std_return_across_seeds,mean_steps,mean_first_success_step,eval_seeds,total_episodes,goals
pickplace_push,config_1,50000,50000,pick-place-v3,0,0.0,,5.296708471052921,,500.0,,1,50,50
pickplace_push,config_1,50000,50000,push-v3,1,0.0,,29.964258930505775,,500.0,,1,50,50
pickplace_push,config_1,100000,100000,pick-place-v3,0,0.0,,4.541617682912775,,500.0,,1,50,50
pickplace_push,config_1,100000,100000,push-v3,1,0.0,,84.85378179755669,,500.0,,1,50,50
pickplace_push,config_1,150000,150000,pick-place-v3,0,0.0,,12.93818969823243,,500.0,,1,50,50
pickplace_push,config_1,150000,150000,push-v3,1,0.0,,290.545582903098,,500.0,,1,50,50
pickplace_push,config_1,200000,200000,pick-place-v3,0,0.0,,26.144308249738113,,500.0,,1,50,50
pickplace_push,config_1,200000,200000,push-v3,1,0.0,,220.4839238776645,,500.0,,1,50,50
pickplace_push,config_1,250000,250000,pick-place-v3,0,0.0,,37.20606874325642,,500.0,,1,50,50
pickplace_push,config_1,250000,250000,push-v3,1,0.0,,347.22683756629,,500.0,,1,50,50
pickplace_push,config_1,300000,300000,pick-place-v3,0,0.0,,42.91295244762991,,500.0,,1,50,50
pickplace_push,config_1,300000,300000,push-v3,1,0.0,,319.1923378443642,,500.0,,1,50,50
pickplace_push,config_1,350000,350000,pick-place-v3,0,0.0,,47.60285557103303,,500.0,,1,50,50
pickplace_push,config_1,350000,350000,push-v3,1,0.0,,456.1132049427933,,500.0,,1,50,50
pickplace_push,config_1,400000,400000,pick-place-v3,0,0.0,,51.038466299021586,,500.0,,1,50,50
pickplace_push,config_1,400000,400000,push-v3,1,0.0,,558.919596122812,,500.0,,1,50,50
pickplace_push,config_1,450000,450000,pick-place-v3,0,0.0,,97.05220372207127,,500.0,,1,50,50
pickplace_push,config_1,450000,450000,push-v3,1,0.0,,749.5562227474289,,500.0,,1,50,50
pickplace_push,config_1,500000,500000,pick-place-v3,0,0.0,,217.39478444069118,,500.0,,1,50,50
pickplace_push,config_1,500000,500000,push-v3,1,0.0,,1255.9372577984632,,500.0,,1,50,50
pickplace_push,config_1,550000,550000,pick-place-v3,0,0.0,,544.2289515526577,,500.0,,1,50,50
pickplace_push,config_1,550000,550000,push-v3,1,0.0,,923.4321425936728,,500.0,,1,50,50
pickplace_push,config_1,600000,600000,pick-place-v3,0,0.0,,550.5144235398343,,500.0,,1,50,50
pickplace_push,config_1,600000,600000,push-v3,1,0.0,,836.3911173050811,,500.0,,1,50,50
pickplace_push,config_1,650000,650000,pick-place-v3,0,0.0,,569.1153067200572,,500.0,,1,50,50
pickplace_push,config_1,650000,650000,push-v3,1,0.0,,987.2174377081278,,500.0,,1,50,50
pickplace_push,config_1,700000,700000,pick-place-v3,0,0.0,,833.6709097669575,,500.0,,1,50,50
pickplace_push,config_1,700000,700000,push-v3,1,0.0,,1569.8668205411432,,500.0,,1,50,50
pickplace_push,config_1,750000,750000,pick-place-v3,0,0.0,,1509.2420457712717,,500.0,,1,50,50
pickplace_push,config_1,750000,750000,push-v3,1,0.04,,2510.5568106143505,,484.06,101.5,1,50,50
pickplace_push,config_1,800000,800000,pick-place-v3,0,0.24,,1306.8190203705637,,399.46,81.08333333333333,1,50,50
pickplace_push,config_1,800000,800000,push-v3,1,0.24,,2598.602696917038,,409.28,122.0,1,50,50
pickplace_push,config_1,850000,850000,pick-place-v3,0,0.46,,1071.8106724138408,,326.24,122.26086956521739,1,50,50
pickplace_push,config_1,850000,850000,push-v3,1,0.42,,2125.6132143269906,,325.8,85.23809523809524,1,50,50
pickplace_push,config_1,900000,900000,pick-place-v3,0,0.38,,1041.4127347684584,,348.16,100.42105263157895,1,50,50
pickplace_push,config_1,900000,900000,push-v3,1,0.44,,2011.682309679216,,314.52,78.45454545454545,1,50,50
pickplace_push,config_1,950000,950000,pick-place-v3,0,0.56,,938.8948973336315,,270.36,89.92857142857143,1,50,50
pickplace_push,config_1,950000,950000,push-v3,1,0.42,,2067.0496332558505,,315.54,60.80952380952381,1,50,50
pickplace_push,config_1,1000000,1000000,pick-place-v3,0,0.62,,820.3044750652855,,236.12,74.38709677419355,1,50,50
pickplace_push,config_1,1000000,1000000,push-v3,1,0.34,,2425.065288230813,,358.3,83.23529411764706,1,50,50
pickplace_push,config_1,1050000,1050000,pick-place-v3,0,0.58,,971.3649772522366,,246.34,62.6551724137931,1,50,50
pickplace_push,config_1,1050000,1050000,push-v3,1,0.36,,2337.882283446019,,353.36,92.66666666666667,1,50,50
pickplace_push,config_1,1100000,1100000,pick-place-v3,0,0.58,,968.7635997312449,,238.48,49.10344827586207,1,50,50
pickplace_push,config_1,1100000,1100000,push-v3,1,0.36,,2295.545416984136,,352.82,91.16666666666667,1,50,50
pickplace_push,config_1,1150000,1150000,pick-place-v3,0,0.54,,975.1276618641776,,273.94,81.37037037037037,1,50,50
pickplace_push,config_1,1150000,1150000,push-v3,1,0.36,,2280.3169442566514,,354.54,95.94444444444444,1,50,50
pickplace_push,config_1,1200000,1200000,pick-place-v3,0,0.56,,898.9201744626093,,256.2,64.64285714285714,1,50,50
pickplace_push,config_1,1200000,1200000,push-v3,1,0.3,,2341.893581706081,,373.3,77.66666666666667,1,50,50
pickplace_push,config_1,1250000,1250000,pick-place-v3,0,0.56,,1004.4273833847432,,254.08,60.857142857142854,1,50,50
pickplace_push,config_1,1250000,1250000,push-v3,1,0.3,,2474.46049790337,,378.16,93.86666666666666,1,50,50
pickplace_push,config_1,1300000,1300000,pick-place-v3,0,0.58,,894.1361068375699,,245.04,60.41379310344828,1,50,50
pickplace_push,config_1,1300000,1300000,push-v3,1,0.34,,2306.5296153795857,,356.82,78.88235294117646,1,50,50
pickplace_push,config_1,1350000,1350000,pick-place-v3,0,0.64,,829.1651819439154,,218.6,60.3125,1,50,50
pickplace_push,config_1,1350000,1350000,push-v3,1,0.44,,2032.0542786924548,,303.88,54.27272727272727,1,50,50
pickplace_push,config_1,1400000,1400000,pick-place-v3,0,0.64,,728.230420273988,,229.62,77.53125,1,50,50
pickplace_push,config_1,1400000,1400000,push-v3,1,0.4,,2232.190736529336,,324.08,60.2,1,50,50
pickplace_push,config_1,1450000,1450000,pick-place-v3,0,0.64,,676.0654303781968,,217.3,58.28125,1,50,50
pickplace_push,config_1,1450000,1450000,push-v3,1,0.54,,1750.791312631884,,257.26,50.48148148148148,1,50,50
pickplace_push,config_1,1500000,1500000,pick-place-v3,0,0.58,,717.2106261739774,,246.02,62.10344827586207,1,50,50
pickplace_push,config_1,1500000,1500000,push-v3,1,0.64,,1473.898226303755,,215.42,55.34375,1,50,50
pickplace_push,config_1,1550000,1550000,pick-place-v3,0,0.64,,780.3148714295758,,223.18,67.46875,1,50,50
pickplace_push,config_1,1550000,1550000,push-v3,1,0.66,,1491.7504919584803,,218.56,73.57575757575758,1,50,50
pickplace_push,config_1,1600000,1600000,pick-place-v3,0,0.7,,651.471697487501,,191.56,59.371428571428574,1,50,50
pickplace_push,config_1,1600000,1600000,push-v3,1,0.72,,1172.1049402439062,,178.78,53.861111111111114,1,50,50
pickplace_push,config_1,1650000,1650000,pick-place-v3,0,0.72,,641.8394874975213,,170.58,42.47222222222222,1,50,50
pickplace_push,config_1,1650000,1650000,push-v3,1,0.72,,1181.0221563224745,,175.58,49.416666666666664,1,50,50
pickplace_push,config_1,1700000,1700000,pick-place-v3,0,0.74,,572.8177612656162,,160.4,41.08108108108108,1,50,50
pickplace_push,config_1,1700000,1700000,push-v3,1,0.66,,1568.585289545747,,224.02,81.84848484848484,1,50,50
pickplace_push,config_1,1750000,1750000,pick-place-v3,0,0.8,,498.21476197511845,,133.02,41.275,1,50,50
pickplace_push,config_1,1750000,1750000,push-v3,1,0.68,,1387.462836294345,,199.14,57.55882352941177,1,50,50
pickplace_push,config_1,1800000,1800000,pick-place-v3,0,0.8,,455.337926922831,,132.8,41.0,1,50,50
pickplace_push,config_1,1800000,1800000,push-v3,1,0.7,,1332.9667529737944,,195.1,64.42857142857143,1,50,50
pickplace_push,config_1,1850000,1850000,pick-place-v3,0,0.92,,273.7215866868277,,78.52,41.869565217391305,1,50,50
pickplace_push,config_1,1850000,1850000,push-v3,1,0.82,,907.297819389592,,138.68,59.36585365853659,1,50,50
pickplace_push,config_1,1900000,1900000,pick-place-v3,0,0.94,,145.66861958272833,,69.16,41.659574468085104,1,50,50
pickplace_push,config_1,1900000,1900000,push-v3,1,0.92,,490.81393213234765,,86.56,50.608695652173914,1,50,50
pickplace_push,config_1,1950000,1950000,pick-place-v3,0,0.94,,144.4650497670605,,70.16,42.723404255319146,1,50,50
pickplace_push,config_1,1950000,1950000,push-v3,1,0.74,,1164.9716570183273,,173.14,58.2972972972973,1,50,50
pickplace_push,config_1,2000000,2000000,pick-place-v3,0,0.98,,57.27354990303749,,50.36,41.183673469387756,1,50,50
pickplace_push,config_1,2000000,2000000,push-v3,1,0.94,,526.4371247197563,,89.2,62.97872340425532,1,50,50
pickplace_push,config_1,2050000,2050000,pick-place-v3,0,0.98,,55.12584703845365,,50.16,40.97959183673469,1,50,50
pickplace_push,config_1,2050000,2050000,push-v3,1,0.84,,699.9815053833315,,120.48,48.19047619047619,1,50,50
pickplace_push,config_1,2100000,2100000,pick-place-v3,0,0.98,,54.185256018921216,,50.02,40.83673469387755,1,50,50
pickplace_push,config_1,2100000,2100000,push-v3,1,0.9,,478.3645846776558,,92.44,47.15555555555556,1,50,50
pickplace_push,config_1,2150000,2150000,pick-place-v3,0,0.98,,53.696056460748,,50.18,41.0,1,50,50
pickplace_push,config_1,2150000,2150000,push-v3,1,0.94,,371.43674682673316,,70.36,42.93617021276596,1,50,50
pickplace_push,config_1,2200000,2200000,pick-place-v3,0,0.98,,54.534078141122315,,49.88,40.69387755102041,1,50,50
pickplace_push,config_1,2200000,2200000,push-v3,1,0.94,,383.0305918848412,,70.8,43.40425531914894,1,50,50
pickplace_push,config_1,2250000,2250000,pick-place-v3,0,0.98,,53.452659779984884,,50.0,40.816326530612244,1,50,50
pickplace_push,config_1,2250000,2250000,push-v3,1,0.98,,213.7012875526816,,49.86,40.673469387755105,1,50,50
pickplace_push,config_1,2300000,2300000,pick-place-v3,0,0.98,,53.5348663275995,,50.72,41.55102040816327,1,50,50
pickplace_push,config_1,2300000,2300000,push-v3,1,0.98,,231.7706533164105,,61.92,52.97959183673469,1,50,50
pickplace_push,config_1,2350000,2350000,pick-place-v3,0,1.0,,56.90921884720377,,42.32,42.32,1,50,50
pickplace_push,config_1,2350000,2350000,push-v3,1,0.9,,489.9385179908677,,94.48,49.422222222222224,1,50,50
pickplace_push,config_1,2400000,2400000,pick-place-v3,0,0.98,,56.00667223466566,,51.9,42.755102040816325,1,50,50
pickplace_push,config_1,2400000,2400000,push-v3,1,0.98,,245.07618583594774,,54.3,45.204081632653065,1,50,50
pickplace_push,config_1,2450000,2450000,pick-place-v3,0,1.0,,63.270201546492444,,44.0,44.0,1,50,50
pickplace_push,config_1,2450000,2450000,push-v3,1,0.78,,940.117145436872,,141.92,40.92307692307692,1,50,50
pickplace_push,config_1,2500000,2500000,pick-place-v3,0,1.0,,62.162256077151625,,43.48,43.48,1,50,50
pickplace_push,config_1,2500000,2500000,push-v3,1,0.78,,938.237410646501,,142.62,41.82051282051282,1,50,50
pickplace_push,config_1,2550000,2550000,pick-place-v3,0,1.0,,58.03428893884126,,42.64,42.64,1,50,50
pickplace_push,config_1,2550000,2550000,push-v3,1,0.98,,260.4710431302395,,56.0,46.93877551020408,1,50,50
pickplace_push,config_1,2600000,2600000,pick-place-v3,0,1.0,,58.298574641200474,,43.06,43.06,1,50,50
pickplace_push,config_1,2600000,2600000,push-v3,1,0.96,,303.4302449925273,,61.68,43.416666666666664,1,50,50
pickplace_push,config_1,2650000,2650000,pick-place-v3,0,1.0,,58.2685602444115,,42.98,42.98,1,50,50
pickplace_push,config_1,2650000,2650000,push-v3,1,1.0,,148.76407047603297,,43.64,43.64,1,50,50
pickplace_push,config_1,2700000,2700000,pick-place-v3,0,1.0,,64.98122764199923,,44.14,44.14,1,50,50
pickplace_push,config_1,2700000,2700000,push-v3,1,1.0,,136.93567017290124,,40.94,40.94,1,50,50
pickplace_push,config_1,2750000,2750000,pick-place-v3,0,1.0,,64.6832171580847,,44.2,44.2,1,50,50
pickplace_push,config_1,2750000,2750000,push-v3,1,1.0,,137.5344642562947,,40.62,40.62,1,50,50
pickplace_push,config_1,2800000,2800000,pick-place-v3,0,1.0,,62.236423009629945,,43.94,43.94,1,50,50
pickplace_push,config_1,2800000,2800000,push-v3,1,0.96,,277.14556670372764,,58.8,40.416666666666664,1,50,50
pickplace_push,config_1,2850000,2850000,pick-place-v3,0,1.0,,66.55657205714982,,44.02,44.02,1,50,50
pickplace_push,config_1,2850000,2850000,push-v3,1,1.0,,136.4952085896114,,40.44,40.44,1,50,50
pickplace_push,config_1,2900000,2900000,pick-place-v3,0,1.0,,62.32785610573641,,42.86,42.86,1,50,50
pickplace_push,config_1,2900000,2900000,push-v3,1,0.98,,203.0010658703839,,50.42,41.244897959183675,1,50,50
pickplace_push,config_1,2950000,2950000,pick-place-v3,0,1.0,,62.60499580368115,,43.98,43.98,1,50,50
pickplace_push,config_1,2950000,2950000,push-v3,1,1.0,,135.92069538207372,,40.76,40.76,1,50,50
pickplace_push,config_1,3000000,3000000,pick-place-v3,0,0.98,,60.00558096520935,,53.74,44.63265306122449,1,50,50
pickplace_push,config_1,3000000,3000000,push-v3,1,0.96,,264.77322771881916,,59.22,40.854166666666664,1,50,50
pickplace_push,config_1,3050000,3050000,pick-place-v3,0,1.0,,65.5690734686791,,44.62,44.62,1,50,50
pickplace_push,config_1,3050000,3050000,push-v3,1,0.94,,355.56334069660875,,68.58,41.04255319148936,1,50,50
pickplace_push,config_1,3100000,3100000,pick-place-v3,0,1.0,,64.01146897142694,,44.58,44.58,1,50,50
pickplace_push,config_1,3100000,3100000,push-v3,1,0.98,,211.62296697677107,,50.24,41.06122448979592,1,50,50
pickplace_push,config_1,3150000,3150000,pick-place-v3,0,0.98,,63.10702985384787,,53.68,44.57142857142857,1,50,50
pickplace_push,config_1,3150000,3150000,push-v3,1,0.96,,271.6373835486549,,59.22,40.854166666666664,1,50,50
pickplace_push,config_1,3200000,3200000,pick-place-v3,0,0.98,,64.19468033181015,,53.38,44.265306122448976,1,50,50
pickplace_push,config_1,3200000,3200000,push-v3,1,0.98,,204.30336304068507,,50.76,41.59183673469388,1,50,50
pickplace_push,config_1,3250000,3250000,pick-place-v3,0,1.0,,68.05698718221888,,53.08,53.08,1,50,50
pickplace_push,config_1,3250000,3250000,push-v3,1,0.96,,275.78446345302814,,60.46,42.145833333333336,1,50,50
pickplace_push,config_1,3300000,3300000,pick-place-v3,0,0.96,,62.113529406074,,63.44,45.25,1,50,50
pickplace_push,config_1,3300000,3300000,push-v3,1,0.98,,145.13336441631472,,51.1,41.93877551020408,1,50,50
pickplace_push,config_1,3350000,3350000,pick-place-v3,0,0.96,,60.530013285705955,,64.84,46.708333333333336,1,50,50
pickplace_push,config_1,3350000,3350000,push-v3,1,0.96,,323.2402782502723,,66.1,48.020833333333336,1,50,50
pickplace_push,config_1,3400000,3400000,pick-place-v3,0,1.0,,64.29996683835888,,46.0,46.0,1,50,50
pickplace_push,config_1,3400000,3400000,push-v3,1,1.0,,131.56106808834718,,39.92,39.92,1,50,50
pickplace_push,config_1,3450000,3450000,pick-place-v3,0,0.98,,64.51981238182994,,53.14,44.02040816326531,1,50,50
pickplace_push,config_1,3450000,3450000,push-v3,1,0.98,,146.5530264169673,,49.26,40.06122448979592,1,50,50
pickplace_push,config_1,3500000,3500000,pick-place-v3,0,1.0,,65.67489929078636,,46.84,46.84,1,50,50
pickplace_push,config_1,3500000,3500000,push-v3,1,0.98,,199.7381479186361,,49.74,40.55102040816327,1,50,50
pickplace_push,config_1,3550000,3550000,pick-place-v3,0,1.0,,66.72553135706713,,43.54,43.54,1,50,50
pickplace_push,config_1,3550000,3550000,push-v3,1,1.0,,138.4770740290571,,40.7,40.7,1,50,50
pickplace_push,config_1,3600000,3600000,pick-place-v3,0,1.0,,66.66506314110148,,42.72,42.72,1,50,50
pickplace_push,config_1,3600000,3600000,push-v3,1,1.0,,135.54233760114198,,39.72,39.72,1,50,50
pickplace_push,config_1,3650000,3650000,pick-place-v3,0,1.0,,66.01215467656698,,42.8,42.8,1,50,50
pickplace_push,config_1,3650000,3650000,push-v3,1,1.0,,168.5287885840093,,43.8,43.8,1,50,50
pickplace_push,config_1,3700000,3700000,pick-place-v3,0,0.98,,59.78683832153574,,51.5,42.3469387755102,1,50,50
pickplace_push,config_1,3700000,3700000,push-v3,1,0.98,,200.8423091528353,,48.6,39.38775510204081,1,50,50
pickplace_push,config_1,3750000,3750000,pick-place-v3,0,0.98,,59.116102939649245,,51.52,42.36734693877551,1,50,50
pickplace_push,config_1,3750000,3750000,push-v3,1,1.0,,170.50455871003385,,44.26,44.26,1,50,50
pickplace_push,config_1,3800000,3800000,pick-place-v3,0,1.0,,61.01131380431254,,44.12,44.12,1,50,50
pickplace_push,config_1,3800000,3800000,push-v3,1,1.0,,158.33409818012868,,42.82,42.82,1,50,50
pickplace_push,config_1,3850000,3850000,pick-place-v3,0,1.0,,60.47981186538021,,44.02,44.02,1,50,50
pickplace_push,config_1,3850000,3850000,push-v3,1,1.0,,124.51725925755349,,38.62,38.62,1,50,50
pickplace_push,config_1,3900000,3900000,pick-place-v3,0,1.0,,63.11881532478773,,46.38,46.38,1,50,50
pickplace_push,config_1,3900000,3900000,push-v3,1,1.0,,132.7903470096953,,39.48,39.48,1,50,50
pickplace_push,config_1,3950000,3950000,pick-place-v3,0,1.0,,59.867534971388324,,46.5,46.5,1,50,50
pickplace_push,config_1,3950000,3950000,push-v3,1,1.0,,127.20908901694142,,39.06,39.06,1,50,50
pickplace_push,config_1,4000000,4000000,pick-place-v3,0,1.0,,60.14519226769862,,45.2,45.2,1,50,50
pickplace_push,config_1,4000000,4000000,push-v3,1,1.0,,137.1737799047237,,40.02,40.02,1,50,50
pickplace_push,config_1,4050000,4050000,pick-place-v3,0,1.0,,59.04346620706252,,44.16,44.16,1,50,50
pickplace_push,config_1,4050000,4050000,push-v3,1,1.0,,121.35288658817359,,37.78,37.78,1,50,50
pickplace_push,config_1,4100000,4100000,pick-place-v3,0,1.0,,58.52984599024911,,43.62,43.62,1,50,50
pickplace_push,config_1,4100000,4100000,push-v3,1,1.0,,117.71271084211106,,37.0,37.0,1,50,50
pickplace_push,config_1,4150000,4150000,pick-place-v3,0,0.98,,58.3591427493235,,53.58,44.46938775510204,1,50,50
pickplace_push,config_1,4150000,4150000,push-v3,1,1.0,,122.23952597648078,,37.4,37.4,1,50,50
pickplace_push,config_1,4200000,4200000,pick-place-v3,0,1.0,,57.980254508097936,,45.46,45.46,1,50,50
pickplace_push,config_1,4200000,4200000,push-v3,1,1.0,,125.62388039164416,,37.58,37.58,1,50,50
pickplace_push,config_1,4250000,4250000,pick-place-v3,0,1.0,,59.534458835882795,,45.12,45.12,1,50,50
pickplace_push,config_1,4250000,4250000,push-v3,1,1.0,,127.23892111675707,,37.52,37.52,1,50,50
pickplace_push,config_1,4300000,4300000,pick-place-v3,0,1.0,,58.99210012331801,,44.12,44.12,1,50,50
pickplace_push,config_1,4300000,4300000,push-v3,1,1.0,,126.04459120139899,,37.5,37.5,1,50,50
pickplace_push,config_1,4350000,4350000,pick-place-v3,0,1.0,,59.65252655544557,,44.18,44.18,1,50,50
pickplace_push,config_1,4350000,4350000,push-v3,1,1.0,,134.980795969727,,38.3,38.3,1,50,50
pickplace_push,config_1,4400000,4400000,pick-place-v3,0,0.98,,58.844209222191985,,53.08,43.95918367346939,1,50,50
pickplace_push,config_1,4400000,4400000,push-v3,1,1.0,,133.66004169971396,,38.34,38.34,1,50,50
pickplace_push,config_1,4450000,4450000,pick-place-v3,0,0.98,,58.40896161159353,,52.84,43.714285714285715,1,50,50
pickplace_push,config_1,4450000,4450000,push-v3,1,0.92,,472.7584340399082,,88.06,52.23913043478261,1,50,50
pickplace_push,config_1,4500000,4500000,pick-place-v3,0,0.98,,59.436449050482864,,52.4,43.265306122448976,1,50,50
pickplace_push,config_1,4500000,4500000,push-v3,1,0.94,,355.2581504587377,,66.36,38.680851063829785,1,50,50
pickplace_push,config_1,4550000,4550000,pick-place-v3,0,1.0,,58.51022602041634,,42.88,42.88,1,50,50
pickplace_push,config_1,4550000,4550000,push-v3,1,1.0,,183.50762260062066,,44.28,44.28,1,50,50
pickplace_push,config_1,4600000,4600000,pick-place-v3,0,1.0,,56.39910332498983,,42.48,42.48,1,50,50
pickplace_push,config_1,4600000,4600000,push-v3,1,1.0,,230.20820180071792,,50.58,50.58,1,50,50
pickplace_push,config_1,4650000,4650000,pick-place-v3,0,1.0,,56.76717236328884,,42.18,42.18,1,50,50
pickplace_push,config_1,4650000,4650000,push-v3,1,1.0,,131.5413784001467,,38.34,38.34,1,50,50
pickplace_push,config_1,4700000,4700000,pick-place-v3,0,1.0,,59.20061865984364,,42.0,42.0,1,50,50
pickplace_push,config_1,4700000,4700000,push-v3,1,1.0,,183.393759732167,,44.6,44.6,1,50,50
pickplace_push,config_1,4750000,4750000,pick-place-v3,0,1.0,,59.295305878189986,,42.6,42.6,1,50,50
pickplace_push,config_1,4750000,4750000,push-v3,1,1.0,,141.56716828076955,,39.4,39.4,1,50,50
pickplace_push,config_1,4800000,4800000,pick-place-v3,0,1.0,,59.05496614488704,,42.64,42.64,1,50,50
pickplace_push,config_1,4800000,4800000,push-v3,1,1.0,,146.79814195923328,,39.86,39.86,1,50,50
pickplace_push,config_1,4850000,4850000,pick-place-v3,0,1.0,,58.99116137458941,,42.66,42.66,1,50,50
pickplace_push,config_1,4850000,4850000,push-v3,1,1.0,,145.81732441392833,,39.68,39.68,1,50,50
pickplace_push,config_1,4900000,4900000,pick-place-v3,0,1.0,,59.971726511613696,,42.8,42.8,1,50,50
pickplace_push,config_1,4900000,4900000,push-v3,1,1.0,,146.97704936114576,,38.94,38.94,1,50,50
pickplace_push,config_1,4950000,4950000,pick-place-v3,0,1.0,,59.777678528311306,,43.14,43.14,1,50,50
pickplace_push,config_1,4950000,4950000,push-v3,1,1.0,,138.98911327119774,,38.32,38.32,1,50,50
pickplace_push,config_1,5000000,5000000,pick-place-v3,0,1.0,,60.51638986050571,,44.22,44.22,1,50,50
pickplace_push,config_1,5000000,5000000,push-v3,1,1.0,,136.91729772603495,,38.26,38.26,1,50,50
pickplace_push,config_1,5050000,5050000,pick-place-v3,0,1.0,,60.647590605312296,,43.48,43.48,1,50,50
pickplace_push,config_1,5050000,5050000,push-v3,1,1.0,,149.1485783762291,,39.8,39.8,1,50,50
pickplace_push,config_1,5100000,5100000,pick-place-v3,0,1.0,,61.08157689470956,,43.48,43.48,1,50,50
pickplace_push,config_1,5100000,5100000,push-v3,1,1.0,,135.79461044537854,,38.22,38.22,1,50,50
pickplace_push,config_1,5150000,5150000,pick-place-v3,0,1.0,,61.17566202569096,,43.42,43.42,1,50,50
pickplace_push,config_1,5150000,5150000,push-v3,1,1.0,,130.9486700762743,,37.9,37.9,1,50,50
pickplace_push,config_1,5200000,5200000,pick-place-v3,0,1.0,,60.44426676615518,,43.06,43.06,1,50,50
pickplace_push,config_1,5200000,5200000,push-v3,1,1.0,,134.40732533942796,,38.16,38.16,1,50,50
pickplace_push,config_1,5250000,5250000,pick-place-v3,0,1.0,,61.51722659099931,,43.64,43.64,1,50,50
pickplace_push,config_1,5250000,5250000,push-v3,1,1.0,,135.5514170641971,,38.54,38.54,1,50,50
pickplace_push,config_1,5300000,5300000,pick-place-v3,0,1.0,,61.171381170182464,,43.22,43.22,1,50,50
pickplace_push,config_1,5300000,5300000,push-v3,1,1.0,,135.09820760112365,,38.32,38.32,1,50,50
pickplace_push,config_1,5350000,5350000,pick-place-v3,0,1.0,,59.1887871243763,,42.34,42.34,1,50,50
pickplace_push,config_1,5350000,5350000,push-v3,1,1.0,,134.50896232989896,,37.8,37.8,1,50,50
pickplace_push,config_1,5400000,5400000,pick-place-v3,0,1.0,,59.63700588092462,,41.78,41.78,1,50,50
pickplace_push,config_1,5400000,5400000,push-v3,1,1.0,,138.41785232094983,,38.3,38.3,1,50,50
pickplace_push,config_1,5450000,5450000,pick-place-v3,0,1.0,,58.51126393090412,,42.14,42.14,1,50,50
pickplace_push,config_1,5450000,5450000,push-v3,1,1.0,,134.52009035357412,,37.7,37.7,1,50,50
pickplace_push,config_1,5500000,5500000,pick-place-v3,0,1.0,,58.983639150315014,,42.76,42.76,1,50,50
pickplace_push,config_1,5500000,5500000,push-v3,1,1.0,,137.7184904654515,,37.7,37.7,1,50,50
pickplace_push,config_1,5550000,5550000,pick-place-v3,0,1.0,,59.034945044818194,,42.48,42.48,1,50,50
pickplace_push,config_1,5550000,5550000,push-v3,1,1.0,,135.5333364454885,,37.54,37.54,1,50,50
pickplace_push,config_1,5600000,5600000,pick-place-v3,0,1.0,,58.82128438992053,,42.18,42.18,1,50,50
pickplace_push,config_1,5600000,5600000,push-v3,1,1.0,,137.36578200425993,,37.54,37.54,1,50,50
pickplace_push,config_1,5650000,5650000,pick-place-v3,0,1.0,,58.56625860012507,,42.14,42.14,1,50,50
pickplace_push,config_1,5650000,5650000,push-v3,1,1.0,,135.45688988565516,,37.58,37.58,1,50,50
pickplace_push,config_1,5700000,5700000,pick-place-v3,0,1.0,,57.85969978139543,,42.46,42.46,1,50,50
pickplace_push,config_1,5700000,5700000,push-v3,1,0.96,,131.72678384121406,,56.1,37.604166666666664,1,50,50
pickplace_push,config_1,5750000,5750000,pick-place-v3,0,1.0,,58.67070757524297,,42.84,42.84,1,50,50
pickplace_push,config_1,5750000,5750000,push-v3,1,0.98,,143.72482396825717,,47.34,38.10204081632653,1,50,50
pickplace_push,config_1,5800000,5800000,pick-place-v3,0,1.0,,56.937688632974975,,42.02,42.02,1,50,50
pickplace_push,config_1,5800000,5800000,push-v3,1,0.96,,137.5837236330926,,56.18,37.6875,1,50,50
pickplace_push,config_1,5850000,5850000,pick-place-v3,0,1.0,,56.64618646191359,,42.0,42.0,1,50,50
pickplace_push,config_1,5850000,5850000,push-v3,1,0.94,,152.84872253299108,,65.1,37.340425531914896,1,50,50
pickplace_push,config_1,5900000,5900000,pick-place-v3,0,1.0,,56.397980952696834,,42.4,42.4,1,50,50
pickplace_push,config_1,5900000,5900000,push-v3,1,0.94,,142.16539280070737,,66.76,39.1063829787234,1,50,50
pickplace_push,config_1,5950000,5950000,pick-place-v3,0,1.0,,55.79574143520495,,42.4,42.4,1,50,50
pickplace_push,config_1,5950000,5950000,push-v3,1,1.0,,148.437683271094,,43.16,43.16,1,50,50
pickplace_push,config_1,6000000,6000000,pick-place-v3,0,1.0,,55.68922496872793,,42.34,42.34,1,50,50
pickplace_push,config_1,6000000,6000000,push-v3,1,0.98,,137.0841900458842,,49.46,40.265306122448976,1,50,50
pickplace_push,config_1,6050000,6050000,pick-place-v3,0,0.98,,55.47650388471609,,51.62,42.46938775510204,1,50,50
pickplace_push,config_1,6050000,6050000,push-v3,1,0.94,,147.4455927376401,,70.6,43.191489361702125,1,50,50
pickplace_push,config_1,6100000,6100000,pick-place-v3,0,1.0,,55.91157454998272,,42.64,42.64,1,50,50
pickplace_push,config_1,6100000,6100000,push-v3,1,0.94,,175.6729196387313,,73.84,46.638297872340424,1,50,50
pickplace_push,config_1,6150000,6150000,pick-place-v3,0,1.0,,55.86786311656425,,42.54,42.54,1,50,50
pickplace_push,config_1,6150000,6150000,push-v3,1,1.0,,147.42677052128224,,48.24,48.24,1,50,50
pickplace_push,config_1,6200000,6200000,pick-place-v3,0,1.0,,55.59415921365842,,42.34,42.34,1,50,50
pickplace_push,config_1,6200000,6200000,push-v3,1,0.98,,152.77852602152916,,48.54,39.326530612244895,1,50,50
pickplace_push,config_1,6250000,6250000,pick-place-v3,0,1.0,,55.574643400857894,,42.06,42.06,1,50,50
pickplace_push,config_1,6250000,6250000,push-v3,1,0.98,,153.2513854937329,,47.94,38.714285714285715,1,50,50
pickplace_push,config_1,6300000,6300000,pick-place-v3,0,1.0,,55.56203943924487,,41.98,41.98,1,50,50
pickplace_push,config_1,6300000,6300000,push-v3,1,0.96,,139.65338152670384,,55.28,36.75,1,50,50
pickplace_push,config_1,6350000,6350000,pick-place-v3,0,1.0,,55.935245625525596,,42.64,42.64,1,50,50
pickplace_push,config_1,6350000,6350000,push-v3,1,0.96,,197.23708612205294,,56.0,37.5,1,50,50
pickplace_push,config_1,6400000,6400000,pick-place-v3,0,1.0,,56.54518026595241,,42.2,42.2,1,50,50
pickplace_push,config_1,6400000,6400000,push-v3,1,0.98,,145.05006549325537,,46.4,37.142857142857146,1,50,50
pickplace_push,config_1,6450000,6450000,pick-place-v3,0,1.0,,54.38831984428465,,42.02,42.02,1,50,50
pickplace_push,config_1,6450000,6450000,push-v3,1,0.96,,165.51363236783683,,56.64,38.166666666666664,1,50,50
pickplace_push,config_1,6500000,6500000,pick-place-v3,0,1.0,,54.4731055519966,,42.38,42.38,1,50,50
pickplace_push,config_1,6500000,6500000,push-v3,1,0.92,,142.7289510303106,,74.66,37.67391304347826,1,50,50
pickplace_push,config_1,6550000,6550000,pick-place-v3,0,0.98,,54.058595940772214,,54.48,45.38775510204081,1,50,50
pickplace_push,config_1,6550000,6550000,push-v3,1,0.94,,204.04312419286572,,78.1,51.170212765957444,1,50,50
pickplace_push,config_1,6600000,6600000,pick-place-v3,0,0.98,,54.39181431909355,,51.4,42.244897959183675,1,50,50
pickplace_push,config_1,6600000,6600000,push-v3,1,0.98,,137.1147815123014,,46.28,37.02040816326531,1,50,50
pickplace_push,config_1,6650000,6650000,pick-place-v3,0,1.0,,55.539483544643446,,41.56,41.56,1,50,50
pickplace_push,config_1,6650000,6650000,push-v3,1,0.98,,140.05013084594026,,46.6,37.3469387755102,1,50,50
pickplace_push,config_1,6700000,6700000,pick-place-v3,0,1.0,,56.29973552799872,,42.12,42.12,1,50,50
pickplace_push,config_1,6700000,6700000,push-v3,1,1.0,,139.03448574482874,,36.68,36.68,1,50,50
pickplace_push,config_1,6750000,6750000,pick-place-v3,0,1.0,,55.40875277547642,,42.02,42.02,1,50,50
pickplace_push,config_1,6750000,6750000,push-v3,1,1.0,,135.1261264746821,,36.58,36.58,1,50,50
pickplace_push,config_1,6800000,6800000,pick-place-v3,0,1.0,,56.86107234019684,,41.96,41.96,1,50,50
pickplace_push,config_1,6800000,6800000,push-v3,1,1.0,,136.6850542740926,,36.78,36.78,1,50,50
pickplace_push,config_1,6850000,6850000,pick-place-v3,0,0.98,,55.079214049911734,,51.22,42.06122448979592,1,50,50
pickplace_push,config_1,6850000,6850000,push-v3,1,1.0,,141.16777472133893,,37.14,37.14,1,50,50
pickplace_push,config_1,6900000,6900000,pick-place-v3,0,1.0,,58.06242746420874,,45.36,45.36,1,50,50
pickplace_push,config_1,6900000,6900000,push-v3,1,1.0,,142.31188162958958,,37.54,37.54,1,50,50
pickplace_push,config_1,6950000,6950000,pick-place-v3,0,0.98,,55.508674162060714,,51.92,42.775510204081634,1,50,50
pickplace_push,config_1,6950000,6950000,push-v3,1,1.0,,141.33080262694835,,37.54,37.54,1,50,50
pickplace_push,config_1,7000000,7000000,pick-place-v3,0,1.0,,57.58806061592188,,43.26,43.26,1,50,50
pickplace_push,config_1,7000000,7000000,push-v3,1,1.0,,142.0870849920541,,37.7,37.7,1,50,50
pickplace_push,config_1,7050000,7050000,pick-place-v3,0,1.0,,56.42266300090717,,42.92,42.92,1,50,50
pickplace_push,config_1,7050000,7050000,push-v3,1,1.0,,143.59557159806022,,37.66,37.66,1,50,50
pickplace_push,config_1,7100000,7100000,pick-place-v3,0,1.0,,57.78338409433769,,43.58,43.58,1,50,50
pickplace_push,config_1,7100000,7100000,push-v3,1,1.0,,147.7046525117785,,38.26,38.26,1,50,50
pickplace_push,config_1,7150000,7150000,pick-place-v3,0,1.0,,58.69555937829022,,42.7,42.7,1,50,50
pickplace_push,config_1,7150000,7150000,push-v3,1,1.0,,151.25417581302136,,38.48,38.48,1,50,50
pickplace_push,config_1,7200000,7200000,pick-place-v3,0,1.0,,59.63223815704106,,43.08,43.08,1,50,50
pickplace_push,config_1,7200000,7200000,push-v3,1,1.0,,151.34317745462187,,38.74,38.74,1,50,50
pickplace_push,config_1,7250000,7250000,pick-place-v3,0,1.0,,57.9123017592406,,42.84,42.84,1,50,50
pickplace_push,config_1,7250000,7250000,push-v3,1,1.0,,152.251162650998,,38.58,38.58,1,50,50
pickplace_push,config_1,7300000,7300000,pick-place-v3,0,1.0,,57.86505866488239,,42.54,42.54,1,50,50
pickplace_push,config_1,7300000,7300000,push-v3,1,1.0,,151.56316047009548,,37.94,37.94,1,50,50
pickplace_push,config_1,7350000,7350000,pick-place-v3,0,1.0,,57.418627111925545,,41.78,41.78,1,50,50
pickplace_push,config_1,7350000,7350000,push-v3,1,1.0,,152.364357080453,,37.98,37.98,1,50,50
pickplace_push,config_1,7400000,7400000,pick-place-v3,0,1.0,,57.349567313289555,,41.86,41.86,1,50,50
pickplace_push,config_1,7400000,7400000,push-v3,1,1.0,,150.1084230040532,,37.86,37.86,1,50,50
pickplace_push,config_1,7450000,7450000,pick-place-v3,0,1.0,,56.3305518015462,,41.32,41.32,1,50,50
pickplace_push,config_1,7450000,7450000,push-v3,1,1.0,,145.73112127542737,,37.16,37.16,1,50,50
pickplace_push,config_1,7500000,7500000,pick-place-v3,0,1.0,,57.060159435871974,,41.28,41.28,1,50,50
pickplace_push,config_1,7500000,7500000,push-v3,1,1.0,,149.46245243535392,,37.42,37.42,1,50,50
pickplace_push,config_1,7550000,7550000,pick-place-v3,0,1.0,,56.88946635494356,,40.92,40.92,1,50,50
pickplace_push,config_1,7550000,7550000,push-v3,1,1.0,,146.20915788360242,,37.06,37.06,1,50,50
pickplace_push,config_1,7600000,7600000,pick-place-v3,0,1.0,,56.941341267663645,,40.94,40.94,1,50,50
pickplace_push,config_1,7600000,7600000,push-v3,1,1.0,,146.35056432593697,,37.14,37.14,1,50,50
pickplace_push,config_1,7650000,7650000,pick-place-v3,0,1.0,,57.6730666669269,,41.02,41.02,1,50,50
pickplace_push,config_1,7650000,7650000,push-v3,1,1.0,,152.4630101728868,,37.6,37.6,1,50,50
pickplace_push,config_1,7700000,7700000,pick-place-v3,0,1.0,,59.14717209664813,,41.28,41.28,1,50,50
pickplace_push,config_1,7700000,7700000,push-v3,1,1.0,,159.1180814671392,,38.22,38.22,1,50,50
pickplace_push,config_1,7750000,7750000,pick-place-v3,0,1.0,,58.51365313408252,,40.9,40.9,1,50,50
pickplace_push,config_1,7750000,7750000,push-v3,1,1.0,,157.70955278069442,,38.1,38.1,1,50,50
pickplace_push,config_1,7800000,7800000,pick-place-v3,0,1.0,,58.97107722433617,,41.02,41.02,1,50,50
pickplace_push,config_1,7800000,7800000,push-v3,1,1.0,,155.0034491345301,,37.98,37.98,1,50,50
pickplace_push,config_1,7850000,7850000,pick-place-v3,0,1.0,,58.44774209610746,,40.78,40.78,1,50,50
pickplace_push,config_1,7850000,7850000,push-v3,1,1.0,,152.88874926666642,,38.9,38.9,1,50,50
pickplace_push,config_1,7900000,7900000,pick-place-v3,0,1.0,,57.48743168732682,,40.52,40.52,1,50,50
pickplace_push,config_1,7900000,7900000,push-v3,1,1.0,,150.98317134486078,,38.86,38.86,1,50,50
pickplace_push,config_1,7950000,7950000,pick-place-v3,0,1.0,,57.07875303235768,,40.56,40.56,1,50,50
pickplace_push,config_1,7950000,7950000,push-v3,1,1.0,,145.4456006613631,,38.22,38.22,1,50,50
pickplace_push,config_1,8000000,8000000,pick-place-v3,0,1.0,,57.71714346543841,,41.04,41.04,1,50,50
pickplace_push,config_1,8000000,8000000,push-v3,1,1.0,,151.03239182499297,,38.38,38.38,1,50,50
pickplace_push,config_1,8050000,8050000,pick-place-v3,0,1.0,,56.6666643225123,,40.98,40.98,1,50,50
pickplace_push,config_1,8050000,8050000,push-v3,1,1.0,,148.77482735539755,,38.16,38.16,1,50,50
pickplace_push,config_1,8100000,8100000,pick-place-v3,0,1.0,,56.78068616195852,,40.7,40.7,1,50,50
pickplace_push,config_1,8100000,8100000,push-v3,1,1.0,,146.39445143470243,,37.98,37.98,1,50,50
pickplace_push,config_1,8150000,8150000,pick-place-v3,0,1.0,,56.733665165825045,,40.98,40.98,1,50,50
pickplace_push,config_1,8150000,8150000,push-v3,1,1.0,,143.27711957308082,,38.08,38.08,1,50,50
pickplace_push,config_1,8200000,8200000,pick-place-v3,0,1.0,,57.35640881693474,,41.32,41.32,1,50,50
pickplace_push,config_1,8200000,8200000,push-v3,1,1.0,,147.0679124200734,,38.08,38.08,1,50,50
pickplace_push,config_1,8250000,8250000,pick-place-v3,0,1.0,,57.418019239450395,,41.02,41.02,1,50,50
pickplace_push,config_1,8250000,8250000,push-v3,1,1.0,,147.76804834265408,,37.84,37.84,1,50,50
pickplace_push,config_1,8300000,8300000,pick-place-v3,0,1.0,,56.69565230980428,,41.58,41.58,1,50,50
pickplace_push,config_1,8300000,8300000,push-v3,1,1.0,,130.30786063354336,,38.82,38.82,1,50,50
pickplace_push,config_1,8350000,8350000,pick-place-v3,0,1.0,,56.788226993188964,,41.84,41.84,1,50,50
pickplace_push,config_1,8350000,8350000,push-v3,1,1.0,,142.8425292237401,,47.28,47.28,1,50,50
pickplace_push,config_1,8400000,8400000,pick-place-v3,0,1.0,,56.528745621268826,,41.24,41.24,1,50,50
pickplace_push,config_1,8400000,8400000,push-v3,1,0.98,,204.77358730766147,,48.1,38.87755102040816,1,50,50
pickplace_push,config_1,8450000,8450000,pick-place-v3,0,1.0,,57.57471168910642,,41.52,41.52,1,50,50
pickplace_push,config_1,8450000,8450000,push-v3,1,1.0,,147.575709956894,,38.28,38.28,1,50,50
pickplace_push,config_1,8500000,8500000,pick-place-v3,0,1.0,,57.66547806269829,,41.64,41.64,1,50,50
pickplace_push,config_1,8500000,8500000,push-v3,1,1.0,,150.71878296316578,,38.42,38.42,1,50,50
pickplace_push,config_1,8550000,8550000,pick-place-v3,0,0.96,,55.57753932983881,,60.26,41.9375,1,50,50
pickplace_push,config_1,8550000,8550000,push-v3,1,1.0,,152.448727414824,,37.56,37.56,1,50,50
pickplace_push,config_1,8600000,8600000,pick-place-v3,0,1.0,,57.498940466007404,,42.46,42.46,1,50,50
pickplace_push,config_1,8600000,8600000,push-v3,1,1.0,,146.20973632622045,,38.12,38.12,1,50,50
pickplace_push,config_1,8650000,8650000,pick-place-v3,0,1.0,,57.09909569207678,,42.74,42.74,1,50,50
pickplace_push,config_1,8650000,8650000,push-v3,1,1.0,,145.79968873998467,,37.88,37.88,1,50,50
pickplace_push,config_1,8700000,8700000,pick-place-v3,0,1.0,,56.873494645136546,,42.92,42.92,1,50,50
pickplace_push,config_1,8700000,8700000,push-v3,1,1.0,,149.24644811555413,,38.48,38.48,1,50,50
pickplace_push,config_1,8750000,8750000,pick-place-v3,0,1.0,,57.7541339311757,,42.8,42.8,1,50,50
pickplace_push,config_1,8750000,8750000,push-v3,1,1.0,,154.8820325694887,,37.96,37.96,1,50,50
pickplace_push,config_1,8800000,8800000,pick-place-v3,0,1.0,,58.33501574700521,,42.78,42.78,1,50,50
pickplace_push,config_1,8800000,8800000,push-v3,1,1.0,,153.22139264857034,,37.56,37.56,1,50,50
pickplace_push,config_1,8850000,8850000,pick-place-v3,0,1.0,,58.25496673084819,,42.74,42.74,1,50,50
pickplace_push,config_1,8850000,8850000,push-v3,1,1.0,,150.40734942902122,,37.4,37.4,1,50,50
pickplace_push,config_1,8900000,8900000,pick-place-v3,0,1.0,,58.634656431379724,,42.76,42.76,1,50,50
pickplace_push,config_1,8900000,8900000,push-v3,1,1.0,,152.6588003152878,,37.46,37.46,1,50,50
pickplace_push,config_1,8950000,8950000,pick-place-v3,0,1.0,,58.27934774354954,,42.44,42.44,1,50,50
pickplace_push,config_1,8950000,8950000,push-v3,1,1.0,,155.6224353257037,,37.56,37.56,1,50,50
pickplace_push,config_1,9000000,9000000,pick-place-v3,0,1.0,,58.47521230005661,,42.56,42.56,1,50,50
pickplace_push,config_1,9000000,9000000,push-v3,1,1.0,,155.56199800753367,,37.58,37.58,1,50,50
pickplace_push,config_1,9050000,9050000,pick-place-v3,0,1.0,,59.49683511349144,,42.8,42.8,1,50,50
pickplace_push,config_1,9050000,9050000,push-v3,1,1.0,,155.40981771522212,,38.42,38.42,1,50,50
pickplace_push,config_1,9100000,9100000,pick-place-v3,0,1.0,,58.17936572855478,,42.8,42.8,1,50,50
pickplace_push,config_1,9100000,9100000,push-v3,1,1.0,,155.86702675318674,,37.56,37.56,1,50,50
pickplace_push,config_1,9150000,9150000,pick-place-v3,0,1.0,,59.442104938515065,,42.54,42.54,1,50,50
pickplace_push,config_1,9150000,9150000,push-v3,1,1.0,,155.84376618955665,,37.58,37.58,1,50,50
pickplace_push,config_1,9200000,9200000,pick-place-v3,0,1.0,,57.08743732433467,,41.72,41.72,1,50,50
pickplace_push,config_1,9200000,9200000,push-v3,1,1.0,,154.51382941684787,,37.52,37.52,1,50,50
pickplace_push,config_1,9250000,9250000,pick-place-v3,0,1.0,,57.33219335016922,,41.86,41.86,1,50,50
pickplace_push,config_1,9250000,9250000,push-v3,1,1.0,,150.0968319767657,,37.3,37.3,1,50,50
pickplace_push,config_1,9300000,9300000,pick-place-v3,0,1.0,,54.5979604758831,,41.16,41.16,1,50,50
pickplace_push,config_1,9300000,9300000,push-v3,1,0.96,,144.45731819272692,,55.26,36.729166666666664,1,50,50
pickplace_push,config_1,9350000,9350000,pick-place-v3,0,1.0,,56.77781777264916,,41.04,41.04,1,50,50
pickplace_push,config_1,9350000,9350000,push-v3,1,1.0,,137.41155150566948,,37.14,37.14,1,50,50
pickplace_push,config_1,9400000,9400000,pick-place-v3,0,1.0,,56.27049727067739,,41.0,41.0,1,50,50
pickplace_push,config_1,9400000,9400000,push-v3,1,1.0,,138.11898724544417,,36.04,36.04,1,50,50
pickplace_push,config_1,9450000,9450000,pick-place-v3,0,1.0,,56.71388412886507,,40.68,40.68,1,50,50
pickplace_push,config_1,9450000,9450000,push-v3,1,0.98,,141.71099154614427,,45.48,36.204081632653065,1,50,50
pickplace_push,config_1,9500000,9500000,pick-place-v3,0,1.0,,56.29914731347904,,40.76,40.76,1,50,50
pickplace_push,config_1,9500000,9500000,push-v3,1,1.0,,143.76356144856646,,36.36,36.36,1,50,50
pickplace_push,config_1,9550000,9550000,pick-place-v3,0,1.0,,56.13759272068095,,40.7,40.7,1,50,50
pickplace_push,config_1,9550000,9550000,push-v3,1,1.0,,150.2298418345772,,37.1,37.1,1,50,50
pickplace_push,config_1,9600000,9600000,pick-place-v3,0,1.0,,57.89053060992206,,40.92,40.92,1,50,50
pickplace_push,config_1,9600000,9600000,push-v3,1,1.0,,149.35656722858977,,36.92,36.92,1,50,50
pickplace_push,config_1,9650000,9650000,pick-place-v3,0,1.0,,57.24656224105659,,40.54,40.54,1,50,50
pickplace_push,config_1,9650000,9650000,push-v3,1,1.0,,145.71811967166232,,36.38,36.38,1,50,50
pickplace_push,config_1,9700000,9700000,pick-place-v3,0,1.0,,56.90163253159263,,40.4,40.4,1,50,50
pickplace_push,config_1,9700000,9700000,push-v3,1,0.98,,157.76348518634512,,55.26,46.183673469387756,1,50,50
pickplace_push,config_1,9750000,9750000,pick-place-v3,0,1.0,,56.44304203305862,,40.44,40.44,1,50,50
pickplace_push,config_1,9750000,9750000,push-v3,1,0.92,,282.2097576673059,,81.28,44.869565217391305,1,50,50
pickplace_push,config_1,9800000,9800000,pick-place-v3,0,1.0,,55.67018395831354,,40.62,40.62,1,50,50
pickplace_push,config_1,9800000,9800000,push-v3,1,0.98,,142.82272866468958,,44.78,35.48979591836735,1,50,50
pickplace_push,config_1,9850000,9850000,pick-place-v3,0,1.0,,55.152470666894516,,40.78,40.78,1,50,50
pickplace_push,config_1,9850000,9850000,push-v3,1,1.0,,150.16401175864286,,38.54,38.54,1,50,50
pickplace_push,config_1,9900000,9900000,pick-place-v3,0,1.0,,55.16442442492853,,40.58,40.58,1,50,50
pickplace_push,config_1,9900000,9900000,push-v3,1,0.98,,154.31342740550133,,45.82,36.55102040816327,1,50,50
pickplace_push,config_1,9950000,9950000,pick-place-v3,0,1.0,,54.33428448827501,,40.52,40.52,1,50,50
pickplace_push,config_1,9950000,9950000,push-v3,1,1.0,,136.7200079094835,,40.98,40.98,1,50,50
pickplace_push,config_1,10000000,10000000,pick-place-v3,0,1.0,,54.0879736375405,,40.76,40.76,1,50,50
pickplace_push,config_1,10000000,10000000,push-v3,1,0.98,,137.3792766552714,,47.44,38.204081632653065,1,50,50
pickplace_push,config_1,10000000,final,pick-place-v3,0,1.0,,54.705642948311876,,40.8,40.8,1,50,50
pickplace_push,config_1,10000000,final,push-v3,1,0.98,,137.09333140312316,,46.08,36.816326530612244,1,50,50
pickplace_push,config_2,50000,50000,pick-place-v3,0,0.0,,5.655838443964268,,500.0,,1,50,50
pickplace_push,config_2,50000,50000,push-v3,1,0.0,,109.90016043425476,,500.0,,1,50,50
pickplace_push,config_2,100000,100000,pick-place-v3,0,0.0,,4.224473207545977,,500.0,,1,50,50
pickplace_push,config_2,100000,100000,push-v3,1,0.0,,109.24806581676864,,500.0,,1,50,50
pickplace_push,config_2,150000,150000,pick-place-v3,0,0.0,,7.173148086699311,,500.0,,1,50,50
pickplace_push,config_2,150000,150000,push-v3,1,0.0,,265.4548568977412,,500.0,,1,50,50
pickplace_push,config_2,200000,200000,pick-place-v3,0,0.0,,24.082992485998535,,500.0,,1,50,50
pickplace_push,config_2,200000,200000,push-v3,1,0.0,,242.25844137906697,,500.0,,1,50,50
pickplace_push,config_2,250000,250000,pick-place-v3,0,0.0,,37.37827410615339,,500.0,,1,50,50
pickplace_push,config_2,250000,250000,push-v3,1,0.0,,276.82462184144623,,500.0,,1,50,50
pickplace_push,config_2,300000,300000,pick-place-v3,0,0.0,,42.809666980040404,,500.0,,1,50,50
pickplace_push,config_2,300000,300000,push-v3,1,0.0,,342.0506437866775,,500.0,,1,50,50
pickplace_push,config_2,350000,350000,pick-place-v3,0,0.0,,46.33494017027214,,500.0,,1,50,50
pickplace_push,config_2,350000,350000,push-v3,1,0.0,,519.9864402842907,,500.0,,1,50,50
pickplace_push,config_2,400000,400000,pick-place-v3,0,0.0,,49.26502066116008,,500.0,,1,50,50
pickplace_push,config_2,400000,400000,push-v3,1,0.0,,460.2007148150417,,500.0,,1,50,50
pickplace_push,config_2,450000,450000,pick-place-v3,0,0.0,,49.928013290425554,,500.0,,1,50,50
pickplace_push,config_2,450000,450000,push-v3,1,0.0,,414.8708926171432,,500.0,,1,50,50
pickplace_push,config_2,500000,500000,pick-place-v3,0,0.0,,48.05264187108016,,500.0,,1,50,50
pickplace_push,config_2,500000,500000,push-v3,1,0.0,,454.33995967662065,,500.0,,1,50,50
pickplace_push,config_2,550000,550000,pick-place-v3,0,0.0,,49.79625216193083,,500.0,,1,50,50
pickplace_push,config_2,550000,550000,push-v3,1,0.0,,462.93311066174846,,500.0,,1,50,50
pickplace_push,config_2,600000,600000,pick-place-v3,0,0.0,,51.336857053128455,,500.0,,1,50,50
pickplace_push,config_2,600000,600000,push-v3,1,0.0,,497.9768148367804,,500.0,,1,50,50
pickplace_push,config_2,650000,650000,pick-place-v3,0,0.0,,53.578772325028595,,500.0,,1,50,50
pickplace_push,config_2,650000,650000,push-v3,1,0.0,,514.9192754162631,,500.0,,1,50,50
pickplace_push,config_2,700000,700000,pick-place-v3,0,0.0,,55.37499327123942,,500.0,,1,50,50
pickplace_push,config_2,700000,700000,push-v3,1,0.0,,522.7769997253258,,500.0,,1,50,50
pickplace_push,config_2,750000,750000,pick-place-v3,0,0.0,,55.73636346033897,,500.0,,1,50,50
pickplace_push,config_2,750000,750000,push-v3,1,0.0,,662.2800004897323,,500.0,,1,50,50
pickplace_push,config_2,800000,800000,pick-place-v3,0,0.0,,55.81393928323892,,500.0,,1,50,50
pickplace_push,config_2,800000,800000,push-v3,1,0.0,,641.2344878827261,,500.0,,1,50,50
pickplace_push,config_2,850000,850000,pick-place-v3,0,0.0,,58.09607213117198,,500.0,,1,50,50
pickplace_push,config_2,850000,850000,push-v3,1,0.0,,920.2045158133417,,500.0,,1,50,50
pickplace_push,config_2,900000,900000,pick-place-v3,0,0.0,,59.2810890520324,,500.0,,1,50,50
pickplace_push,config_2,900000,900000,push-v3,1,0.0,,1222.9810403278389,,500.0,,1,50,50
pickplace_push,config_2,950000,950000,pick-place-v3,0,0.0,,69.0401668400637,,500.0,,1,50,50
pickplace_push,config_2,950000,950000,push-v3,1,0.0,,1200.151323477724,,500.0,,1,50,50
pickplace_push,config_2,1000000,1000000,pick-place-v3,0,0.02,,76.7177328378134,,493.98,199.0,1,50,50
pickplace_push,config_2,1000000,1000000,push-v3,1,0.0,,1084.5212338613044,,500.0,,1,50,50
pickplace_push,config_2,1050000,1050000,pick-place-v3,0,0.02,,80.62326343250756,,492.64,132.0,1,50,50
pickplace_push,config_2,1050000,1050000,push-v3,1,0.04,,1133.0976411483332,,486.26,156.5,1,50,50
pickplace_push,config_2,1100000,1100000,pick-place-v3,0,0.16,,67.29190306287654,,453.68,210.5,1,50,50
pickplace_push,config_2,1100000,1100000,push-v3,1,0.32,,2039.951471692182,,401.04,190.75,1,50,50
pickplace_push,config_2,1150000,1150000,pick-place-v3,0,0.18,,65.20891867464161,,442.74,181.88888888888889,1,50,50
pickplace_push,config_2,1150000,1150000,push-v3,1,0.4,,1638.737950150382,,353.8,134.5,1,50,50
pickplace_push,config_2,1200000,1200000,pick-place-v3,0,0.12,,69.65331222539247,,459.16,159.66666666666666,1,50,50
pickplace_push,config_2,1200000,1200000,push-v3,1,0.36,,1612.7588249738035,,361.7,115.83333333333333,1,50,50
pickplace_push,config_2,1250000,1250000,pick-place-v3,0,0.16,,97.2115641132957,,441.08,131.75,1,50,50
pickplace_push,config_2,1250000,1250000,push-v3,1,0.42,,1763.2708954401446,,327.18,88.52380952380952,1,50,50
pickplace_push,config_2,1300000,1300000,pick-place-v3,0,0.16,,86.48197983692515,,447.04,169.0,1,50,50
pickplace_push,config_2,1300000,1300000,push-v3,1,0.46,,1493.1796903792078,,316.36,100.78260869565217,1,50,50
pickplace_push,config_2,1350000,1350000,pick-place-v3,0,0.14,,112.00911282422626,,451.92,156.57142857142858,1,50,50
pickplace_push,config_2,1350000,1350000,push-v3,1,0.48,,1739.707835779565,,336.34,159.04166666666666,1,50,50
pickplace_push,config_2,1400000,1400000,pick-place-v3,0,0.16,,188.34373207860295,,452.28,201.75,1,50,50
pickplace_push,config_2,1400000,1400000,push-v3,1,0.52,,1687.4912898632144,,315.12,144.46153846153845,1,50,50
pickplace_push,config_2,1450000,1450000,pick-place-v3,0,0.12,,122.92880216874464,,455.64,130.33333333333334,1,50,50
pickplace_push,config_2,1450000,1450000,push-v3,1,0.42,,1995.7861045762434,,338.88,116.38095238095238,1,50,50
pickplace_push,config_2,1500000,1500000,pick-place-v3,0,0.14,,157.70701541061462,,457.22,194.42857142857142,1,50,50
pickplace_push,config_2,1500000,1500000,push-v3,1,0.36,,2105.957613365323,,364.02,122.27777777777777,1,50,50
pickplace_push,config_2,1550000,1550000,pick-place-v3,0,0.16,,186.08788799588388,,438.84,117.75,1,50,50
pickplace_push,config_2,1550000,1550000,push-v3,1,0.44,,1956.1631057278055,,330.02,113.68181818181819,1,50,50
pickplace_push,config_2,1600000,1600000,pick-place-v3,0,0.12,,356.8438909227378,,461.96,183.0,1,50,50
pickplace_push,config_2,1600000,1600000,push-v3,1,0.4,,2112.6988934043497,,346.18,115.45,1,50,50
pickplace_push,config_2,1650000,1650000,pick-place-v3,0,0.14,,328.36686906788054,,450.02,143.0,1,50,50
pickplace_push,config_2,1650000,1650000,push-v3,1,0.4,,2199.9139336008216,,344.56,111.4,1,50,50
pickplace_push,config_2,1700000,1700000,pick-place-v3,0,0.12,,370.01351470338454,,460.18,168.16666666666666,1,50,50
pickplace_push,config_2,1700000,1700000,push-v3,1,0.4,,2295.9502868372706,,352.46,131.15,1,50,50
pickplace_push,config_2,1750000,1750000,pick-place-v3,0,0.14,,343.18300665709336,,442.34,88.14285714285714,1,50,50
pickplace_push,config_2,1750000,1750000,push-v3,1,0.34,,2361.185609273508,,368.66,113.70588235294117,1,50,50
pickplace_push,config_2,1800000,1800000,pick-place-v3,0,0.16,,359.4693794855185,,436.4,102.5,1,50,50
pickplace_push,config_2,1800000,1800000,push-v3,1,0.34,,2440.0875278290405,,367.7,110.88235294117646,1,50,50
pickplace_push,config_2,1850000,1850000,pick-place-v3,0,0.22,,248.77603253675318,,405.02,68.27272727272727,1,50,50
pickplace_push,config_2,1850000,1850000,push-v3,1,0.32,,2519.3668915237417,,374.94,109.1875,1,50,50
pickplace_push,config_2,1900000,1900000,pick-place-v3,0,0.18,,337.88929741675463,,430.36,113.11111111111111,1,50,50
pickplace_push,config_2,1900000,1900000,push-v3,1,0.26,,2639.868606667544,,390.96,80.61538461538461,1,50,50
pickplace_push,config_2,1950000,1950000,pick-place-v3,0,0.22,,289.62224497478087,,416.2,119.0909090909091,1,50,50
pickplace_push,config_2,1950000,1950000,push-v3,1,0.28,,2557.0085481567703,,386.28,93.85714285714286,1,50,50
pickplace_push,config_2,2000000,2000000,pick-place-v3,0,0.14,,349.8522580409662,,448.28,130.57142857142858,1,50,50
pickplace_push,config_2,2000000,2000000,push-v3,1,0.34,,2379.1423666453084,,363.16,97.52941176470588,1,50,50
pickplace_push,config_2,2050000,2050000,pick-place-v3,0,0.24,,466.4982900257262,,402.0,91.66666666666667,1,50,50
pickplace_push,config_2,2050000,2050000,push-v3,1,0.36,,2206.6956234691897,,341.66,60.166666666666664,1,50,50
pickplace_push,config_2,2100000,2100000,pick-place-v3,0,0.18,,428.517446390012,,424.88,82.66666666666667,1,50,50
pickplace_push,config_2,2100000,2100000,push-v3,1,0.4,,2087.5569032168646,,322.5,56.25,1,50,50
pickplace_push,config_2,2150000,2150000,pick-place-v3,0,0.32,,469.92167305557626,,373.72,105.375,1,50,50
pickplace_push,config_2,2150000,2150000,push-v3,1,0.4,,2123.610540057016,,327.9,69.75,1,50,50
pickplace_push,config_2,2200000,2200000,pick-place-v3,0,0.38,,636.452645480886,,351.9,110.26315789473684,1,50,50
pickplace_push,config_2,2200000,2200000,push-v3,1,0.34,,2329.06875006747,,348.98,55.8235294117647,1,50,50
pickplace_push,config_2,2250000,2250000,pick-place-v3,0,0.46,,792.1907342049731,,327.62,125.26086956521739,1,50,50
pickplace_push,config_2,2250000,2250000,push-v3,1,0.42,,2112.0917543408627,,322.98,78.52380952380952,1,50,50
pickplace_push,config_2,2300000,2300000,pick-place-v3,0,0.52,,833.7744562997921,,300.66,116.65384615384616,1,50,50
pickplace_push,config_2,2300000,2300000,push-v3,1,0.38,,2378.1366743865256,,352.34,111.42105263157895,1,50,50
pickplace_push,config_2,2350000,2350000,pick-place-v3,0,0.5,,875.4603248426723,,290.28,80.56,1,50,50
pickplace_push,config_2,2350000,2350000,push-v3,1,0.5,,1925.2790301069333,,297.12,94.24,1,50,50
pickplace_push,config_2,2400000,2400000,pick-place-v3,0,0.56,,785.4684148407249,,266.06,82.25,1,50,50
pickplace_push,config_2,2400000,2400000,push-v3,1,0.38,,2307.8824567689207,,344.5,90.78947368421052,1,50,50
pickplace_push,config_2,2450000,2450000,pick-place-v3,0,0.5,,878.145780601249,,292.4,84.8,1,50,50
pickplace_push,config_2,2450000,2450000,push-v3,1,0.42,,2190.19142158458,,328.76,92.28571428571429,1,50,50
pickplace_push,config_2,2500000,2500000,pick-place-v3,0,0.52,,983.0789263662674,,282.34,81.42307692307692,1,50,50
pickplace_push,config_2,2500000,2500000,push-v3,1,0.42,,2165.414779113028,,322.4,77.14285714285714,1,50,50
pickplace_push,config_2,2550000,2550000,pick-place-v3,0,0.46,,1074.4452176926316,,312.48,92.34782608695652,1,50,50
pickplace_push,config_2,2550000,2550000,push-v3,1,0.42,,2176.6889160543824,,319.6,70.47619047619048,1,50,50
pickplace_push,config_2,2600000,2600000,pick-place-v3,0,0.48,,1051.565434556485,,299.42,82.125,1,50,50
pickplace_push,config_2,2600000,2600000,push-v3,1,0.44,,2176.4055201450396,,315.28,80.18181818181819,1,50,50
pickplace_push,config_2,2650000,2650000,pick-place-v3,0,0.42,,1108.3111064187572,,328.88,92.57142857142857,1,50,50
pickplace_push,config_2,2650000,2650000,push-v3,1,0.42,,2100.645423242244,,313.04,54.857142857142854,1,50,50
pickplace_push,config_2,2700000,2700000,pick-place-v3,0,0.44,,850.7028867054039,,312.26,73.31818181818181,1,50,50
pickplace_push,config_2,2700000,2700000,push-v3,1,0.58,,1676.1829127181484,,262.88,91.17241379310344,1,50,50
pickplace_push,config_2,2750000,2750000,pick-place-v3,0,0.4,,873.4680384343304,,327.86,69.65,1,50,50
pickplace_push,config_2,2750000,2750000,push-v3,1,0.54,,1818.832469850477,,287.98,107.37037037037037,1,50,50
pickplace_push,config_2,2800000,2800000,pick-place-v3,0,0.36,,967.4722239397697,,349.94,83.16666666666667,1,50,50
pickplace_push,config_2,2800000,2800000,push-v3,1,0.54,,1834.3566531568786,,276.56,86.22222222222223,1,50,50
pickplace_push,config_2,2850000,2850000,pick-place-v3,0,0.36,,797.1384781400491,,345.94,72.05555555555556,1,50,50
pickplace_push,config_2,2850000,2850000,push-v3,1,0.64,,1474.5971542736356,,230.56,79.0,1,50,50
pickplace_push,config_2,2900000,2900000,pick-place-v3,0,0.4,,645.5752206252336,,326.54,66.35,1,50,50
pickplace_push,config_2,2900000,2900000,push-v3,1,0.66,,1271.2718564548795,,207.96,57.515151515151516,1,50,50
pickplace_push,config_2,2950000,2950000,pick-place-v3,0,0.48,,801.0263675911362,,293.56,69.91666666666667,1,50,50
pickplace_push,config_2,2950000,2950000,push-v3,1,0.62,,1491.8850774827017,,226.06,58.16129032258065,1,50,50
pickplace_push,config_2,3000000,3000000,pick-place-v3,0,0.54,,706.9951675500129,,273.32,80.22222222222223,1,50,50
pickplace_push,config_2,3000000,3000000,push-v3,1,0.68,,1442.9069102174658,,212.88,77.76470588235294,1,50,50
pickplace_push,config_2,3050000,3050000,pick-place-v3,0,0.58,,680.2560012759261,,257.42,81.75862068965517,1,50,50
pickplace_push,config_2,3050000,3050000,push-v3,1,0.54,,1889.3689738850233,,268.48,71.25925925925925,1,50,50
pickplace_push,config_2,3100000,3100000,pick-place-v3,0,0.62,,691.8222097851628,,228.78,62.54838709677419,1,50,50
pickplace_push,config_2,3100000,3100000,push-v3,1,0.56,,1766.2670250564254,,254.1,60.892857142857146,1,50,50
pickplace_push,config_2,3150000,3150000,pick-place-v3,0,0.58,,778.8104281137521,,252.52,73.3103448275862,1,50,50
pickplace_push,config_2,3150000,3150000,push-v3,1,0.56,,1694.421997329578,,246.66,47.607142857142854,1,50,50
pickplace_push,config_2,3200000,3200000,pick-place-v3,0,0.62,,754.4957168541591,,228.0,61.29032258064516,1,50,50
pickplace_push,config_2,3200000,3200000,push-v3,1,0.58,,1626.6668047242247,,235.8,44.48275862068966,1,50,50
pickplace_push,config_2,3250000,3250000,pick-place-v3,0,0.64,,673.6695901654915,,218.68,60.4375,1,50,50
pickplace_push,config_2,3250000,3250000,push-v3,1,0.6,,1598.7724368532604,,228.24,47.06666666666667,1,50,50
pickplace_push,config_2,3300000,3300000,pick-place-v3,0,0.56,,719.7150059982096,,258.46,68.67857142857143,1,50,50
pickplace_push,config_2,3300000,3300000,push-v3,1,0.64,,1457.5566140089536,,216.14,56.46875,1,50,50
pickplace_push,config_2,3350000,3350000,pick-place-v3,0,0.66,,717.2733779751767,,205.62,53.96969696969697,1,50,50
pickplace_push,config_2,3350000,3350000,push-v3,1,0.72,,1216.9155540811826,,181.38,57.47222222222222,1,50,50
pickplace_push,config_2,3400000,3400000,pick-place-v3,0,0.66,,648.9729033536431,,204.38,52.09090909090909,1,50,50
pickplace_push,config_2,3400000,3400000,push-v3,1,0.8,,937.1417462997853,,143.62,54.525,1,50,50
pickplace_push,config_2,3450000,3450000,pick-place-v3,0,0.7,,622.1901125135889,,195.8,65.42857142857143,1,50,50
pickplace_push,config_2,3450000,3450000,push-v3,1,0.8,,988.386136113326,,147.14,58.925,1,50,50
pickplace_push,config_2,3500000,3500000,pick-place-v3,0,0.68,,664.3170869761033,,194.5,50.73529411764706,1,50,50
pickplace_push,config_2,3500000,3500000,push-v3,1,0.92,,560.4580897016386,,94.2,58.91304347826087,1,50,50
pickplace_push,config_2,3550000,3550000,pick-place-v3,0,0.68,,773.8832387077656,,196.56,53.76470588235294,1,50,50
pickplace_push,config_2,3550000,3550000,push-v3,1,0.82,,848.8412395107305,,130.5,49.390243902439025,1,50,50
pickplace_push,config_2,3600000,3600000,pick-place-v3,0,0.72,,722.5536041839918,,172.12,44.611111111111114,1,50,50
pickplace_push,config_2,3600000,3600000,push-v3,1,0.8,,993.0842070751042,,147.0,58.75,1,50,50
pickplace_push,config_2,3650000,3650000,pick-place-v3,0,0.74,,643.0575322049373,,163.36,45.08108108108108,1,50,50
pickplace_push,config_2,3650000,3650000,push-v3,1,0.88,,696.2096530870311,,110.04,56.86363636363637,1,50,50
pickplace_push,config_2,3700000,3700000,pick-place-v3,0,0.76,,643.3408754347608,,155.58,46.81578947368421,1,50,50
pickplace_push,config_2,3700000,3700000,push-v3,1,0.9,,540.0966853726958,,91.22,45.8,1,50,50
pickplace_push,config_2,3750000,3750000,pick-place-v3,0,0.78,,625.3902315279405,,145.16,45.07692307692308,1,50,50
pickplace_push,config_2,3750000,3750000,push-v3,1,0.9,,489.52090177571904,,86.86,40.955555555555556,1,50,50
pickplace_push,config_2,3800000,3800000,pick-place-v3,0,0.82,,495.64944162630934,,124.4,41.951219512195124,1,50,50
pickplace_push,config_2,3800000,3800000,push-v3,1,0.94,,371.73503149467876,,69.68,42.212765957446805,1,50,50
pickplace_push,config_2,3850000,3850000,pick-place-v3,0,0.82,,496.4735629433965,,126.08,44.0,1,50,50
pickplace_push,config_2,3850000,3850000,push-v3,1,0.88,,638.8912631879784,,104.86,50.97727272727273,1,50,50
pickplace_push,config_2,3900000,3900000,pick-place-v3,0,0.86,,418.4489702259743,,105.72,41.53488372093023,1,50,50
pickplace_push,config_2,3900000,3900000,push-v3,1,0.9,,564.5272829444048,,93.54,48.37777777777778,1,50,50
pickplace_push,config_2,3950000,3950000,pick-place-v3,0,0.88,,390.1270365780696,,96.94,41.97727272727273,1,50,50
pickplace_push,config_2,3950000,3950000,push-v3,1,0.92,,442.17482940102394,,78.44,41.78260869565217,1,50,50
pickplace_push,config_2,4000000,4000000,pick-place-v3,0,0.9,,327.18058862953364,,86.84,40.93333333333333,1,50,50
pickplace_push,config_2,4000000,4000000,push-v3,1,0.96,,367.7450437066643,,69.22,51.270833333333336,1,50,50
pickplace_push,config_2,4050000,4050000,pick-place-v3,0,0.96,,175.73851142580864,,60.26,41.9375,1,50,50
pickplace_push,config_2,4050000,4050000,push-v3,1,0.94,,394.3260143050325,,72.46,45.170212765957444,1,50,50
pickplace_push,config_2,4100000,4100000,pick-place-v3,0,0.96,,154.6021346997369,,59.18,40.8125,1,50,50
pickplace_push,config_2,4100000,4100000,push-v3,1,0.96,,356.24032143062686,,67.94,49.9375,1,50,50
pickplace_push,config_2,4150000,4150000,pick-place-v3,0,0.98,,115.99615132536559,,50.02,40.83673469387755,1,50,50
pickplace_push,config_2,4150000,4150000,push-v3,1,0.94,,358.90034455992395,,68.8,41.276595744680854,1,50,50
pickplace_push,config_2,4200000,4200000,pick-place-v3,0,1.0,,59.44302686407026,,41.1,41.1,1,50,50
pickplace_push,config_2,4200000,4200000,push-v3,1,0.96,,323.50004496811744,,64.22,46.0625,1,50,50
pickplace_push,config_2,4250000,4250000,pick-place-v3,0,1.0,,62.23449944791842,,42.98,42.98,1,50,50
pickplace_push,config_2,4250000,4250000,push-v3,1,0.92,,487.6922360664037,,84.92,48.82608695652174,1,50,50
pickplace_push,config_2,4300000,4300000,pick-place-v3,0,1.0,,60.2019105627629,,42.58,42.58,1,50,50
pickplace_push,config_2,4300000,4300000,push-v3,1,0.86,,652.0527830416414,,107.0,43.02325581395349,1,50,50
pickplace_push,config_2,4350000,4350000,pick-place-v3,0,1.0,,59.287940707381,,42.32,42.32,1,50,50
pickplace_push,config_2,4350000,4350000,push-v3,1,0.82,,798.1645919882266,,124.84,42.48780487804878,1,50,50
pickplace_push,config_2,4400000,4400000,pick-place-v3,0,1.0,,59.517197365213306,,40.88,40.88,1,50,50
pickplace_push,config_2,4400000,4400000,push-v3,1,0.92,,540.71598698239,,91.18,55.630434782608695,1,50,50
pickplace_push,config_2,4450000,4450000,pick-place-v3,0,1.0,,59.08528711230495,,41.42,41.42,1,50,50
pickplace_push,config_2,4450000,4450000,push-v3,1,0.96,,320.90774765276393,,63.54,45.354166666666664,1,50,50
pickplace_push,config_2,4500000,4500000,pick-place-v3,0,1.0,,59.08405518317447,,40.6,40.6,1,50,50
pickplace_push,config_2,4500000,4500000,push-v3,1,0.94,,488.90071823955964,,84.56,58.04255319148936,1,50,50
pickplace_push,config_2,4550000,4550000,pick-place-v3,0,1.0,,57.75048713454869,,40.74,40.74,1,50,50
pickplace_push,config_2,4550000,4550000,push-v3,1,0.98,,267.4534046064461,,56.76,47.714285714285715,1,50,50
pickplace_push,config_2,4600000,4600000,pick-place-v3,0,1.0,,58.02532901031136,,40.48,40.48,1,50,50
pickplace_push,config_2,4600000,4600000,push-v3,1,0.94,,375.77910892298564,,71.52,44.170212765957444,1,50,50
pickplace_push,config_2,4650000,4650000,pick-place-v3,0,1.0,,57.39516617043737,,40.34,40.34,1,50,50
pickplace_push,config_2,4650000,4650000,push-v3,1,0.9,,558.3493688391922,,92.7,47.44444444444444,1,50,50
pickplace_push,config_2,4700000,4700000,pick-place-v3,0,1.0,,57.94798022039045,,39.98,39.98,1,50,50
pickplace_push,config_2,4700000,4700000,push-v3,1,0.9,,530.1453665983702,,90.68,45.2,1,50,50
pickplace_push,config_2,4750000,4750000,pick-place-v3,0,1.0,,59.46193015217971,,40.16,40.16,1,50,50
pickplace_push,config_2,4750000,4750000,push-v3,1,0.88,,561.4945606754899,,94.5,39.20454545454545,1,50,50
pickplace_push,config_2,4800000,4800000,pick-place-v3,0,1.0,,58.55672491461986,,39.9,39.9,1,50,50
pickplace_push,config_2,4800000,4800000,push-v3,1,0.98,,271.73436461469356,,57.16,48.12244897959184,1,50,50
pickplace_push,config_2,4850000,4850000,pick-place-v3,0,1.0,,57.133358775384686,,39.9,39.9,1,50,50
pickplace_push,config_2,4850000,4850000,push-v3,1,0.98,,201.1252118732548,,48.08,38.857142857142854,1,50,50
pickplace_push,config_2,4900000,4900000,pick-place-v3,0,1.0,,58.29305732209192,,40.22,40.22,1,50,50
pickplace_push,config_2,4900000,4900000,push-v3,1,1.0,,168.0264060520609,,44.36,44.36,1,50,50
pickplace_push,config_2,4950000,4950000,pick-place-v3,0,1.0,,58.21863943638246,,40.34,40.34,1,50,50
pickplace_push,config_2,4950000,4950000,push-v3,1,1.0,,124.91464957732451,,38.64,38.64,1,50,50
pickplace_push,config_2,5000000,5000000,pick-place-v3,0,1.0,,59.38108599671513,,40.64,40.64,1,50,50
pickplace_push,config_2,5000000,5000000,push-v3,1,1.0,,126.61927703214906,,38.9,38.9,1,50,50
pickplace_push,config_2,5050000,5050000,pick-place-v3,0,1.0,,57.486163450493,,40.44,40.44,1,50,50
pickplace_push,config_2,5050000,5050000,push-v3,1,0.98,,194.7747680853039,,47.72,38.48979591836735,1,50,50
pickplace_push,config_2,5100000,5100000,pick-place-v3,0,1.0,,58.5563564586733,,40.88,40.88,1,50,50
pickplace_push,config_2,5100000,5100000,push-v3,1,1.0,,127.62130661764506,,39.18,39.18,1,50,50
pickplace_push,config_2,5150000,5150000,pick-place-v3,0,1.0,,56.34959340620889,,40.44,40.44,1,50,50
pickplace_push,config_2,5150000,5150000,push-v3,1,1.0,,146.06407896239602,,41.58,41.58,1,50,50
pickplace_push,config_2,5200000,5200000,pick-place-v3,0,1.0,,57.411056813871355,,40.74,40.74,1,50,50
pickplace_push,config_2,5200000,5200000,push-v3,1,1.0,,180.28969680788487,,45.74,45.74,1,50,50
pickplace_push,config_2,5250000,5250000,pick-place-v3,0,1.0,,57.758454820358736,,40.82,40.82,1,50,50
pickplace_push,config_2,5250000,5250000,push-v3,1,1.0,,124.05584252442642,,38.86,38.86,1,50,50
pickplace_push,config_2,5300000,5300000,pick-place-v3,0,1.0,,57.68268925090625,,40.9,40.9,1,50,50
pickplace_push,config_2,5300000,5300000,push-v3,1,0.96,,271.733585291757,,57.64,39.208333333333336,1,50,50
pickplace_push,config_2,5350000,5350000,pick-place-v3,0,1.0,,58.74412215442618,,41.14,41.14,1,50,50
pickplace_push,config_2,5350000,5350000,push-v3,1,0.92,,479.97787856124853,,83.2,46.95652173913044,1,50,50
pickplace_push,config_2,5400000,5400000,pick-place-v3,0,1.0,,57.94624948705323,,40.9,40.9,1,50,50
pickplace_push,config_2,5400000,5400000,push-v3,1,1.0,,127.49067098486796,,39.16,39.16,1,50,50
pickplace_push,config_2,5450000,5450000,pick-place-v3,0,1.0,,57.35803160380816,,40.98,40.98,1,50,50
pickplace_push,config_2,5450000,5450000,push-v3,1,0.98,,189.12205216186234,,48.06,38.83673469387755,1,50,50
pickplace_push,config_2,5500000,5500000,pick-place-v3,0,1.0,,58.43845975071899,,41.14,41.14,1,50,50
pickplace_push,config_2,5500000,5500000,push-v3,1,0.94,,322.7787434435528,,66.14,38.4468085106383,1,50,50
pickplace_push,config_2,5550000,5550000,pick-place-v3,0,1.0,,57.825522653201396,,41.04,41.04,1,50,50
pickplace_push,config_2,5550000,5550000,push-v3,1,0.94,,368.09618798711745,,70.1,42.659574468085104,1,50,50
pickplace_push,config_2,5600000,5600000,pick-place-v3,0,1.0,,57.689011092128936,,41.0,41.0,1,50,50
pickplace_push,config_2,5600000,5600000,push-v3,1,0.96,,250.41195121638304,,56.38,37.895833333333336,1,50,50
pickplace_push,config_2,5650000,5650000,pick-place-v3,0,1.0,,56.68299778857338,,40.94,40.94,1,50,50
pickplace_push,config_2,5650000,5650000,push-v3,1,1.0,,125.48978467216189,,38.7,38.7,1,50,50
pickplace_push,config_2,5700000,5700000,pick-place-v3,0,1.0,,57.329993943366304,,40.98,40.98,1,50,50
pickplace_push,config_2,5700000,5700000,push-v3,1,0.92,,404.8489732668811,,74.52,37.52173913043478,1,50,50
pickplace_push,config_2,5750000,5750000,pick-place-v3,0,1.0,,56.73989494401242,,40.98,40.98,1,50,50
pickplace_push,config_2,5750000,5750000,push-v3,1,0.96,,334.1955215452406,,64.98,46.854166666666664,1,50,50
pickplace_push,config_2,5800000,5800000,pick-place-v3,0,1.0,,57.298794591163094,,41.1,41.1,1,50,50
pickplace_push,config_2,5800000,5800000,push-v3,1,0.98,,191.0315541156043,,47.64,38.40816326530612,1,50,50
pickplace_push,config_2,5850000,5850000,pick-place-v3,0,1.0,,57.29827892475295,,41.38,41.38,1,50,50
pickplace_push,config_2,5850000,5850000,push-v3,1,0.96,,263.2798773852061,,56.96,38.5,1,50,50
pickplace_push,config_2,5900000,5900000,pick-place-v3,0,1.0,,57.18994694523365,,41.44,41.44,1,50,50
pickplace_push,config_2,5900000,5900000,push-v3,1,1.0,,124.03716386302776,,38.4,38.4,1,50,50
pickplace_push,config_2,5950000,5950000,pick-place-v3,0,1.0,,57.53807151875955,,41.4,41.4,1,50,50
pickplace_push,config_2,5950000,5950000,push-v3,1,0.98,,200.11816701660484,,47.96,38.734693877551024,1,50,50
pickplace_push,config_2,6000000,6000000,pick-place-v3,0,1.0,,58.58832437290743,,41.28,41.28,1,50,50
pickplace_push,config_2,6000000,6000000,push-v3,1,0.98,,200.3749928890213,,47.92,38.69387755102041,1,50,50
pickplace_push,config_2,6050000,6050000,pick-place-v3,0,1.0,,58.16311633950006,,41.26,41.26,1,50,50
pickplace_push,config_2,6050000,6050000,push-v3,1,0.98,,197.68426022505912,,48.0,38.775510204081634,1,50,50
pickplace_push,config_2,6100000,6100000,pick-place-v3,0,1.0,,57.86741196807128,,41.4,41.4,1,50,50
pickplace_push,config_2,6100000,6100000,push-v3,1,0.98,,226.95747189899743,,51.96,42.816326530612244,1,50,50
pickplace_push,config_2,6150000,6150000,pick-place-v3,0,1.0,,57.647363249895015,,41.82,41.82,1,50,50
pickplace_push,config_2,6150000,6150000,push-v3,1,0.98,,200.06393852410096,,48.44,39.224489795918366,1,50,50
pickplace_push,config_2,6200000,6200000,pick-place-v3,0,1.0,,58.30529373349762,,42.0,42.0,1,50,50
pickplace_push,config_2,6200000,6200000,push-v3,1,0.96,,272.50989073344823,,57.6,39.166666666666664,1,50,50
pickplace_push,config_2,6250000,6250000,pick-place-v3,0,1.0,,57.65291083854396,,42.56,42.56,1,50,50
pickplace_push,config_2,6250000,6250000,push-v3,1,0.96,,291.22478762422185,,60.38,42.0625,1,50,50
pickplace_push,config_2,6300000,6300000,pick-place-v3,0,1.0,,58.86337350757028,,42.42,42.42,1,50,50
pickplace_push,config_2,6300000,6300000,push-v3,1,0.96,,272.4587320689584,,57.68,39.25,1,50,50
pickplace_push,config_2,6350000,6350000,pick-place-v3,0,1.0,,58.791832460850834,,42.78,42.78,1,50,50
pickplace_push,config_2,6350000,6350000,push-v3,1,0.96,,271.1078339679623,,57.66,39.229166666666664,1,50,50
pickplace_push,config_2,6400000,6400000,pick-place-v3,0,1.0,,59.21466148311768,,42.62,42.62,1,50,50
pickplace_push,config_2,6400000,6400000,push-v3,1,0.96,,276.74424761673504,,57.78,39.354166666666664,1,50,50
pickplace_push,config_2,6450000,6450000,pick-place-v3,0,1.0,,59.036851332366865,,42.4,42.4,1,50,50
pickplace_push,config_2,6450000,6450000,push-v3,1,0.98,,203.1696370671399,,48.3,39.08163265306123,1,50,50
pickplace_push,config_2,6500000,6500000,pick-place-v3,0,1.0,,57.89076765414159,,41.98,41.98,1,50,50
pickplace_push,config_2,6500000,6500000,push-v3,1,1.0,,132.19787761880053,,39.26,39.26,1,50,50
pickplace_push,config_2,6550000,6550000,pick-place-v3,0,1.0,,57.549106180366344,,41.82,41.82,1,50,50
pickplace_push,config_2,6550000,6550000,push-v3,1,0.98,,202.49211848511183,,48.02,38.795918367346935,1,50,50
pickplace_push,config_2,6600000,6600000,pick-place-v3,0,1.0,,57.65450033530543,,41.98,41.98,1,50,50
pickplace_push,config_2,6600000,6600000,push-v3,1,1.0,,132.085241154648,,39.18,39.18,1,50,50
pickplace_push,config_2,6650000,6650000,pick-place-v3,0,1.0,,57.26981935420531,,42.2,42.2,1,50,50
pickplace_push,config_2,6650000,6650000,push-v3,1,0.96,,266.2761680861095,,57.5,39.0625,1,50,50
pickplace_push,config_2,6700000,6700000,pick-place-v3,0,1.0,,57.54548433065828,,42.38,42.38,1,50,50
pickplace_push,config_2,6700000,6700000,push-v3,1,0.96,,271.0733107187528,,57.34,38.895833333333336,1,50,50
pickplace_push,config_2,6750000,6750000,pick-place-v3,0,1.0,,58.04551841047419,,42.34,42.34,1,50,50
pickplace_push,config_2,6750000,6750000,push-v3,1,0.96,,271.4147302985237,,57.34,38.895833333333336,1,50,50
pickplace_push,config_2,6800000,6800000,pick-place-v3,0,1.0,,57.97600169272216,,42.54,42.54,1,50,50
pickplace_push,config_2,6800000,6800000,push-v3,1,0.98,,197.16860331812768,,48.16,38.93877551020408,1,50,50
pickplace_push,config_2,6850000,6850000,pick-place-v3,0,1.0,,56.76663097204057,,42.0,42.0,1,50,50
pickplace_push,config_2,6850000,6850000,push-v3,1,0.96,,274.31718655301523,,57.3,38.854166666666664,1,50,50
pickplace_push,config_2,6900000,6900000,pick-place-v3,0,1.0,,57.8665587786053,,42.4,42.4,1,50,50
pickplace_push,config_2,6900000,6900000,push-v3,1,0.96,,207.96006992544105,,57.4,38.958333333333336,1,50,50
pickplace_push,config_2,6950000,6950000,pick-place-v3,0,1.0,,56.56138628535457,,42.18,42.18,1,50,50
pickplace_push,config_2,6950000,6950000,push-v3,1,0.96,,272.5103312092696,,57.18,38.729166666666664,1,50,50
pickplace_push,config_2,7000000,7000000,pick-place-v3,0,1.0,,57.03057263032931,,42.18,42.18,1,50,50
pickplace_push,config_2,7000000,7000000,push-v3,1,0.98,,202.36878708860147,,48.08,38.857142857142854,1,50,50
pickplace_push,config_2,7050000,7050000,pick-place-v3,0,1.0,,56.184482152980806,,41.74,41.74,1,50,50
pickplace_push,config_2,7050000,7050000,push-v3,1,0.98,,202.5813192590579,,47.96,38.734693877551024,1,50,50
pickplace_push,config_2,7100000,7100000,pick-place-v3,0,1.0,,56.92638229175133,,41.7,41.7,1,50,50
pickplace_push,config_2,7100000,7100000,push-v3,1,1.0,,130.7240962885915,,38.92,38.92,1,50,50
pickplace_push,config_2,7150000,7150000,pick-place-v3,0,1.0,,57.324892610876766,,41.4,41.4,1,50,50
pickplace_push,config_2,7150000,7150000,push-v3,1,0.98,,201.4815709886667,,48.2,38.97959183673469,1,50,50
pickplace_push,config_2,7200000,7200000,pick-place-v3,0,1.0,,57.462225984550265,,41.5,41.5,1,50,50
pickplace_push,config_2,7200000,7200000,push-v3,1,1.0,,131.41043260985853,,39.1,39.1,1,50,50
pickplace_push,config_2,7250000,7250000,pick-place-v3,0,1.0,,56.83583574651682,,41.32,41.32,1,50,50
pickplace_push,config_2,7250000,7250000,push-v3,1,1.0,,130.05899025076744,,38.86,38.86,1,50,50
pickplace_push,config_2,7300000,7300000,pick-place-v3,0,1.0,,57.03520467921868,,41.42,41.42,1,50,50
pickplace_push,config_2,7300000,7300000,push-v3,1,0.98,,203.78499120977057,,47.94,38.714285714285715,1,50,50
pickplace_push,config_2,7350000,7350000,pick-place-v3,0,1.0,,56.561238510394304,,41.34,41.34,1,50,50
pickplace_push,config_2,7350000,7350000,push-v3,1,1.0,,130.89795361360794,,39.06,39.06,1,50,50
pickplace_push,config_2,7400000,7400000,pick-place-v3,0,1.0,,57.16729330761279,,41.12,41.12,1,50,50
pickplace_push,config_2,7400000,7400000,push-v3,1,1.0,,127.7669082018888,,38.6,38.6,1,50,50
pickplace_push,config_2,7450000,7450000,pick-place-v3,0,1.0,,56.778625335087725,,40.86,40.86,1,50,50
pickplace_push,config_2,7450000,7450000,push-v3,1,0.98,,201.66531906065032,,47.74,38.51020408163265,1,50,50
pickplace_push,config_2,7500000,7500000,pick-place-v3,0,1.0,,56.31460145171186,,40.62,40.62,1,50,50
pickplace_push,config_2,7500000,7500000,push-v3,1,0.98,,199.52804795903583,,47.24,38.0,1,50,50
pickplace_push,config_2,7550000,7550000,pick-place-v3,0,1.0,,55.5452343488116,,40.44,40.44,1,50,50
pickplace_push,config_2,7550000,7550000,push-v3,1,0.96,,267.53608188886625,,56.52,38.041666666666664,1,50,50
pickplace_push,config_2,7600000,7600000,pick-place-v3,0,1.0,,54.85237487768056,,40.28,40.28,1,50,50
pickplace_push,config_2,7600000,7600000,push-v3,1,1.0,,125.65120026734213,,37.86,37.86,1,50,50
pickplace_push,config_2,7650000,7650000,pick-place-v3,0,1.0,,55.31551496766545,,40.42,40.42,1,50,50
pickplace_push,config_2,7650000,7650000,push-v3,1,1.0,,127.58999363916722,,38.06,38.06,1,50,50
pickplace_push,config_2,7700000,7700000,pick-place-v3,0,1.0,,54.94605522135024,,40.2,40.2,1,50,50
pickplace_push,config_2,7700000,7700000,push-v3,1,1.0,,123.12275763716494,,37.38,37.38,1,50,50
pickplace_push,config_2,7750000,7750000,pick-place-v3,0,1.0,,55.03633874396282,,40.22,40.22,1,50,50
pickplace_push,config_2,7750000,7750000,push-v3,1,0.98,,197.94049979487303,,46.86,37.61224489795919,1,50,50
pickplace_push,config_2,7800000,7800000,pick-place-v3,0,1.0,,55.576186916132876,,40.18,40.18,1,50,50
pickplace_push,config_2,7800000,7800000,push-v3,1,1.0,,128.43258656173836,,38.08,38.08,1,50,50
pickplace_push,config_2,7850000,7850000,pick-place-v3,0,1.0,,55.457690695806384,,40.0,40.0,1,50,50
pickplace_push,config_2,7850000,7850000,push-v3,1,0.96,,273.7315396293963,,56.42,37.9375,1,50,50
pickplace_push,config_2,7900000,7900000,pick-place-v3,0,1.0,,55.03892775340295,,39.8,39.8,1,50,50
pickplace_push,config_2,7900000,7900000,push-v3,1,1.0,,127.38046609216006,,37.8,37.8,1,50,50
pickplace_push,config_2,7950000,7950000,pick-place-v3,0,1.0,,55.51054717033055,,40.08,40.08,1,50,50
pickplace_push,config_2,7950000,7950000,push-v3,1,1.0,,128.0799404832347,,38.0,38.0,1,50,50
pickplace_push,config_2,8000000,8000000,pick-place-v3,0,1.0,,55.33874413862041,,40.18,40.18,1,50,50
pickplace_push,config_2,8000000,8000000,push-v3,1,1.0,,127.38167357812863,,37.88,37.88,1,50,50
pickplace_push,config_2,8050000,8050000,pick-place-v3,0,1.0,,55.17961094735753,,40.14,40.14,1,50,50
pickplace_push,config_2,8050000,8050000,push-v3,1,1.0,,144.72855914529083,,39.94,39.94,1,50,50
pickplace_push,config_2,8100000,8100000,pick-place-v3,0,1.0,,55.09792786754738,,40.14,40.14,1,50,50
pickplace_push,config_2,8100000,8100000,push-v3,1,1.0,,130.89447424274616,,38.16,38.16,1,50,50
pickplace_push,config_2,8150000,8150000,pick-place-v3,0,1.0,,55.214379256847536,,40.44,40.44,1,50,50
pickplace_push,config_2,8150000,8150000,push-v3,1,0.98,,200.4717004542082,,47.0,37.755102040816325,1,50,50
pickplace_push,config_2,8200000,8200000,pick-place-v3,0,1.0,,54.79443780321175,,40.2,40.2,1,50,50
pickplace_push,config_2,8200000,8200000,push-v3,1,0.98,,202.01332229433945,,46.96,37.714285714285715,1,50,50
pickplace_push,config_2,8250000,8250000,pick-place-v3,0,1.0,,55.21415158187031,,40.3,40.3,1,50,50
pickplace_push,config_2,8250000,8250000,push-v3,1,1.0,,128.08118835904332,,37.62,37.62,1,50,50
pickplace_push,config_2,8300000,8300000,pick-place-v3,0,1.0,,55.22552203254596,,40.52,40.52,1,50,50
pickplace_push,config_2,8300000,8300000,push-v3,1,0.98,,203.51733964087197,,47.04,37.795918367346935,1,50,50
pickplace_push,config_2,8350000,8350000,pick-place-v3,0,1.0,,56.00964838133438,,40.52,40.52,1,50,50
pickplace_push,config_2,8350000,8350000,push-v3,1,1.0,,128.05496682200368,,37.72,37.72,1,50,50
pickplace_push,config_2,8400000,8400000,pick-place-v3,0,1.0,,55.22921208019775,,40.42,40.42,1,50,50
pickplace_push,config_2,8400000,8400000,push-v3,1,0.98,,201.93535767126022,,47.22,37.97959183673469,1,50,50
pickplace_push,config_2,8450000,8450000,pick-place-v3,0,1.0,,55.4135414763531,,40.4,40.4,1,50,50
pickplace_push,config_2,8450000,8450000,push-v3,1,1.0,,128.40788964513797,,38.16,38.16,1,50,50
pickplace_push,config_2,8500000,8500000,pick-place-v3,0,1.0,,55.70168097563634,,40.5,40.5,1,50,50
pickplace_push,config_2,8500000,8500000,push-v3,1,1.0,,130.2268696610902,,38.36,38.36,1,50,50
pickplace_push,config_2,8550000,8550000,pick-place-v3,0,1.0,,55.86453488097365,,40.44,40.44,1,50,50
pickplace_push,config_2,8550000,8550000,push-v3,1,1.0,,202.58148549644747,,47.38,47.38,1,50,50
pickplace_push,config_2,8600000,8600000,pick-place-v3,0,1.0,,55.99661135230535,,40.46,40.46,1,50,50
pickplace_push,config_2,8600000,8600000,push-v3,1,1.0,,130.04495608729627,,38.34,38.34,1,50,50
pickplace_push,config_2,8650000,8650000,pick-place-v3,0,1.0,,56.0368736191653,,40.64,40.64,1,50,50
pickplace_push,config_2,8650000,8650000,push-v3,1,1.0,,162.69941919655415,,42.4,42.4,1,50,50
pickplace_push,config_2,8700000,8700000,pick-place-v3,0,1.0,,55.529923116659326,,40.44,40.44,1,50,50
pickplace_push,config_2,8700000,8700000,push-v3,1,1.0,,127.76686078971925,,38.1,38.1,1,50,50
pickplace_push,config_2,8750000,8750000,pick-place-v3,0,1.0,,55.31443244599446,,40.4,40.4,1,50,50
pickplace_push,config_2,8750000,8750000,push-v3,1,1.0,,130.80474946629505,,38.66,38.66,1,50,50
pickplace_push,config_2,8800000,8800000,pick-place-v3,0,1.0,,55.81260853273735,,40.46,40.46,1,50,50
pickplace_push,config_2,8800000,8800000,push-v3,1,1.0,,129.28558709994542,,38.38,38.38,1,50,50
pickplace_push,config_2,8850000,8850000,pick-place-v3,0,1.0,,56.02420639019841,,40.44,40.44,1,50,50
pickplace_push,config_2,8850000,8850000,push-v3,1,0.98,,204.9639457024719,,47.86,38.63265306122449,1,50,50
pickplace_push,config_2,8900000,8900000,pick-place-v3,0,1.0,,56.193471301583585,,40.62,40.62,1,50,50
pickplace_push,config_2,8900000,8900000,push-v3,1,0.98,,202.39193763916504,,47.46,38.224489795918366,1,50,50
pickplace_push,config_2,8950000,8950000,pick-place-v3,0,1.0,,57.595597564914634,,40.94,40.94,1,50,50
pickplace_push,config_2,8950000,8950000,push-v3,1,1.0,,130.70653782219452,,38.54,38.54,1,50,50
pickplace_push,config_2,9000000,9000000,pick-place-v3,0,1.0,,57.251222572736296,,41.04,41.04,1,50,50
pickplace_push,config_2,9000000,9000000,push-v3,1,1.0,,130.32179981146135,,38.16,38.16,1,50,50
pickplace_push,config_2,9050000,9050000,pick-place-v3,0,1.0,,57.85093195007207,,40.7,40.7,1,50,50
pickplace_push,config_2,9050000,9050000,push-v3,1,1.0,,131.264571999818,,38.1,38.1,1,50,50
pickplace_push,config_2,9100000,9100000,pick-place-v3,0,1.0,,57.26484856460174,,40.66,40.66,1,50,50
pickplace_push,config_2,9100000,9100000,push-v3,1,1.0,,129.79852347284688,,37.9,37.9,1,50,50
pickplace_push,config_2,9150000,9150000,pick-place-v3,0,1.0,,56.63232038176193,,40.72,40.72,1,50,50
pickplace_push,config_2,9150000,9150000,push-v3,1,1.0,,132.45393587862006,,38.2,38.2,1,50,50
pickplace_push,config_2,9200000,9200000,pick-place-v3,0,1.0,,56.81715910138112,,40.8,40.8,1,50,50
pickplace_push,config_2,9200000,9200000,push-v3,1,1.0,,131.2946231631526,,38.06,38.06,1,50,50
pickplace_push,config_2,9250000,9250000,pick-place-v3,0,1.0,,56.806175304804775,,41.0,41.0,1,50,50
pickplace_push,config_2,9250000,9250000,push-v3,1,1.0,,134.08634114672574,,38.38,38.38,1,50,50
pickplace_push,config_2,9300000,9300000,pick-place-v3,0,1.0,,57.002293161265676,,41.0,41.0,1,50,50
pickplace_push,config_2,9300000,9300000,push-v3,1,1.0,,131.82773616690275,,38.1,38.1,1,50,50
pickplace_push,config_2,9350000,9350000,pick-place-v3,0,1.0,,56.92837469445485,,41.08,41.08,1,50,50
pickplace_push,config_2,9350000,9350000,push-v3,1,1.0,,198.74352210942604,,46.28,46.28,1,50,50
pickplace_push,config_2,9400000,9400000,pick-place-v3,0,1.0,,57.480190948622,,41.22,41.22,1,50,50
pickplace_push,config_2,9400000,9400000,push-v3,1,1.0,,133.47598747170244,,38.26,38.26,1,50,50
pickplace_push,config_2,9450000,9450000,pick-place-v3,0,1.0,,57.525930322646865,,40.92,40.92,1,50,50
pickplace_push,config_2,9450000,9450000,push-v3,1,1.0,,133.2677196815377,,38.0,38.0,1,50,50
pickplace_push,config_2,9500000,9500000,pick-place-v3,0,1.0,,56.741469361901856,,40.86,40.86,1,50,50
pickplace_push,config_2,9500000,9500000,push-v3,1,1.0,,134.35173304120485,,38.24,38.24,1,50,50
pickplace_push,config_2,9550000,9550000,pick-place-v3,0,1.0,,56.86817631443455,,40.66,40.66,1,50,50
pickplace_push,config_2,9550000,9550000,push-v3,1,1.0,,176.61291838611731,,43.56,43.56,1,50,50
pickplace_push,config_2,9600000,9600000,pick-place-v3,0,1.0,,56.46464151790783,,40.54,40.54,1,50,50
pickplace_push,config_2,9600000,9600000,push-v3,1,1.0,,183.4035735607988,,44.54,44.54,1,50,50
pickplace_push,config_2,9650000,9650000,pick-place-v3,0,1.0,,56.58252721438773,,40.62,40.62,1,50,50
pickplace_push,config_2,9650000,9650000,push-v3,1,1.0,,131.4441488691872,,38.0,38.0,1,50,50
pickplace_push,config_2,9700000,9700000,pick-place-v3,0,1.0,,56.84371125017852,,40.58,40.58,1,50,50
pickplace_push,config_2,9700000,9700000,push-v3,1,1.0,,131.49937318926993,,37.84,37.84,1,50,50
pickplace_push,config_2,9750000,9750000,pick-place-v3,0,1.0,,56.40167958796968,,40.74,40.74,1,50,50
pickplace_push,config_2,9750000,9750000,push-v3,1,1.0,,133.42213207582788,,37.72,37.72,1,50,50
pickplace_push,config_2,9800000,9800000,pick-place-v3,0,1.0,,56.45883929260705,,40.62,40.62,1,50,50
pickplace_push,config_2,9800000,9800000,push-v3,1,1.0,,132.98376715632324,,37.84,37.84,1,50,50
pickplace_push,config_2,9850000,9850000,pick-place-v3,0,1.0,,56.77365497539644,,40.78,40.78,1,50,50
pickplace_push,config_2,9850000,9850000,push-v3,1,1.0,,133.35860699246155,,37.98,37.98,1,50,50
pickplace_push,config_2,9900000,9900000,pick-place-v3,0,1.0,,57.13968863443376,,40.66,40.66,1,50,50
pickplace_push,config_2,9900000,9900000,push-v3,1,1.0,,131.45662125202563,,37.96,37.96,1,50,50
pickplace_push,config_2,9950000,9950000,pick-place-v3,0,1.0,,56.08019608738928,,40.68,40.68,1,50,50
pickplace_push,config_2,9950000,9950000,push-v3,1,1.0,,131.5795438468948,,38.0,38.0,1,50,50
pickplace_push,config_2,10000000,10000000,pick-place-v3,0,1.0,,56.00155524776958,,40.7,40.7,1,50,50
pickplace_push,config_2,10000000,10000000,push-v3,1,1.0,,130.33473925681596,,37.76,37.76,1,50,50
pickplace_push,config_2,10000000,final,pick-place-v3,0,1.0,,56.38596202818063,,40.74,40.74,1,50,50
pickplace_push,config_2,10000000,final,push-v3,1,1.0,,129.93655554050082,,37.78,37.78,1,50,50
pickplace_push,config_3,50000,50000,pick-place-v3,0,0.0,,3.1691025602303813,,500.0,,1,50,50
pickplace_push,config_3,50000,50000,push-v3,1,0.0,,87.66884709707537,,500.0,,1,50,50
pickplace_push,config_3,100000,100000,pick-place-v3,0,0.0,,2.282643749190932,,500.0,,1,50,50
pickplace_push,config_3,100000,100000,push-v3,1,0.0,,194.54419961760377,,500.0,,1,50,50
pickplace_push,config_3,150000,150000,pick-place-v3,0,0.0,,5.409427156023153,,500.0,,1,50,50
pickplace_push,config_3,150000,150000,push-v3,1,0.0,,255.00735729636475,,500.0,,1,50,50
pickplace_push,config_3,200000,200000,pick-place-v3,0,0.0,,16.630015894978584,,500.0,,1,50,50
pickplace_push,config_3,200000,200000,push-v3,1,0.0,,210.86063014465574,,500.0,,1,50,50
pickplace_push,config_3,250000,250000,pick-place-v3,0,0.0,,23.079888080824734,,500.0,,1,50,50
pickplace_push,config_3,250000,250000,push-v3,1,0.0,,261.1095700997974,,500.0,,1,50,50
pickplace_push,config_3,300000,300000,pick-place-v3,0,0.0,,24.850098991686572,,500.0,,1,50,50
pickplace_push,config_3,300000,300000,push-v3,1,0.0,,472.4646735037531,,500.0,,1,50,50
pickplace_push,config_3,350000,350000,pick-place-v3,0,0.0,,31.55529674734925,,500.0,,1,50,50
pickplace_push,config_3,350000,350000,push-v3,1,0.0,,849.1803266797489,,500.0,,1,50,50
pickplace_push,config_3,400000,400000,pick-place-v3,0,0.0,,39.147502899086845,,500.0,,1,50,50
pickplace_push,config_3,400000,400000,push-v3,1,0.0,,453.6555026686308,,500.0,,1,50,50
pickplace_push,config_3,450000,450000,pick-place-v3,0,0.0,,43.84128532025457,,500.0,,1,50,50
pickplace_push,config_3,450000,450000,push-v3,1,0.0,,987.7711618176385,,500.0,,1,50,50
pickplace_push,config_3,500000,500000,pick-place-v3,0,0.0,,45.13648788262464,,500.0,,1,50,50
pickplace_push,config_3,500000,500000,push-v3,1,0.0,,1066.44291057094,,500.0,,1,50,50
pickplace_push,config_3,550000,550000,pick-place-v3,0,0.0,,46.249877063593374,,500.0,,1,50,50
pickplace_push,config_3,550000,550000,push-v3,1,0.0,,1418.3121774630254,,500.0,,1,50,50
pickplace_push,config_3,600000,600000,pick-place-v3,0,0.0,,51.8400082449418,,500.0,,1,50,50
pickplace_push,config_3,600000,600000,push-v3,1,0.0,,1125.5478197991613,,500.0,,1,50,50
pickplace_push,config_3,650000,650000,pick-place-v3,0,0.0,,52.4975417888931,,500.0,,1,50,50
pickplace_push,config_3,650000,650000,push-v3,1,0.0,,1409.661780378596,,500.0,,1,50,50
pickplace_push,config_3,700000,700000,pick-place-v3,0,0.0,,59.41169642232862,,500.0,,1,50,50
pickplace_push,config_3,700000,700000,push-v3,1,0.0,,2107.2080293535128,,500.0,,1,50,50
pickplace_push,config_3,750000,750000,pick-place-v3,0,0.0,,62.435765398093345,,500.0,,1,50,50
pickplace_push,config_3,750000,750000,push-v3,1,0.0,,2379.7097959913253,,500.0,,1,50,50
pickplace_push,config_3,800000,800000,pick-place-v3,0,0.0,,63.29430394460321,,500.0,,1,50,50
pickplace_push,config_3,800000,800000,push-v3,1,0.0,,2663.9402819686507,,500.0,,1,50,50
pickplace_push,config_3,850000,850000,pick-place-v3,0,0.02,,68.66625201560372,,491.22,61.0,1,50,50
pickplace_push,config_3,850000,850000,push-v3,1,0.34,,2501.5373141558193,,370.4,118.82352941176471,1,50,50
pickplace_push,config_3,900000,900000,pick-place-v3,0,0.02,,76.69828318010818,,490.76,38.0,1,50,50
pickplace_push,config_3,900000,900000,push-v3,1,0.46,,1998.839849069024,,295.94,56.391304347826086,1,50,50
pickplace_push,config_3,950000,950000,pick-place-v3,0,0.02,,155.19708476528368,,490.94,47.0,1,50,50
pickplace_push,config_3,950000,950000,push-v3,1,0.48,,1864.997248226017,,288.36,59.083333333333336,1,50,50
pickplace_push,config_3,1000000,1000000,pick-place-v3,0,0.06,,133.10239209552321,,477.22,120.33333333333333,1,50,50
pickplace_push,config_3,1000000,1000000,push-v3,1,0.48,,1915.7668644956398,,296.48,76.0,1,50,50
pickplace_push,config_3,1050000,1050000,pick-place-v3,0,0.12,,203.43970501470318,,453.86,115.5,1,50,50
pickplace_push,config_3,1050000,1050000,push-v3,1,0.5,,1761.4299028048645,,302.38,104.76,1,50,50
pickplace_push,config_3,1100000,1100000,pick-place-v3,0,0.12,,146.99338835271269,,449.5,79.16666666666667,1,50,50
pickplace_push,config_3,1100000,1100000,push-v3,1,0.42,,1957.2481627670234,,326.9,87.85714285714286,1,50,50
pickplace_push,config_3,1150000,1150000,pick-place-v3,0,0.18,,242.418623727418,,425.2,84.44444444444444,1,50,50
pickplace_push,config_3,1150000,1150000,push-v3,1,0.46,,1013.3013776929362,,306.14,78.56521739130434,1,50,50
pickplace_push,config_3,1200000,1200000,pick-place-v3,0,0.14,,233.16035069145698,,443.54,96.71428571428571,1,50,50
pickplace_push,config_3,1200000,1200000,push-v3,1,0.48,,1854.9467982015935,,295.86,74.70833333333333,1,50,50
pickplace_push,config_3,1250000,1250000,pick-place-v3,0,0.16,,207.0479683137979,,434.04,87.75,1,50,50
pickplace_push,config_3,1250000,1250000,push-v3,1,0.56,,1639.2852261270225,,261.06,73.32142857142857,1,50,50
pickplace_push,config_3,1300000,1300000,pick-place-v3,0,0.14,,145.5225468167325,,450.86,149.0,1,50,50
pickplace_push,config_3,1300000,1300000,push-v3,1,0.52,,1711.0159560437876,,262.52,43.30769230769231,1,50,50
pickplace_push,config_3,1350000,1350000,pick-place-v3,0,0.14,,215.0918718405514,,445.82,113.0,1,50,50
pickplace_push,config_3,1350000,1350000,push-v3,1,0.72,,1333.624944691009,,191.9,72.08333333333333,1,50,50
pickplace_push,config_3,1400000,1400000,pick-place-v3,0,0.08,,172.79765794412916,,463.26,40.75,1,50,50
pickplace_push,config_3,1400000,1400000,push-v3,1,0.92,,504.5985822077914,,87.54,51.67391304347826,1,50,50
pickplace_push,config_3,1450000,1450000,pick-place-v3,0,0.12,,212.80541490967298,,456.0,133.33333333333334,1,50,50
pickplace_push,config_3,1450000,1450000,push-v3,1,0.98,,278.767135777304,,58.08,49.06122448979592,1,50,50
pickplace_push,config_3,1500000,1500000,pick-place-v3,0,0.12,,213.08698234261178,,459.38,161.5,1,50,50
pickplace_push,config_3,1500000,1500000,push-v3,1,0.86,,518.3104385823183,,116.66,54.25581395348837,1,50,50
pickplace_push,config_3,1550000,1550000,pick-place-v3,0,0.22,,104.03464194626245,,399.08,41.27272727272727,1,50,50
pickplace_push,config_3,1550000,1550000,push-v3,1,0.84,,454.1951653312296,,118.32,45.61904761904762,1,50,50
pickplace_push,config_3,1600000,1600000,pick-place-v3,0,0.2,,78.21344806726722,,409.78,48.9,1,50,50
pickplace_push,config_3,1600000,1600000,push-v3,1,0.9,,115.13263003623732,,84.34,38.15555555555556,1,50,50
pickplace_push,config_3,1650000,1650000,pick-place-v3,0,0.14,,145.52014881043021,,436.28,44.857142857142854,1,50,50
pickplace_push,config_3,1650000,1650000,push-v3,1,0.88,,268.1116967487142,,94.2,38.86363636363637,1,50,50
pickplace_push,config_3,1700000,1700000,pick-place-v3,0,0.14,,352.50960759029795,,435.76,41.142857142857146,1,50,50
pickplace_push,config_3,1700000,1700000,push-v3,1,0.88,,344.5937571786139,,93.74,38.34090909090909,1,50,50
pickplace_push,config_3,1750000,1750000,pick-place-v3,0,0.24,,291.5799359197574,,389.8,40.833333333333336,1,50,50
pickplace_push,config_3,1750000,1750000,push-v3,1,0.9,,270.854641029903,,85.16,39.06666666666667,1,50,50
pickplace_push,config_3,1800000,1800000,pick-place-v3,0,0.34,,326.93697379497,,344.6,42.94117647058823,1,50,50
pickplace_push,config_3,1800000,1800000,push-v3,1,0.8,,280.95299802796285,,134.22,42.775,1,50,50
pickplace_push,config_3,1850000,1850000,pick-place-v3,0,0.48,,267.1756914227643,,285.9,53.958333333333336,1,50,50
pickplace_push,config_3,1850000,1850000,push-v3,1,0.86,,120.97237798816383,,103.22,38.627906976744185,1,50,50
pickplace_push,config_3,1900000,1900000,pick-place-v3,0,0.5,,360.22042097295594,,271.1,42.2,1,50,50
pickplace_push,config_3,1900000,1900000,push-v3,1,0.82,,178.0120675399351,,120.94,37.73170731707317,1,50,50
pickplace_push,config_3,1950000,1950000,pick-place-v3,0,0.62,,295.02166228089374,,215.6,41.29032258064516,1,50,50
pickplace_push,config_3,1950000,1950000,push-v3,1,1.0,,108.65576702241755,,37.1,37.1,1,50,50
pickplace_push,config_3,2000000,2000000,pick-place-v3,0,0.68,,505.8142997613813,,187.76,40.8235294117647,1,50,50
pickplace_push,config_3,2000000,2000000,push-v3,1,0.9,,175.13426917168533,,90.04,44.48888888888889,1,50,50
pickplace_push,config_3,2050000,2050000,pick-place-v3,0,0.72,,477.6582724972684,,169.02,40.30555555555556,1,50,50
pickplace_push,config_3,2050000,2050000,push-v3,1,0.96,,126.10081726447865,,56.46,37.979166666666664,1,50,50
pickplace_push,config_3,2100000,2100000,pick-place-v3,0,0.68,,423.9955607476194,,188.12,41.35294117647059,1,50,50
pickplace_push,config_3,2100000,2100000,push-v3,1,0.9,,354.75206710885453,,84.82,38.68888888888889,1,50,50
pickplace_push,config_3,2150000,2150000,pick-place-v3,0,0.74,,471.5782025515039,,159.74,40.189189189189186,1,50,50
pickplace_push,config_3,2150000,2150000,push-v3,1,1.0,,111.632233413739,,36.9,36.9,1,50,50
pickplace_push,config_3,2200000,2200000,pick-place-v3,0,0.78,,476.14620230261085,,141.74,40.69230769230769,1,50,50
pickplace_push,config_3,2200000,2200000,push-v3,1,1.0,,110.50757089331972,,37.34,37.34,1,50,50
pickplace_push,config_3,2250000,2250000,pick-place-v3,0,0.8,,377.1613545037793,,131.84,39.8,1,50,50
pickplace_push,config_3,2250000,2250000,push-v3,1,0.94,,336.82974762977113,,65.42,37.680851063829785,1,50,50
pickplace_push,config_3,2300000,2300000,pick-place-v3,0,0.88,,286.05290466925584,,98.68,43.95454545454545,1,50,50
pickplace_push,config_3,2300000,2300000,push-v3,1,1.0,,118.13336918817586,,37.08,37.08,1,50,50
pickplace_push,config_3,2350000,2350000,pick-place-v3,0,0.74,,283.63917822492874,,159.46,39.810810810810814,1,50,50
pickplace_push,config_3,2350000,2350000,push-v3,1,0.92,,211.76098433917937,,75.8,38.91304347826087,1,50,50
pickplace_push,config_3,2400000,2400000,pick-place-v3,0,0.82,,104.95890408085312,,124.0,41.46341463414634,1,50,50
pickplace_push,config_3,2400000,2400000,push-v3,1,0.86,,190.55881812311222,,101.16,36.23255813953488,1,50,50
pickplace_push,config_3,2450000,2450000,pick-place-v3,0,0.96,,70.69535179328255,,61.84,43.583333333333336,1,50,50
pickplace_push,config_3,2450000,2450000,push-v3,1,0.94,,230.6927695044434,,64.64,36.851063829787236,1,50,50
pickplace_push,config_3,2500000,2500000,pick-place-v3,0,0.98,,53.51760171192636,,54.56,45.46938775510204,1,50,50
pickplace_push,config_3,2500000,2500000,push-v3,1,0.98,,128.13349628805017,,47.12,37.87755102040816,1,50,50
pickplace_push,config_3,2550000,2550000,pick-place-v3,0,0.96,,52.0383545478146,,60.66,42.354166666666664,1,50,50
pickplace_push,config_3,2550000,2550000,push-v3,1,0.94,,115.4976879426664,,64.88,37.1063829787234,1,50,50
pickplace_push,config_3,2600000,2600000,pick-place-v3,0,0.98,,53.4148437861867,,51.6,42.44897959183673,1,50,50
pickplace_push,config_3,2600000,2600000,push-v3,1,0.94,,125.85838523009319,,64.94,37.170212765957444,1,50,50
pickplace_push,config_3,2650000,2650000,pick-place-v3,0,1.0,,56.80787422862149,,43.48,43.48,1,50,50
pickplace_push,config_3,2650000,2650000,push-v3,1,0.94,,108.92866777638714,,64.22,36.40425531914894,1,50,50
pickplace_push,config_3,2700000,2700000,pick-place-v3,0,1.0,,58.60107482228025,,43.64,43.64,1,50,50
pickplace_push,config_3,2700000,2700000,push-v3,1,0.98,,120.11976465739386,,45.98,36.714285714285715,1,50,50
pickplace_push,config_3,2750000,2750000,pick-place-v3,0,0.94,,53.2763914905974,,70.1,42.659574468085104,1,50,50
pickplace_push,config_3,2750000,2750000,push-v3,1,0.98,,123.08461190385569,,48.36,39.142857142857146,1,50,50
pickplace_push,config_3,2800000,2800000,pick-place-v3,0,0.92,,55.001410309509446,,79.88,43.34782608695652,1,50,50
pickplace_push,config_3,2800000,2800000,push-v3,1,0.96,,125.63366553080994,,57.06,38.604166666666664,1,50,50
pickplace_push,config_3,2850000,2850000,pick-place-v3,0,0.92,,53.33227640033461,,87.0,51.08695652173913,1,50,50
pickplace_push,config_3,2850000,2850000,push-v3,1,0.9,,132.38432887570735,,91.48,46.08888888888889,1,50,50
pickplace_push,config_3,2900000,2900000,pick-place-v3,0,0.9,,56.586909285256276,,91.52,46.13333333333333,1,50,50
pickplace_push,config_3,2900000,2900000,push-v3,1,0.92,,142.32745949358278,,74.24,37.21739130434783,1,50,50
pickplace_push,config_3,2950000,2950000,pick-place-v3,0,0.96,,55.59138231108129,,61.16,42.875,1,50,50
pickplace_push,config_3,2950000,2950000,push-v3,1,0.94,,149.13060340623787,,69.88,42.42553191489362,1,50,50
pickplace_push,config_3,3000000,3000000,pick-place-v3,0,0.84,,44.91386387552782,,114.5,41.07142857142857,1,50,50
pickplace_push,config_3,3000000,3000000,push-v3,1,0.88,,147.26328130715683,,95.56,40.40909090909091,1,50,50
pickplace_push,config_3,3050000,3050000,pick-place-v3,0,0.88,,51.79169226461555,,98.76,44.04545454545455,1,50,50
pickplace_push,config_3,3050000,3050000,push-v3,1,0.94,,138.72364756091866,,65.38,37.638297872340424,1,50,50
pickplace_push,config_3,3100000,3100000,pick-place-v3,0,0.88,,49.62550232662325,,106.78,53.15909090909091,1,50,50
pickplace_push,config_3,3100000,3100000,push-v3,1,0.86,,143.44826210546188,,103.9,39.41860465116279,1,50,50
pickplace_push,config_3,3150000,3150000,pick-place-v3,0,0.88,,51.08986652583433,,102.94,48.79545454545455,1,50,50
pickplace_push,config_3,3150000,3150000,push-v3,1,0.92,,161.52701024418081,,94.22,58.93478260869565,1,50,50
pickplace_push,config_3,3200000,3200000,pick-place-v3,0,0.92,,51.52793205827408,,80.24,43.73913043478261,1,50,50
pickplace_push,config_3,3200000,3200000,push-v3,1,1.0,,140.54693870207987,,38.78,38.78,1,50,50
pickplace_push,config_3,3250000,3250000,pick-place-v3,0,0.98,,51.033057937304356,,51.44,42.285714285714285,1,50,50
pickplace_push,config_3,3250000,3250000,push-v3,1,1.0,,133.89405157189154,,38.86,38.86,1,50,50
pickplace_push,config_3,3300000,3300000,pick-place-v3,0,0.96,,54.46716973504729,,63.68,45.5,1,50,50
pickplace_push,config_3,3300000,3300000,push-v3,1,0.92,,137.21208936655583,,76.66,39.84782608695652,1,50,50
pickplace_push,config_3,3350000,3350000,pick-place-v3,0,0.88,,50.127059854803484,,97.92,43.09090909090909,1,50,50
pickplace_push,config_3,3350000,3350000,push-v3,1,0.96,,274.6424902104429,,57.88,39.458333333333336,1,50,50
pickplace_push,config_3,3400000,3400000,pick-place-v3,0,0.92,,52.0836234989988,,81.6,45.21739130434783,1,50,50
pickplace_push,config_3,3400000,3400000,push-v3,1,1.0,,144.68512223633155,,39.7,39.7,1,50,50
pickplace_push,config_3,3450000,3450000,pick-place-v3,0,1.0,,58.05673841957944,,42.72,42.72,1,50,50
pickplace_push,config_3,3450000,3450000,push-v3,1,1.0,,141.25061797750553,,40.08,40.08,1,50,50
pickplace_push,config_3,3500000,3500000,pick-place-v3,0,0.96,,56.41831429022093,,61.3,43.020833333333336,1,50,50
pickplace_push,config_3,3500000,3500000,push-v3,1,0.98,,219.17564431769264,,49.76,40.57142857142857,1,50,50
pickplace_push,config_3,3550000,3550000,pick-place-v3,0,1.0,,59.29215836499293,,42.8,42.8,1,50,50
pickplace_push,config_3,3550000,3550000,push-v3,1,1.0,,139.88627215043275,,39.32,39.32,1,50,50
pickplace_push,config_3,3600000,3600000,pick-place-v3,0,1.0,,59.48826520530368,,42.84,42.84,1,50,50
pickplace_push,config_3,3600000,3600000,push-v3,1,1.0,,144.93418040339037,,46.46,46.46,1,50,50
pickplace_push,config_3,3650000,3650000,pick-place-v3,0,1.0,,57.35593617792831,,42.3,42.3,1,50,50
pickplace_push,config_3,3650000,3650000,push-v3,1,1.0,,141.16577115854173,,39.26,39.26,1,50,50
pickplace_push,config_3,3700000,3700000,pick-place-v3,0,1.0,,58.0964610863291,,42.66,42.66,1,50,50
pickplace_push,config_3,3700000,3700000,push-v3,1,1.0,,135.99350923113846,,40.4,40.4,1,50,50
pickplace_push,config_3,3750000,3750000,pick-place-v3,0,1.0,,56.52607526068985,,42.16,42.16,1,50,50
pickplace_push,config_3,3750000,3750000,push-v3,1,1.0,,138.6001632889835,,39.56,39.56,1,50,50
pickplace_push,config_3,3800000,3800000,pick-place-v3,0,1.0,,59.537997904617285,,42.18,42.18,1,50,50
pickplace_push,config_3,3800000,3800000,push-v3,1,1.0,,149.96823055295854,,40.04,40.04,1,50,50
pickplace_push,config_3,3850000,3850000,pick-place-v3,0,0.96,,56.78009050133278,,60.42,42.104166666666664,1,50,50
pickplace_push,config_3,3850000,3850000,push-v3,1,1.0,,159.56010083808363,,42.14,42.14,1,50,50
pickplace_push,config_3,3900000,3900000,pick-place-v3,0,0.96,,57.905450077816184,,61.88,43.625,1,50,50
pickplace_push,config_3,3900000,3900000,push-v3,1,1.0,,149.5056135849431,,43.08,43.08,1,50,50
pickplace_push,config_3,3950000,3950000,pick-place-v3,0,0.92,,56.93116582879537,,96.5,61.41304347826087,1,50,50
pickplace_push,config_3,3950000,3950000,push-v3,1,1.0,,199.9147287049023,,45.6,45.6,1,50,50
pickplace_push,config_3,4000000,4000000,pick-place-v3,0,0.94,,56.675567373359534,,83.42,56.829787234042556,1,50,50
pickplace_push,config_3,4000000,4000000,push-v3,1,1.0,,151.50786817169418,,40.86,40.86,1,50,50
pickplace_push,config_3,4050000,4050000,pick-place-v3,0,0.9,,55.22761517531269,,101.02,56.68888888888889,1,50,50
pickplace_push,config_3,4050000,4050000,push-v3,1,0.98,,166.97422361514649,,50.1,40.91836734693877,1,50,50
pickplace_push,config_3,4100000,4100000,pick-place-v3,0,0.96,,60.59380163177131,,69.78,51.854166666666664,1,50,50
pickplace_push,config_3,4100000,4100000,push-v3,1,0.98,,156.6788192319239,,49.7,40.51020408163265,1,50,50
pickplace_push,config_3,4150000,4150000,pick-place-v3,0,1.0,,59.24086122863582,,43.66,43.66,1,50,50
pickplace_push,config_3,4150000,4150000,push-v3,1,1.0,,157.980578861769,,42.06,42.06,1,50,50
pickplace_push,config_3,4200000,4200000,pick-place-v3,0,0.98,,56.6693533205919,,55.46,46.38775510204081,1,50,50
pickplace_push,config_3,4200000,4200000,push-v3,1,0.98,,163.20760328898388,,55.88,46.816326530612244,1,50,50
pickplace_push,config_3,4250000,4250000,pick-place-v3,0,0.98,,55.581288037170786,,58.38,49.36734693877551,1,50,50
pickplace_push,config_3,4250000,4250000,push-v3,1,0.96,,155.14857430680058,,59.0,40.625,1,50,50
pickplace_push,config_3,4300000,4300000,pick-place-v3,0,0.96,,54.74633183811521,,62.56,44.333333333333336,1,50,50
pickplace_push,config_3,4300000,4300000,push-v3,1,0.96,,154.3835109338558,,66.7,48.645833333333336,1,50,50
pickplace_push,config_3,4350000,4350000,pick-place-v3,0,0.86,,48.38108273900271,,110.76,47.395348837209305,1,50,50
pickplace_push,config_3,4350000,4350000,push-v3,1,0.98,,161.27979189940143,,48.84,39.63265306122449,1,50,50
pickplace_push,config_3,4400000,4400000,pick-place-v3,0,0.9,,51.879741974873205,,90.94,45.48888888888889,1,50,50
pickplace_push,config_3,4400000,4400000,push-v3,1,0.96,,161.65149576141764,,57.4,38.958333333333336,1,50,50
pickplace_push,config_3,4450000,4450000,pick-place-v3,0,1.0,,54.30400847916588,,46.6,46.6,1,50,50
pickplace_push,config_3,4450000,4450000,push-v3,1,1.0,,151.3647064506771,,38.84,38.84,1,50,50
pickplace_push,config_3,4500000,4500000,pick-place-v3,0,0.92,,49.339664423714254,,83.62,47.41304347826087,1,50,50
pickplace_push,config_3,4500000,4500000,push-v3,1,0.96,,213.8002149877605,,60.26,41.9375,1,50,50
pickplace_push,config_3,4550000,4550000,pick-place-v3,0,0.86,,47.94392051513611,,119.28,57.30232558139535,1,50,50
pickplace_push,config_3,4550000,4550000,push-v3,1,0.98,,154.44095212370144,,50.46,41.285714285714285,1,50,50
pickplace_push,config_3,4600000,4600000,pick-place-v3,0,0.94,,55.821016796669475,,69.96,42.51063829787234,1,50,50
pickplace_push,config_3,4600000,4600000,push-v3,1,0.96,,152.66033643413786,,60.66,42.354166666666664,1,50,50
pickplace_push,config_3,4650000,4650000,pick-place-v3,0,0.98,,61.45073237982955,,53.24,44.12244897959184,1,50,50
pickplace_push,config_3,4650000,4650000,push-v3,1,0.98,,166.00275002702293,,54.44,45.3469387755102,1,50,50
pickplace_push,config_3,4700000,4700000,pick-place-v3,0,0.98,,62.52183578693035,,50.54,41.36734693877551,1,50,50
pickplace_push,config_3,4700000,4700000,push-v3,1,0.96,,155.3382494295935,,58.24,39.833333333333336,1,50,50
pickplace_push,config_3,4750000,4750000,pick-place-v3,0,0.9,,58.261672643320345,,94.46,49.4,1,50,50
pickplace_push,config_3,4750000,4750000,push-v3,1,0.94,,163.3516809387539,,68.08,40.51063829787234,1,50,50
pickplace_push,config_3,4800000,4800000,pick-place-v3,0,0.96,,62.49564566259443,,61.64,43.375,1,50,50
pickplace_push,config_3,4800000,4800000,push-v3,1,0.96,,167.0204842427263,,58.86,40.479166666666664,1,50,50
pickplace_push,config_3,4850000,4850000,pick-place-v3,0,0.96,,62.39147573412756,,62.02,43.770833333333336,1,50,50
pickplace_push,config_3,4850000,4850000,push-v3,1,0.96,,167.09339028551457,,65.08,46.958333333333336,1,50,50
pickplace_push,config_3,4900000,4900000,pick-place-v3,0,0.98,,63.44035536674359,,58.78,49.775510204081634,1,50,50
pickplace_push,config_3,4900000,4900000,push-v3,1,0.92,,163.56872451117323,,76.38,39.54347826086956,1,50,50
pickplace_push,config_3,4950000,4950000,pick-place-v3,0,1.0,,63.416526955559796,,42.36,42.36,1,50,50
pickplace_push,config_3,4950000,4950000,push-v3,1,0.98,,160.48144732363767,,51.5,42.3469387755102,1,50,50
pickplace_push,config_3,5000000,5000000,pick-place-v3,0,1.0,,62.10883281910696,,49.46,49.46,1,50,50
pickplace_push,config_3,5000000,5000000,push-v3,1,0.98,,161.4847105670844,,48.98,39.775510204081634,1,50,50
pickplace_push,config_3,5050000,5050000,pick-place-v3,0,1.0,,60.97505464773377,,42.18,42.18,1,50,50
pickplace_push,config_3,5050000,5050000,push-v3,1,0.98,,171.70676412754173,,49.86,40.673469387755105,1,50,50
pickplace_push,config_3,5100000,5100000,pick-place-v3,0,1.0,,62.535621564431686,,43.0,43.0,1,50,50
pickplace_push,config_3,5100000,5100000,push-v3,1,1.0,,163.3156780379411,,42.34,42.34,1,50,50
pickplace_push,config_3,5150000,5150000,pick-place-v3,0,1.0,,59.39265862844131,,43.92,43.92,1,50,50
pickplace_push,config_3,5150000,5150000,push-v3,1,0.94,,161.60810388186508,,68.7,41.170212765957444,1,50,50
pickplace_push,config_3,5200000,5200000,pick-place-v3,0,1.0,,62.625351345656,,42.36,42.36,1,50,50
pickplace_push,config_3,5200000,5200000,push-v3,1,1.0,,159.6406182205641,,42.48,42.48,1,50,50
pickplace_push,config_3,5250000,5250000,pick-place-v3,0,1.0,,60.877569963680834,,42.26,42.26,1,50,50
pickplace_push,config_3,5250000,5250000,push-v3,1,1.0,,168.96781299258924,,42.12,42.12,1,50,50
pickplace_push,config_3,5300000,5300000,pick-place-v3,0,1.0,,59.81929085742171,,41.58,41.58,1,50,50
pickplace_push,config_3,5300000,5300000,push-v3,1,1.0,,161.58624944210456,,41.1,41.1,1,50,50
pickplace_push,config_3,5350000,5350000,pick-place-v3,0,0.98,,58.24503557953592,,50.88,41.714285714285715,1,50,50
pickplace_push,config_3,5350000,5350000,push-v3,1,1.0,,155.27621102483764,,40.84,40.84,1,50,50
pickplace_push,config_3,5400000,5400000,pick-place-v3,0,1.0,,58.33643307644291,,42.52,42.52,1,50,50
pickplace_push,config_3,5400000,5400000,push-v3,1,0.98,,155.88178658337154,,50.52,41.3469387755102,1,50,50
pickplace_push,config_3,5450000,5450000,pick-place-v3,0,1.0,,59.025438944467616,,41.84,41.84,1,50,50
pickplace_push,config_3,5450000,5450000,push-v3,1,1.0,,166.48868231026907,,48.36,48.36,1,50,50
pickplace_push,config_3,5500000,5500000,pick-place-v3,0,0.96,,56.199624661979335,,60.16,41.833333333333336,1,50,50
pickplace_push,config_3,5500000,5500000,push-v3,1,0.96,,157.41612829849512,,60.18,41.854166666666664,1,50,50
pickplace_push,config_3,5550000,5550000,pick-place-v3,0,1.0,,63.03936012069041,,41.42,41.42,1,50,50
pickplace_push,config_3,5550000,5550000,push-v3,1,1.0,,169.54190476869445,,42.76,42.76,1,50,50
pickplace_push,config_3,5600000,5600000,pick-place-v3,0,1.0,,59.71751565679568,,41.78,41.78,1,50,50
pickplace_push,config_3,5600000,5600000,push-v3,1,0.94,,188.78717533936222,,69.26,41.765957446808514,1,50,50
pickplace_push,config_3,5650000,5650000,pick-place-v3,0,1.0,,60.82137484942451,,41.62,41.62,1,50,50
pickplace_push,config_3,5650000,5650000,push-v3,1,0.92,,182.39283945154108,,79.38,42.80434782608695,1,50,50
pickplace_push,config_3,5700000,5700000,pick-place-v3,0,0.98,,58.75237382804417,,50.52,41.3469387755102,1,50,50
pickplace_push,config_3,5700000,5700000,push-v3,1,0.98,,173.55836482981485,,51.62,42.46938775510204,1,50,50
pickplace_push,config_3,5750000,5750000,pick-place-v3,0,1.0,,59.10184287868399,,41.26,41.26,1,50,50
pickplace_push,config_3,5750000,5750000,push-v3,1,0.98,,169.5632110287465,,53.4,44.285714285714285,1,50,50
pickplace_push,config_3,5800000,5800000,pick-place-v3,0,0.98,,59.411686498984444,,51.84,42.69387755102041,1,50,50
pickplace_push,config_3,5800000,5800000,push-v3,1,0.96,,191.78420947589578,,60.74,42.4375,1,50,50
pickplace_push,config_3,5850000,5850000,pick-place-v3,0,0.96,,56.769230487422625,,59.46,41.104166666666664,1,50,50
pickplace_push,config_3,5850000,5850000,push-v3,1,0.94,,163.04154300786394,,77.34,50.361702127659576,1,50,50
pickplace_push,config_3,5900000,5900000,pick-place-v3,0,1.0,,58.784099012037025,,41.26,41.26,1,50,50
pickplace_push,config_3,5900000,5900000,push-v3,1,0.96,,163.6507938775565,,60.5,42.1875,1,50,50
pickplace_push,config_3,5950000,5950000,pick-place-v3,0,0.98,,58.60428521126066,,50.1,40.91836734693877,1,50,50
pickplace_push,config_3,5950000,5950000,push-v3,1,0.98,,162.9459770727939,,50.74,41.57142857142857,1,50,50
pickplace_push,config_3,6000000,6000000,pick-place-v3,0,1.0,,58.95749413918392,,48.1,48.1,1,50,50
pickplace_push,config_3,6000000,6000000,push-v3,1,0.98,,173.1492528405565,,49.18,39.97959183673469,1,50,50
pickplace_push,config_3,6050000,6050000,pick-place-v3,0,0.96,,57.83658524395816,,60.92,42.625,1,50,50
pickplace_push,config_3,6050000,6050000,push-v3,1,0.96,,169.10348487410917,,59.14,40.770833333333336,1,50,50
pickplace_push,config_3,6100000,6100000,pick-place-v3,0,0.94,,58.127192695813,,71.18,43.808510638297875,1,50,50
pickplace_push,config_3,6100000,6100000,push-v3,1,1.0,,166.37208486787907,,45.44,45.44,1,50,50
pickplace_push,config_3,6150000,6150000,pick-place-v3,0,0.96,,56.50254045465753,,62.46,44.229166666666664,1,50,50
pickplace_push,config_3,6150000,6150000,push-v3,1,0.92,,176.10220949325114,,79.16,42.56521739130435,1,50,50
pickplace_push,config_3,6200000,6200000,pick-place-v3,0,0.94,,58.110555277350386,,78.32,51.40425531914894,1,50,50
pickplace_push,config_3,6200000,6200000,push-v3,1,0.96,,166.59239127364418,,62.18,43.9375,1,50,50
pickplace_push,config_3,6250000,6250000,pick-place-v3,0,0.98,,57.52736888499717,,52.66,43.53061224489796,1,50,50
pickplace_push,config_3,6250000,6250000,push-v3,1,0.96,,182.2433012134445,,63.64,45.458333333333336,1,50,50
pickplace_push,config_3,6300000,6300000,pick-place-v3,0,0.96,,55.557399274808176,,61.78,43.520833333333336,1,50,50
pickplace_push,config_3,6300000,6300000,push-v3,1,0.94,,184.87296873242448,,76.0,48.93617021276596,1,50,50
pickplace_push,config_3,6350000,6350000,pick-place-v3,0,0.94,,52.42881930764388,,69.66,42.191489361702125,1,50,50
pickplace_push,config_3,6350000,6350000,push-v3,1,0.92,,150.33572092880382,,79.4,42.82608695652174,1,50,50
pickplace_push,config_3,6400000,6400000,pick-place-v3,0,0.96,,54.472167738145906,,66.32,48.25,1,50,50
pickplace_push,config_3,6400000,6400000,push-v3,1,0.96,,142.61358936570332,,63.04,44.833333333333336,1,50,50
pickplace_push,config_3,6450000,6450000,pick-place-v3,0,0.96,,51.85146423049406,,63.88,45.708333333333336,1,50,50
pickplace_push,config_3,6450000,6450000,push-v3,1,0.96,,168.47394462253723,,60.92,42.625,1,50,50
pickplace_push,config_3,6500000,6500000,pick-place-v3,0,0.96,,53.84796487831696,,75.44,57.75,1,50,50
pickplace_push,config_3,6500000,6500000,push-v3,1,0.96,,150.4503887852664,,63.14,44.9375,1,50,50
pickplace_push,config_3,6550000,6550000,pick-place-v3,0,0.88,,54.89480895010609,,96.84,41.86363636363637,1,50,50
pickplace_push,config_3,6550000,6550000,push-v3,1,0.94,,139.88017472835318,,78.94,52.06382978723404,1,50,50
pickplace_push,config_3,6600000,6600000,pick-place-v3,0,0.92,,53.04088468574614,,91.38,55.84782608695652,1,50,50
pickplace_push,config_3,6600000,6600000,push-v3,1,0.96,,146.7556998192318,,65.18,47.0625,1,50,50
pickplace_push,config_3,6650000,6650000,pick-place-v3,0,0.92,,55.386389676947054,,85.16,49.08695652173913,1,50,50
pickplace_push,config_3,6650000,6650000,push-v3,1,0.94,,147.86962359842295,,69.06,41.5531914893617,1,50,50
pickplace_push,config_3,6700000,6700000,pick-place-v3,0,0.94,,55.777764580111935,,75.78,48.702127659574465,1,50,50
pickplace_push,config_3,6700000,6700000,push-v3,1,0.94,,149.54219152859082,,76.72,49.702127659574465,1,50,50
pickplace_push,config_3,6750000,6750000,pick-place-v3,0,0.94,,54.67405305842747,,75.22,48.1063829787234,1,50,50
pickplace_push,config_3,6750000,6750000,push-v3,1,0.98,,146.55206047943588,,60.54,51.57142857142857,1,50,50
pickplace_push,config_3,6800000,6800000,pick-place-v3,0,0.98,,58.76504109267677,,61.2,52.244897959183675,1,50,50
pickplace_push,config_3,6800000,6800000,push-v3,1,0.98,,143.6290584198922,,54.24,45.142857142857146,1,50,50
pickplace_push,config_3,6850000,6850000,pick-place-v3,0,0.94,,54.83447616466407,,73.98,46.787234042553195,1,50,50
pickplace_push,config_3,6850000,6850000,push-v3,1,0.98,,133.26229357269648,,53.88,44.775510204081634,1,50,50
pickplace_push,config_3,6900000,6900000,pick-place-v3,0,0.94,,52.24611943972719,,73.3,46.06382978723404,1,50,50
pickplace_push,config_3,6900000,6900000,push-v3,1,0.94,,144.29360870615764,,79.9,53.08510638297872,1,50,50
pickplace_push,config_3,6950000,6950000,pick-place-v3,0,0.96,,51.37348983910022,,64.3,46.145833333333336,1,50,50
pickplace_push,config_3,6950000,6950000,push-v3,1,0.96,,137.26224747594836,,64.16,46.0,1,50,50
pickplace_push,config_3,7000000,7000000,pick-place-v3,0,0.98,,54.074371673285285,,51.0,41.83673469387755,1,50,50
pickplace_push,config_3,7000000,7000000,push-v3,1,0.96,,138.3913728440802,,57.36,38.916666666666664,1,50,50
pickplace_push,config_3,7050000,7050000,pick-place-v3,0,0.98,,53.05813088861367,,52.96,43.83673469387755,1,50,50
pickplace_push,config_3,7050000,7050000,push-v3,1,0.98,,140.89454552728728,,59.14,50.142857142857146,1,50,50
pickplace_push,config_3,7100000,7100000,pick-place-v3,0,0.94,,51.637359422232365,,73.12,45.87234042553192,1,50,50
pickplace_push,config_3,7100000,7100000,push-v3,1,1.0,,165.73647776646783,,46.16,46.16,1,50,50
pickplace_push,config_3,7150000,7150000,pick-place-v3,0,0.92,,52.06630767850238,,79.9,43.369565217391305,1,50,50
pickplace_push,config_3,7150000,7150000,push-v3,1,0.96,,138.64153403846552,,65.42,47.3125,1,50,50
pickplace_push,config_3,7200000,7200000,pick-place-v3,0,0.96,,55.22744152650867,,58.84,40.458333333333336,1,50,50
pickplace_push,config_3,7200000,7200000,push-v3,1,1.0,,153.97113381292237,,42.74,42.74,1,50,50
pickplace_push,config_3,7250000,7250000,pick-place-v3,0,0.94,,53.597372392318974,,68.5,40.95744680851064,1,50,50
pickplace_push,config_3,7250000,7250000,push-v3,1,0.96,,146.68573622475128,,57.48,39.041666666666664,1,50,50
pickplace_push,config_3,7300000,7300000,pick-place-v3,0,1.0,,54.973336030898544,,48.44,48.44,1,50,50
pickplace_push,config_3,7300000,7300000,push-v3,1,0.98,,153.1201973257047,,58.46,49.44897959183673,1,50,50
pickplace_push,config_3,7350000,7350000,pick-place-v3,0,0.94,,50.88687870878739,,78.0,51.06382978723404,1,50,50
pickplace_push,config_3,7350000,7350000,push-v3,1,0.92,,153.1342315690975,,92.4,56.95652173913044,1,50,50
pickplace_push,config_3,7400000,7400000,pick-place-v3,0,0.94,,51.236344801955035,,84.8,58.297872340425535,1,50,50
pickplace_push,config_3,7400000,7400000,push-v3,1,0.98,,154.31306275309703,,59.54,50.55102040816327,1,50,50
pickplace_push,config_3,7450000,7450000,pick-place-v3,0,0.94,,53.98352126458016,,69.28,41.787234042553195,1,50,50
pickplace_push,config_3,7450000,7450000,push-v3,1,0.94,,149.08156739141612,,82.0,55.319148936170215,1,50,50
pickplace_push,config_3,7500000,7500000,pick-place-v3,0,0.98,,54.21110844313958,,53.92,44.816326530612244,1,50,50
pickplace_push,config_3,7500000,7500000,push-v3,1,0.96,,147.4118494930113,,69.32,51.375,1,50,50
pickplace_push,config_3,7550000,7550000,pick-place-v3,0,0.96,,56.7387266052953,,64.18,46.020833333333336,1,50,50
pickplace_push,config_3,7550000,7550000,push-v3,1,0.98,,142.03534743233124,,59.16,50.16326530612245,1,50,50
pickplace_push,config_3,7600000,7600000,pick-place-v3,0,0.86,,50.00478875812078,,111.3,48.02325581395349,1,50,50
pickplace_push,config_3,7600000,7600000,push-v3,1,0.96,,137.4063838528611,,67.54,49.520833333333336,1,50,50
pickplace_push,config_3,7650000,7650000,pick-place-v3,0,0.9,,49.31908406635742,,96.56,51.733333333333334,1,50,50
pickplace_push,config_3,7650000,7650000,push-v3,1,0.98,,160.8659897149575,,68.92,60.12244897959184,1,50,50
pickplace_push,config_3,7700000,7700000,pick-place-v3,0,0.98,,54.4148667985563,,54.52,45.42857142857143,1,50,50
pickplace_push,config_3,7700000,7700000,push-v3,1,0.94,,156.79419795125378,,80.3,53.51063829787234,1,50,50
pickplace_push,config_3,7750000,7750000,pick-place-v3,0,0.98,,54.474116334176486,,51.38,42.224489795918366,1,50,50
pickplace_push,config_3,7750000,7750000,push-v3,1,0.98,,203.68535840564095,,59.32,50.326530612244895,1,50,50
pickplace_push,config_3,7800000,7800000,pick-place-v3,0,0.98,,53.82758680961315,,50.4,41.224489795918366,1,50,50
pickplace_push,config_3,7800000,7800000,push-v3,1,1.0,,154.91431230638338,,45.34,45.34,1,50,50
pickplace_push,config_3,7850000,7850000,pick-place-v3,0,0.96,,54.61658985364908,,59.64,41.291666666666664,1,50,50
pickplace_push,config_3,7850000,7850000,push-v3,1,0.96,,140.87837815149763,,64.4,46.25,1,50,50
pickplace_push,config_3,7900000,7900000,pick-place-v3,0,0.96,,54.87891053582964,,62.02,43.770833333333336,1,50,50
pickplace_push,config_3,7900000,7900000,push-v3,1,0.92,,153.79176740792184,,80.9,44.45652173913044,1,50,50
pickplace_push,config_3,7950000,7950000,pick-place-v3,0,0.98,,54.09269997806864,,53.48,44.36734693877551,1,50,50
pickplace_push,config_3,7950000,7950000,push-v3,1,1.0,,137.23935329318684,,55.78,55.78,1,50,50
pickplace_push,config_3,8000000,8000000,pick-place-v3,0,0.98,,55.002996696777,,51.46,42.30612244897959,1,50,50
pickplace_push,config_3,8000000,8000000,push-v3,1,0.96,,140.64013599890336,,67.0,48.958333333333336,1,50,50
pickplace_push,config_3,8050000,8050000,pick-place-v3,0,0.96,,54.8893327566978,,66.14,48.0625,1,50,50
pickplace_push,config_3,8050000,8050000,push-v3,1,0.94,,134.57890598553834,,71.9,44.57446808510638,1,50,50
pickplace_push,config_3,8100000,8100000,pick-place-v3,0,1.0,,55.4597935662397,,43.74,43.74,1,50,50
pickplace_push,config_3,8100000,8100000,push-v3,1,0.94,,143.03644917595,,72.18,44.87234042553192,1,50,50
pickplace_push,config_3,8150000,8150000,pick-place-v3,0,0.98,,55.76637628850596,,50.28,41.10204081632653,1,50,50
pickplace_push,config_3,8150000,8150000,push-v3,1,0.98,,141.93174556315526,,54.98,45.89795918367347,1,50,50
pickplace_push,config_3,8200000,8200000,pick-place-v3,0,0.94,,53.68809923937417,,69.9,42.4468085106383,1,50,50
pickplace_push,config_3,8200000,8200000,push-v3,1,0.94,,187.62957334254799,,68.44,40.8936170212766,1,50,50
pickplace_push,config_3,8250000,8250000,pick-place-v3,0,0.98,,55.46641076643225,,51.84,42.69387755102041,1,50,50
pickplace_push,config_3,8250000,8250000,push-v3,1,1.0,,158.46455543151933,,42.1,42.1,1,50,50
pickplace_push,config_3,8300000,8300000,pick-place-v3,0,0.98,,54.06399416018896,,50.2,41.02040816326531,1,50,50
pickplace_push,config_3,8300000,8300000,push-v3,1,1.0,,157.10331676105054,,41.04,41.04,1,50,50
pickplace_push,config_3,8350000,8350000,pick-place-v3,0,0.98,,59.774070650972,,53.28,44.16326530612245,1,50,50
pickplace_push,config_3,8350000,8350000,push-v3,1,1.0,,162.17897335495113,,43.16,43.16,1,50,50
pickplace_push,config_3,8400000,8400000,pick-place-v3,0,1.0,,60.84418171595745,,42.04,42.04,1,50,50
pickplace_push,config_3,8400000,8400000,push-v3,1,1.0,,166.43174592661128,,41.48,41.48,1,50,50
pickplace_push,config_3,8450000,8450000,pick-place-v3,0,0.96,,54.962803674858144,,60.18,41.854166666666664,1,50,50
pickplace_push,config_3,8450000,8450000,push-v3,1,0.96,,158.8795120282104,,59.72,41.375,1,50,50
pickplace_push,config_3,8500000,8500000,pick-place-v3,0,0.98,,57.23124549666787,,49.96,40.775510204081634,1,50,50
pickplace_push,config_3,8500000,8500000,push-v3,1,0.98,,163.83140307444833,,50.76,41.59183673469388,1,50,50
pickplace_push,config_3,8550000,8550000,pick-place-v3,0,0.9,,55.549170218290534,,86.82,40.91111111111111,1,50,50
pickplace_push,config_3,8550000,8550000,push-v3,1,0.94,,160.52865664745076,,68.46,40.91489361702128,1,50,50
pickplace_push,config_3,8600000,8600000,pick-place-v3,0,0.98,,57.691251953963935,,49.88,40.69387755102041,1,50,50
pickplace_push,config_3,8600000,8600000,push-v3,1,1.0,,155.54204072436656,,41.64,41.64,1,50,50
pickplace_push,config_3,8650000,8650000,pick-place-v3,0,1.0,,57.06938399569451,,48.92,48.92,1,50,50
pickplace_push,config_3,8650000,8650000,push-v3,1,1.0,,162.48998345595518,,46.46,46.46,1,50,50
pickplace_push,config_3,8700000,8700000,pick-place-v3,0,0.98,,59.085336284995584,,50.24,41.06122448979592,1,50,50
pickplace_push,config_3,8700000,8700000,push-v3,1,1.0,,157.35311624896448,,42.78,42.78,1,50,50
pickplace_push,config_3,8750000,8750000,pick-place-v3,0,0.92,,62.64349086194381,,80.34,43.84782608695652,1,50,50
pickplace_push,config_3,8750000,8750000,push-v3,1,1.0,,156.39203452753554,,44.64,44.64,1,50,50
pickplace_push,config_3,8800000,8800000,pick-place-v3,0,0.98,,59.58653819192176,,50.84,41.673469387755105,1,50,50
pickplace_push,config_3,8800000,8800000,push-v3,1,0.98,,144.22202586638758,,51.28,42.12244897959184,1,50,50
pickplace_push,config_3,8850000,8850000,pick-place-v3,0,1.0,,59.755384639890366,,44.7,44.7,1,50,50
pickplace_push,config_3,8850000,8850000,push-v3,1,0.96,,152.50025253182622,,61.92,43.666666666666664,1,50,50
pickplace_push,config_3,8900000,8900000,pick-place-v3,0,1.0,,61.99634616447604,,41.56,41.56,1,50,50
pickplace_push,config_3,8900000,8900000,push-v3,1,0.98,,162.83798356685594,,52.0,42.857142857142854,1,50,50
pickplace_push,config_3,8950000,8950000,pick-place-v3,0,0.98,,60.05602828598506,,50.62,41.44897959183673,1,50,50
pickplace_push,config_3,8950000,8950000,push-v3,1,0.98,,167.21009185923907,,53.12,44.0,1,50,50
pickplace_push,config_3,9000000,9000000,pick-place-v3,0,1.0,,59.48604689607184,,41.12,41.12,1,50,50
pickplace_push,config_3,9000000,9000000,push-v3,1,0.96,,163.52999514109763,,59.44,41.083333333333336,1,50,50
pickplace_push,config_3,9050000,9050000,pick-place-v3,0,0.98,,60.31582357227121,,50.72,41.55102040816327,1,50,50
pickplace_push,config_3,9050000,9050000,push-v3,1,1.0,,153.1568092186931,,40.72,40.72,1,50,50
pickplace_push,config_3,9100000,9100000,pick-place-v3,0,0.96,,58.26254864819007,,60.06,41.729166666666664,1,50,50
pickplace_push,config_3,9100000,9100000,push-v3,1,1.0,,151.29146363012228,,40.28,40.28,1,50,50
pickplace_push,config_3,9150000,9150000,pick-place-v3,0,0.96,,60.1128148428066,,61.92,43.666666666666664,1,50,50
pickplace_push,config_3,9150000,9150000,push-v3,1,1.0,,153.80555471152832,,40.94,40.94,1,50,50
pickplace_push,config_3,9200000,9200000,pick-place-v3,0,0.98,,58.3128329277244,,50.74,41.57142857142857,1,50,50
pickplace_push,config_3,9200000,9200000,push-v3,1,0.98,,151.2134202140033,,48.84,39.63265306122449,1,50,50
pickplace_push,config_3,9250000,9250000,pick-place-v3,0,1.0,,59.638162132166286,,42.56,42.56,1,50,50
pickplace_push,config_3,9250000,9250000,push-v3,1,1.0,,146.0427554978532,,40.46,40.46,1,50,50
pickplace_push,config_3,9300000,9300000,pick-place-v3,0,1.0,,57.41955278350316,,43.1,43.1,1,50,50
pickplace_push,config_3,9300000,9300000,push-v3,1,0.98,,151.03860654162537,,50.2,41.02040816326531,1,50,50
pickplace_push,config_3,9350000,9350000,pick-place-v3,0,1.0,,60.29423827015209,,43.04,43.04,1,50,50
pickplace_push,config_3,9350000,9350000,push-v3,1,1.0,,158.56065684464465,,41.92,41.92,1,50,50
pickplace_push,config_3,9400000,9400000,pick-place-v3,0,1.0,,60.64532782574155,,42.52,42.52,1,50,50
pickplace_push,config_3,9400000,9400000,push-v3,1,1.0,,158.32232612434098,,41.46,41.46,1,50,50
pickplace_push,config_3,9450000,9450000,pick-place-v3,0,1.0,,57.50583752822108,,42.68,42.68,1,50,50
pickplace_push,config_3,9450000,9450000,push-v3,1,1.0,,160.57818153412157,,48.0,48.0,1,50,50
pickplace_push,config_3,9500000,9500000,pick-place-v3,0,1.0,,58.08338651089532,,42.96,42.96,1,50,50
pickplace_push,config_3,9500000,9500000,push-v3,1,1.0,,148.79532893296292,,41.68,41.68,1,50,50
pickplace_push,config_3,9550000,9550000,pick-place-v3,0,1.0,,59.182675044727915,,43.1,43.1,1,50,50
pickplace_push,config_3,9550000,9550000,push-v3,1,1.0,,146.78500519930293,,42.12,42.12,1,50,50
pickplace_push,config_3,9600000,9600000,pick-place-v3,0,0.98,,49.96179336332374,,52.0,42.857142857142854,1,50,50
pickplace_push,config_3,9600000,9600000,push-v3,1,0.94,,159.65169482038837,,69.36,41.87234042553192,1,50,50
pickplace_push,config_3,9650000,9650000,pick-place-v3,0,1.0,,49.48659957454831,,45.96,45.96,1,50,50
pickplace_push,config_3,9650000,9650000,push-v3,1,0.98,,131.72107476914135,,51.86,42.714285714285715,1,50,50
pickplace_push,config_3,9700000,9700000,pick-place-v3,0,1.0,,51.17151563671461,,42.44,42.44,1,50,50
pickplace_push,config_3,9700000,9700000,push-v3,1,0.96,,128.5022564476078,,60.72,42.416666666666664,1,50,50
pickplace_push,config_3,9750000,9750000,pick-place-v3,0,0.96,,50.473260858038,,60.68,42.375,1,50,50
pickplace_push,config_3,9750000,9750000,push-v3,1,0.9,,140.88744357935224,,88.2,42.44444444444444,1,50,50
pickplace_push,config_3,9800000,9800000,pick-place-v3,0,0.94,,51.854010873073584,,69.44,41.95744680851064,1,50,50
pickplace_push,config_3,9800000,9800000,push-v3,1,0.9,,127.40871340998643,,87.44,41.6,1,50,50
pickplace_push,config_3,9850000,9850000,pick-place-v3,0,0.9,,46.1391550100866,,90.5,45.0,1,50,50
pickplace_push,config_3,9850000,9850000,push-v3,1,0.96,,137.5655271232887,,62.24,44.0,1,50,50
pickplace_push,config_3,9900000,9900000,pick-place-v3,0,0.96,,52.83123877747123,,64.34,46.1875,1,50,50
pickplace_push,config_3,9900000,9900000,push-v3,1,0.96,,138.25162888800256,,60.2,41.875,1,50,50
pickplace_push,config_3,9950000,9950000,pick-place-v3,0,0.96,,47.05538838176948,,61.3,43.020833333333336,1,50,50
pickplace_push,config_3,9950000,9950000,push-v3,1,0.96,,112.06408891674722,,65.52,47.416666666666664,1,50,50
pickplace_push,config_3,10000000,10000000,pick-place-v3,0,1.0,,53.11384413426812,,43.14,43.14,1,50,50
pickplace_push,config_3,10000000,10000000,push-v3,1,0.94,,125.861617059332,,72.04,44.723404255319146,1,50,50
pickplace_push,config_3,10000000,final,pick-place-v3,0,0.92,,51.68087677354865,,78.96,42.34782608695652,1,50,50
pickplace_push,config_3,10000000,final,push-v3,1,0.9,,138.15959989933762,,89.34,43.71111111111111,1,50,50
