run_label,config_name,checkpoint_step,checkpoint_label,env_name,task_one_hot_idx,eval_seed,success_rate,avg_return,std_return,avg_steps,std_steps,avg_first_success_step,episodes,goals
pickplace_push,config_1,50000,50000,pick-place-v3,0,67,0.0,5.296708471052921,3.647044474028526,500.0,0.0,,50,50
pickplace_push,config_1,50000,50000,push-v3,1,67,0.0,29.964258930505775,9.391267389348869,500.0,0.0,,50,50
pickplace_push,config_1,100000,100000,pick-place-v3,0,67,0.0,4.541617682912775,2.183645557593593,500.0,0.0,,50,50
pickplace_push,config_1,100000,100000,push-v3,1,67,0.0,84.85378179755669,83.65951506844226,500.0,0.0,,50,50
pickplace_push,config_1,150000,150000,pick-place-v3,0,67,0.0,12.93818969823243,5.3635030646032,500.0,0.0,,50,50
pickplace_push,config_1,150000,150000,push-v3,1,67,0.0,290.545582903098,249.11217102288822,500.0,0.0,,50,50
pickplace_push,config_1,200000,200000,pick-place-v3,0,67,0.0,26.144308249738113,14.747939504349885,500.0,0.0,,50,50
pickplace_push,config_1,200000,200000,push-v3,1,67,0.0,220.4839238776645,194.7346862665602,500.0,0.0,,50,50
pickplace_push,config_1,250000,250000,pick-place-v3,0,67,0.0,37.20606874325642,15.362753596667615,500.0,0.0,,50,50
pickplace_push,config_1,250000,250000,push-v3,1,67,0.0,347.22683756629,362.4832910396119,500.0,0.0,,50,50
pickplace_push,config_1,300000,300000,pick-place-v3,0,67,0.0,42.91295244762991,16.574276611566347,500.0,0.0,,50,50
pickplace_push,config_1,300000,300000,push-v3,1,67,0.0,319.1923378443642,209.54410299695465,500.0,0.0,,50,50
pickplace_push,config_1,350000,350000,pick-place-v3,0,67,0.0,47.60285557103303,14.326849789965369,500.0,0.0,,50,50
pickplace_push,config_1,350000,350000,push-v3,1,67,0.0,456.1132049427933,421.91744244900633,500.0,0.0,,50,50
pickplace_push,config_1,400000,400000,pick-place-v3,0,67,0.0,51.038466299021586,14.08231486804111,500.0,0.0,,50,50
pickplace_push,config_1,400000,400000,push-v3,1,67,0.0,558.919596122812,457.27265968652046,500.0,0.0,,50,50
pickplace_push,config_1,450000,450000,pick-place-v3,0,67,0.0,97.05220372207127,169.11047641321014,500.0,0.0,,50,50
pickplace_push,config_1,450000,450000,push-v3,1,67,0.0,749.5562227474289,549.6345203724414,500.0,0.0,,50,50
pickplace_push,config_1,500000,500000,pick-place-v3,0,67,0.0,217.39478444069118,375.2440952286774,500.0,0.0,,50,50
pickplace_push,config_1,500000,500000,push-v3,1,67,0.0,1255.9372577984632,654.3086537834604,500.0,0.0,,50,50
pickplace_push,config_1,550000,550000,pick-place-v3,0,67,0.0,544.2289515526577,606.899779340213,500.0,0.0,,50,50
pickplace_push,config_1,550000,550000,push-v3,1,67,0.0,923.4321425936728,609.7649112641959,500.0,0.0,,50,50
pickplace_push,config_1,600000,600000,pick-place-v3,0,67,0.0,550.5144235398343,604.5906488765031,500.0,0.0,,50,50
pickplace_push,config_1,600000,600000,push-v3,1,67,0.0,836.3911173050811,495.04361244928435,500.0,0.0,,50,50
pickplace_push,config_1,650000,650000,pick-place-v3,0,67,0.0,569.1153067200572,626.3142372451265,500.0,0.0,,50,50
pickplace_push,config_1,650000,650000,push-v3,1,67,0.0,987.2174377081278,535.9210190194459,500.0,0.0,,50,50
pickplace_push,config_1,700000,700000,pick-place-v3,0,67,0.0,833.6709097669575,782.4287095392438,500.0,0.0,,50,50
pickplace_push,config_1,700000,700000,push-v3,1,67,0.0,1569.8668205411432,649.4958976992756,500.0,0.0,,50,50
pickplace_push,config_1,750000,750000,pick-place-v3,0,67,0.0,1509.2420457712717,720.138745176352,500.0,0.0,,50,50
pickplace_push,config_1,750000,750000,push-v3,1,67,0.04,2510.5568106143505,617.4221535261963,484.06,79.37058777709555,101.5,50,50
pickplace_push,config_1,800000,800000,pick-place-v3,0,67,0.24,1306.8190203705637,869.0110042719482,399.46,181.12057208570496,81.08333333333333,50,50
pickplace_push,config_1,800000,800000,push-v3,1,67,0.24,2598.602696917038,1141.4105079028752,409.28,165.74310586825968,122.0,50,50
pickplace_push,config_1,850000,850000,pick-place-v3,0,67,0.46,1071.8106724138408,849.3663277446774,326.24,200.84490513420388,122.26086956521739,50,50
pickplace_push,config_1,850000,850000,push-v3,1,67,0.42,2125.6132143269906,1489.2821835380955,325.8,211.6555731197576,85.23809523809524,50,50
pickplace_push,config_1,900000,900000,pick-place-v3,0,67,0.38,1041.4127347684584,940.9582897098978,348.16,197.27928612678497,100.42105263157895,50,50
pickplace_push,config_1,900000,900000,push-v3,1,67,0.44,2011.682309679216,1496.0933456473192,314.52,215.92281689794353,78.45454545454545,50,50
pickplace_push,config_1,950000,950000,pick-place-v3,0,67,0.56,938.8948973336315,992.0370107255189,270.36,207.12125601656044,89.92857142857143,50,50
pickplace_push,config_1,950000,950000,push-v3,1,67,0.42,2067.0496332558505,1560.3418425695736,315.54,220.80707342263605,60.80952380952381,50,50
pickplace_push,config_1,1000000,1000000,pick-place-v3,0,67,0.62,820.3044750652855,948.8682724500554,236.12,214.3298659276663,74.38709677419355,50,50
pickplace_push,config_1,1000000,1000000,push-v3,1,67,0.34,2425.065288230813,1487.624901666873,358.3,205.77283393021892,83.23529411764706,50,50
pickplace_push,config_1,1050000,1050000,pick-place-v3,0,67,0.58,971.3649772522366,1064.4244523085513,246.34,221.6260511099998,62.6551724137931,50,50
pickplace_push,config_1,1050000,1050000,push-v3,1,67,0.36,2337.882283446019,1460.8955455060511,353.36,206.8082775748335,92.66666666666667,50,50
pickplace_push,config_1,1100000,1100000,pick-place-v3,0,67,0.58,968.7635997312449,1099.335652118832,238.48,224.93629392903807,49.10344827586207,50,50
pickplace_push,config_1,1100000,1100000,push-v3,1,67,0.36,2295.545416984136,1415.2432114684627,352.82,204.65787180022156,91.16666666666667,50,50
pickplace_push,config_1,1150000,1150000,pick-place-v3,0,67,0.54,975.1276618641776,1017.9474741873676,273.94,220.97524194130983,81.37037037037037,50,50
pickplace_push,config_1,1150000,1150000,push-v3,1,67,0.36,2280.3169442566514,1418.5751479084765,354.54,206.33430472445062,95.94444444444444,50,50
pickplace_push,config_1,1200000,1200000,pick-place-v3,0,67,0.56,898.9201744626093,1017.0542416152,256.2,218.6457390018691,64.64285714285714,50,50
pickplace_push,config_1,1200000,1200000,push-v3,1,67,0.3,2341.893581706081,1352.4080522423756,373.3,198.92981533337687,77.66666666666667,50,50
pickplace_push,config_1,1250000,1250000,pick-place-v3,0,67,0.56,1004.4273833847432,1086.3946941474762,254.08,220.61221310577662,60.857142857142854,50,50
pickplace_push,config_1,1250000,1250000,push-v3,1,67,0.3,2474.46049790337,1355.688750204165,378.16,194.53842388419554,93.86666666666666,50,50
pickplace_push,config_1,1300000,1300000,pick-place-v3,0,67,0.58,894.1361068375699,1024.6172354543075,245.04,219.59953905010914,60.41379310344828,50,50
pickplace_push,config_1,1300000,1300000,push-v3,1,67,0.34,2306.5296153795857,1442.9833355639225,356.82,208.23119901901822,78.88235294117646,50,50
pickplace_push,config_1,1350000,1350000,pick-place-v3,0,67,0.64,829.1651819439154,1042.9141752126995,218.6,213.5781652067018,60.3125,50,50
pickplace_push,config_1,1350000,1350000,push-v3,1,67,0.44,2032.0542786924548,1654.8834619138158,303.88,223.94529579833568,54.27272727272727,50,50
pickplace_push,config_1,1400000,1400000,pick-place-v3,0,67,0.64,728.230420273988,954.1455422416925,229.62,210.75683735005114,77.53125,50,50
pickplace_push,config_1,1400000,1400000,push-v3,1,67,0.4,2232.190736529336,1616.2890474722037,324.08,218.9148413312858,60.2,50,50
pickplace_push,config_1,1450000,1450000,pick-place-v3,0,67,0.64,676.0654303781968,937.5177816165694,217.3,214.89924074660982,58.28125,50,50
pickplace_push,config_1,1450000,1450000,push-v3,1,67,0.54,1750.791312631884,1692.0242078171423,257.26,226.8104314989385,50.48148148148148,50,50
pickplace_push,config_1,1500000,1500000,pick-place-v3,0,67,0.58,717.2106261739774,936.1497830320033,246.02,219.0610286785723,62.10344827586207,50,50
pickplace_push,config_1,1500000,1500000,push-v3,1,67,0.64,1473.898226303755,1677.1605576103716,215.42,218.29619365271887,55.34375,50,50
pickplace_push,config_1,1550000,1550000,pick-place-v3,0,67,0.64,780.3148714295758,1001.206132795963,223.18,213.77564913540857,67.46875,50,50
pickplace_push,config_1,1550000,1550000,push-v3,1,67,0.66,1491.7504919584803,1644.7299133044878,218.56,216.2400555693904,73.57575757575758,50,50
pickplace_push,config_1,1600000,1600000,pick-place-v3,0,67,0.7,651.471697487501,955.6239360944627,191.56,209.33072748497233,59.371428571428574,50,50
pickplace_push,config_1,1600000,1600000,push-v3,1,67,0.72,1172.1049402439062,1543.543402643122,178.78,204.00032913138716,53.861111111111114,50,50
pickplace_push,config_1,1650000,1650000,pick-place-v3,0,67,0.72,641.8394874975213,1044.3284170001386,170.58,207.62535824834862,42.47222222222222,50,50
pickplace_push,config_1,1650000,1650000,push-v3,1,67,0.72,1181.0221563224745,1592.9397674423656,175.58,205.3884413416069,49.416666666666664,50,50
pickplace_push,config_1,1700000,1700000,pick-place-v3,0,67,0.74,572.8177612656162,1023.5007722901257,160.4,203.41161646839572,41.08108108108108,50,50
pickplace_push,config_1,1700000,1700000,push-v3,1,67,0.66,1568.585289545747,1680.9428702814857,224.02,215.6662661784335,81.84848484848484,50,50
pickplace_push,config_1,1750000,1750000,pick-place-v3,0,67,0.8,498.21476197511845,996.9184226635118,133.02,185.4047409296312,41.275,50,50
pickplace_push,config_1,1750000,1750000,push-v3,1,67,0.68,1387.462836294345,1678.4563419114545,199.14,212.2203331349717,57.55882352941177,50,50
pickplace_push,config_1,1800000,1800000,pick-place-v3,0,67,0.8,455.337926922831,948.8160027676892,132.8,185.51087761715135,41.0,50,50
pickplace_push,config_1,1800000,1800000,push-v3,1,67,0.7,1332.9667529737944,1634.6235591487311,195.1,209.89834760314483,64.42857142857143,50,50
pickplace_push,config_1,1850000,1850000,pick-place-v3,0,67,0.92,273.7215866868277,728.9598296609445,78.52,125.64742377797016,41.869565217391305,50,50
pickplace_push,config_1,1850000,1850000,push-v3,1,67,0.82,907.297819389592,1415.2618547959096,138.68,177.61417023815343,59.36585365853659,50,50
pickplace_push,config_1,1900000,1900000,pick-place-v3,0,67,0.94,145.66861958272833,426.3558423790331,69.16,110.08871376285212,41.659574468085104,50,50
pickplace_push,config_1,1900000,1900000,push-v3,1,67,0.92,490.81393213234765,998.1795518290076,86.56,125.43494289056454,50.608695652173914,50,50
pickplace_push,config_1,1950000,1950000,pick-place-v3,0,67,0.94,144.4650497670605,423.008332375396,70.16,109.84559850173372,42.723404255319146,50,50
pickplace_push,config_1,1950000,1950000,push-v3,1,67,0.74,1164.9716570183273,1583.5416462719895,173.14,203.35693060353213,58.2972972972973,50,50
pickplace_push,config_1,2000000,2000000,pick-place-v3,0,67,0.98,57.27354990303749,21.178628240576302,50.36,65.10925198370467,41.183673469387756,50,50
pickplace_push,config_1,2000000,2000000,push-v3,1,67,0.94,526.4371247197563,1002.1562514092402,89.2,125.35109875539055,62.97872340425532,50,50
pickplace_push,config_1,2050000,2050000,pick-place-v3,0,67,0.98,55.12584703845365,22.443665429265714,50.16,65.13169077228952,40.97959183673469,50,50
pickplace_push,config_1,2050000,2050000,push-v3,1,67,0.84,699.9815053833315,1283.088531184149,120.48,170.5308925271971,48.19047619047619,50,50
pickplace_push,config_1,2100000,2100000,pick-place-v3,0,67,0.98,54.185256018921216,23.709186937381432,50.02,65.1417575095159,40.83673469387755,50,50
pickplace_push,config_1,2100000,2100000,push-v3,1,67,0.9,478.3645846776558,1010.957794855981,92.44,139.89006762600465,47.15555555555556,50,50
pickplace_push,config_1,2150000,2150000,pick-place-v3,0,67,0.98,53.696056460748,25.213641106383047,50.18,65.1615543343259,41.0,50,50
pickplace_push,config_1,2150000,2150000,push-v3,1,67,0.94,371.43674682673316,881.340542906045,70.36,110.91065718654372,42.93617021276596,50,50
pickplace_push,config_1,2200000,2200000,pick-place-v3,0,67,0.98,54.534078141122315,22.43609592832774,49.88,65.18784161082151,40.69387755102041,50,50
pickplace_push,config_1,2200000,2200000,push-v3,1,67,0.94,383.0305918848412,904.0863802373119,70.8,112.72306683158672,43.40425531914894,50,50
pickplace_push,config_1,2250000,2250000,pick-place-v3,0,67,0.98,53.452659779984884,22.737744433758213,50.0,65.18200578036104,40.816326530612244,50,50
pickplace_push,config_1,2250000,2250000,push-v3,1,67,0.98,213.7012875526816,522.3131197640083,49.86,65.24021859596256,40.673469387755105,50,50
pickplace_push,config_1,2300000,2300000,pick-place-v3,0,67,0.98,53.5348663275995,22.90923938382077,50.72,65.08645427899913,41.55102040816327,50,50
pickplace_push,config_1,2300000,2300000,push-v3,1,67,0.98,231.7706533164105,535.020588278696,61.92,91.88320892106813,52.97959183673469,50,50
pickplace_push,config_1,2350000,2350000,pick-place-v3,0,67,1.0,56.90921884720377,21.75518071213041,42.32,6.322748046312051,42.32,50,50
pickplace_push,config_1,2350000,2350000,push-v3,1,67,0.9,489.9385179908677,1098.7407779169816,94.48,150.17258642736934,49.422222222222224,50,50
pickplace_push,config_1,2400000,2400000,pick-place-v3,0,67,0.98,56.00667223466566,23.9162148972273,51.9,64.98422100473189,42.755102040816325,50,50
pickplace_push,config_1,2400000,2400000,push-v3,1,67,0.98,245.07618583594774,609.3008190326829,54.3,76.69692540999893,45.204081632653065,50,50
pickplace_push,config_1,2450000,2450000,pick-place-v3,0,67,1.0,63.270201546492444,18.57121042463756,44.0,6.480740698407862,44.0,50,50
pickplace_push,config_1,2450000,2450000,push-v3,1,67,0.78,940.117145436872,1516.625963776924,141.92,192.2148924978478,40.92307692307692,50,50
pickplace_push,config_1,2500000,2500000,pick-place-v3,0,67,1.0,62.162256077151625,19.35947170219017,43.48,6.4625767275277815,43.48,50,50
pickplace_push,config_1,2500000,2500000,push-v3,1,67,0.78,938.237410646501,1501.3040004352188,142.62,191.8229296161713,41.82051282051282,50,50
pickplace_push,config_1,2550000,2550000,pick-place-v3,0,67,1.0,58.03428893884126,21.21179715144922,42.64,6.702908293557114,42.64,50,50
pickplace_push,config_1,2550000,2550000,push-v3,1,67,0.98,260.4710431302395,620.9352198504065,56.0,77.70561926467172,46.93877551020408,50,50
pickplace_push,config_1,2600000,2600000,pick-place-v3,0,67,1.0,58.298574641200474,20.78760365944414,43.06,6.8969380961438835,43.06,50,50
pickplace_push,config_1,2600000,2600000,push-v3,1,67,0.96,303.4302449925273,739.1774211933965,61.68,92.44776572613912,43.416666666666664,50,50
pickplace_push,config_1,2650000,2650000,pick-place-v3,0,67,1.0,58.2685602444115,20.91712134879516,42.98,6.819809082252035,42.98,50,50
pickplace_push,config_1,2650000,2650000,push-v3,1,67,1.0,148.76407047603297,151.28854393021743,43.64,24.240091600823757,43.64,50,50
pickplace_push,config_1,2700000,2700000,pick-place-v3,0,67,1.0,64.98122764199923,16.84580584345718,44.14,6.369602557043403,44.14,50,50
pickplace_push,config_1,2700000,2700000,push-v3,1,67,1.0,136.93567017290124,35.52106885274713,40.94,4.970976990984566,40.94,50,50
pickplace_push,config_1,2750000,2750000,pick-place-v3,0,67,1.0,64.6832171580847,17.573193780360125,44.2,6.746125116067197,44.2,50,50
pickplace_push,config_1,2750000,2750000,push-v3,1,67,1.0,137.5344642562947,28.746115945361247,40.62,4.407275987801657,40.62,50,50
pickplace_push,config_1,2800000,2800000,pick-place-v3,0,67,1.0,62.236423009629945,18.132463347127352,43.94,6.911717350607871,43.94,50,50
pickplace_push,config_1,2800000,2800000,push-v3,1,67,0.96,277.14556670372764,690.4417240508965,58.8,91.0765544775943,40.416666666666664,50,50
pickplace_push,config_1,2850000,2850000,pick-place-v3,0,67,1.0,66.55657205714982,19.202275043698293,44.02,6.297035259645964,44.02,50,50
pickplace_push,config_1,2850000,2850000,push-v3,1,67,1.0,136.4952085896114,25.919245741201703,40.44,4.357306788485245,40.44,50,50
pickplace_push,config_1,2900000,2900000,pick-place-v3,0,67,1.0,62.32785610573641,19.586493295835268,42.86,6.423839528328387,42.86,50,50
pickplace_push,config_1,2900000,2900000,push-v3,1,67,0.98,203.0010658703839,448.4326553596414,50.42,65.41612171010932,41.244897959183675,50,50
pickplace_push,config_1,2950000,2950000,pick-place-v3,0,67,1.0,62.60499580368115,18.993568470944684,43.98,6.619359362305914,43.98,50,50
pickplace_push,config_1,2950000,2950000,push-v3,1,67,1.0,135.92069538207372,25.62213494314741,40.76,4.474690731531861,40.76,50,50
pickplace_push,config_1,3000000,3000000,pick-place-v3,0,67,0.98,60.00558096520935,21.170520145040097,53.74,64.7919149655106,44.63265306122449,50,50
pickplace_push,config_1,3000000,3000000,push-v3,1,67,0.96,264.77322771881916,651.0674236407277,59.22,91.00533512057503,40.854166666666664,50,50
pickplace_push,config_1,3050000,3050000,pick-place-v3,0,67,1.0,65.5690734686791,20.417644012213664,44.62,7.119648007809237,44.62,50,50
pickplace_push,config_1,3050000,3050000,push-v3,1,67,0.94,355.56334069660875,866.901369751177,68.58,110.18964913053404,41.04255319148936,50,50
pickplace_push,config_1,3100000,3100000,pick-place-v3,0,67,1.0,64.01146897142694,18.756820017482863,44.58,6.875243965986716,44.58,50,50
pickplace_push,config_1,3100000,3100000,push-v3,1,67,0.98,211.62296697677107,518.429523421295,50.24,65.04741128043231,41.06122448979592,50,50
pickplace_push,config_1,3150000,3150000,pick-place-v3,0,67,0.98,63.10702985384787,22.018156495008146,53.68,64.79337330691925,44.57142857142857,50,50
pickplace_push,config_1,3150000,3150000,push-v3,1,67,0.96,271.6373835486549,692.4658830830523,59.22,90.99322468610238,40.854166666666664,50,50
pickplace_push,config_1,3200000,3200000,pick-place-v3,0,67,0.98,64.19468033181015,20.542406099426657,53.38,64.79886935269593,44.265306122448976,50,50
pickplace_push,config_1,3200000,3200000,push-v3,1,67,0.98,204.30336304068507,482.50999419609326,50.76,65.00378638893244,41.59183673469388,50,50
pickplace_push,config_1,3250000,3250000,pick-place-v3,0,67,1.0,68.05698718221888,33.467983229674026,53.08,57.65514650373674,53.08,50,50
pickplace_push,config_1,3250000,3250000,push-v3,1,67,0.96,275.78446345302814,677.1513871952063,60.46,90.79157787066426,42.145833333333336,50,50
pickplace_push,config_1,3300000,3300000,pick-place-v3,0,67,0.96,62.113529406074,23.462099749667164,63.44,90.30518777332512,45.25,50,50
pickplace_push,config_1,3300000,3300000,push-v3,1,67,0.98,145.13336441631472,81.66433985474754,51.1,64.98453505195191,41.93877551020408,50,50
pickplace_push,config_1,3350000,3350000,pick-place-v3,0,67,0.96,60.530013285705955,23.714616201330553,64.84,91.87266254141642,46.708333333333336,50,50
pickplace_push,config_1,3350000,3350000,push-v3,1,67,0.96,323.2402782502723,746.2951728810107,66.1,100.41388838000368,48.020833333333336,50,50
pickplace_push,config_1,3400000,3400000,pick-place-v3,0,67,1.0,64.29996683835888,22.16909032586477,46.0,17.388713205374785,46.0,50,50
pickplace_push,config_1,3400000,3400000,push-v3,1,67,1.0,131.56106808834718,28.368178867850972,39.92,4.351119959040337,39.92,50,50
pickplace_push,config_1,3450000,3450000,pick-place-v3,0,67,0.98,64.51981238182994,19.348420433636395,53.14,64.81370792273714,44.02040816326531,50,50
pickplace_push,config_1,3450000,3450000,push-v3,1,67,0.98,146.5530264169673,98.74554017903051,49.26,65.1907123721764,40.06122448979592,50,50
pickplace_push,config_1,3500000,3500000,pick-place-v3,0,67,1.0,65.67489929078636,18.505668380566338,46.84,23.36433703099575,46.84,50,50
pickplace_push,config_1,3500000,3500000,push-v3,1,67,0.98,199.7381479186361,424.3649420162091,49.74,65.14499056656902,40.55102040816327,50,50
pickplace_push,config_1,3550000,3550000,pick-place-v3,0,67,1.0,66.72553135706713,18.37586991706613,43.54,6.058254614952382,43.54,50,50
pickplace_push,config_1,3550000,3550000,push-v3,1,67,1.0,138.4770740290571,43.828047868813485,40.7,6.596999936582182,40.7,50,50
pickplace_push,config_1,3600000,3600000,pick-place-v3,0,67,1.0,66.66506314110148,17.917720543838925,42.72,5.879886157442999,42.72,50,50
pickplace_push,config_1,3600000,3600000,push-v3,1,67,1.0,135.54233760114198,32.7893233823014,39.72,4.6556526976156976,39.72,50,50
pickplace_push,config_1,3650000,3650000,pick-place-v3,0,67,1.0,66.01215467656698,19.06438123347703,42.8,6.305164711632546,42.8,50,50
pickplace_push,config_1,3650000,3650000,push-v3,1,67,1.0,168.5287885840093,243.82186051125996,43.8,30.22703209691211,43.8,50,50
pickplace_push,config_1,3700000,3700000,pick-place-v3,0,67,0.98,59.78683832153574,20.892220801986888,51.5,65.03539067935493,42.3469387755102,50,50
pickplace_push,config_1,3700000,3700000,push-v3,1,67,0.98,200.8423091528353,513.8342853368518,48.6,65.35398118816371,39.38775510204081,50,50
pickplace_push,config_1,3750000,3750000,pick-place-v3,0,67,0.98,59.116102939649245,22.10089850817539,51.52,65.05891835208189,42.36734693877551,50,50
pickplace_push,config_1,3750000,3750000,push-v3,1,67,1.0,170.50455871003385,174.455810940556,44.26,21.628411020352512,44.26,50,50
pickplace_push,config_1,3800000,3800000,pick-place-v3,0,67,1.0,61.01131380431254,23.482990839961303,44.12,7.081565605752124,44.12,50,50
pickplace_push,config_1,3800000,3800000,push-v3,1,67,1.0,158.33409818012868,215.31202233522643,42.82,26.48965142566171,42.82,50,50
pickplace_push,config_1,3850000,3850000,pick-place-v3,0,67,1.0,60.47981186538021,22.82639253382388,44.02,7.619764847193817,44.02,50,50
pickplace_push,config_1,3850000,3850000,push-v3,1,67,1.0,124.51725925755349,27.42860257912152,38.62,4.313670722486918,38.62,50,50
pickplace_push,config_1,3900000,3900000,pick-place-v3,0,67,1.0,63.11881532478773,21.471700872860765,46.38,8.815315985168503,46.38,50,50
pickplace_push,config_1,3900000,3900000,push-v3,1,67,1.0,132.7903470096953,59.97139545098138,39.48,8.25916930151092,39.48,50,50
pickplace_push,config_1,3950000,3950000,pick-place-v3,0,67,1.0,59.867534971388324,23.734319199066956,46.5,8.96535281070456,46.5,50,50
pickplace_push,config_1,3950000,3950000,push-v3,1,67,1.0,127.20908901694142,39.0909510484429,39.06,5.538031772964774,39.06,50,50
pickplace_push,config_1,4000000,4000000,pick-place-v3,0,67,1.0,60.14519226769862,22.935957863822026,45.2,8.124038404635959,45.2,50,50
pickplace_push,config_1,4000000,4000000,push-v3,1,67,1.0,137.1737799047237,71.54474495717885,40.02,10.35194943683832,40.02,50,50
pickplace_push,config_1,4050000,4050000,pick-place-v3,0,67,1.0,59.04346620706252,22.838598821563078,44.16,7.8020405494135865,44.16,50,50
pickplace_push,config_1,4050000,4050000,push-v3,1,67,1.0,121.35288658817359,43.535990164578365,37.78,5.346331948740412,37.78,50,50
pickplace_push,config_1,4100000,4100000,pick-place-v3,0,67,1.0,58.52984599024911,22.800651324223445,43.62,7.367579282898549,43.62,50,50
pickplace_push,config_1,4100000,4100000,push-v3,1,67,1.0,117.71271084211106,35.586703096289305,37.0,4.285714285714286,37.0,50,50
pickplace_push,config_1,4150000,4150000,pick-place-v3,0,67,0.98,58.3591427493235,23.141186802084572,53.58,64.88737180999213,44.46938775510204,50,50
pickplace_push,config_1,4150000,4150000,push-v3,1,67,1.0,122.23952597648078,26.937981108535254,37.4,4.271404682207444,37.4,50,50
pickplace_push,config_1,4200000,4200000,pick-place-v3,0,67,1.0,57.980254508097936,24.37728898021365,45.46,7.884911967466337,45.46,50,50
pickplace_push,config_1,4200000,4200000,push-v3,1,67,1.0,125.62388039164416,26.80643788707938,37.58,4.228619690844274,37.58,50,50
pickplace_push,config_1,4250000,4250000,pick-place-v3,0,67,1.0,59.534458835882795,22.539611911072218,45.12,7.779197797160512,45.12,50,50
pickplace_push,config_1,4250000,4250000,push-v3,1,67,1.0,127.23892111675707,29.696554703011532,37.52,4.477791000582537,37.52,50,50
pickplace_push,config_1,4300000,4300000,pick-place-v3,0,67,1.0,58.99210012331801,22.118483877902353,44.12,6.944796907155216,44.12,50,50
pickplace_push,config_1,4300000,4300000,push-v3,1,67,1.0,126.04459120139899,29.288485266088003,37.5,4.482391854210637,37.5,50,50
pickplace_push,config_1,4350000,4350000,pick-place-v3,0,67,1.0,59.65252655544557,22.101461186654745,44.18,7.147684083330912,44.18,50,50
pickplace_push,config_1,4350000,4350000,push-v3,1,67,1.0,134.980795969727,55.53382610163442,38.3,7.285013971944639,38.3,50,50
pickplace_push,config_1,4400000,4400000,pick-place-v3,0,67,0.98,58.844209222191985,23.0258722742164,53.08,64.85079893454652,43.95918367346939,50,50
pickplace_push,config_1,4400000,4400000,push-v3,1,67,1.0,133.66004169971396,38.26361391565273,38.34,5.464579824017691,38.34,50,50
pickplace_push,config_1,4450000,4450000,pick-place-v3,0,67,0.98,58.40896161159353,21.578852041938724,52.84,64.86417834716678,43.714285714285715,50,50
pickplace_push,config_1,4450000,4450000,push-v3,1,67,0.92,472.7584340399082,972.5376564227836,88.06,134.5417634879556,52.23913043478261,50,50
pickplace_push,config_1,4500000,4500000,pick-place-v3,0,67,0.98,59.436449050482864,21.711313563541122,52.4,64.86375045007017,43.265306122448976,50,50
pickplace_push,config_1,4500000,4500000,push-v3,1,67,0.94,355.2581504587377,893.3518442685878,66.36,110.79540991008092,38.680851063829785,50,50
pickplace_push,config_1,4550000,4550000,pick-place-v3,0,67,1.0,58.51022602041634,20.96024168201385,42.88,6.13334812183961,42.88,50,50
pickplace_push,config_1,4550000,4550000,push-v3,1,67,1.0,183.50762260062066,356.35128231880384,44.28,44.35618356450613,44.28,50,50
pickplace_push,config_1,4600000,4600000,pick-place-v3,0,67,1.0,56.39910332498983,21.214978486129613,42.48,6.058355673727629,42.48,50,50
pickplace_push,config_1,4600000,4600000,push-v3,1,67,1.0,230.20820180071792,423.59919037129083,50.58,53.88767228680227,50.58,50,50
pickplace_push,config_1,4650000,4650000,pick-place-v3,0,67,1.0,56.76717236328884,21.817932279799116,42.18,6.278209805935682,42.18,50,50
pickplace_push,config_1,4650000,4650000,push-v3,1,67,1.0,131.5413784001467,35.26185954561248,38.34,5.691418531259074,38.34,50,50
pickplace_push,config_1,4700000,4700000,pick-place-v3,0,67,1.0,59.20061865984364,20.095720149960105,42.0,6.253162465211226,42.0,50,50
pickplace_push,config_1,4700000,4700000,push-v3,1,67,1.0,183.393759732167,363.73675852265205,44.6,48.33345062148566,44.6,50,50
pickplace_push,config_1,4750000,4750000,pick-place-v3,0,67,1.0,59.295305878189986,20.216998917083885,42.6,6.458659745975609,42.6,50,50
pickplace_push,config_1,4750000,4750000,push-v3,1,67,1.0,141.56716828076955,50.097762215655095,39.4,9.055385138137419,39.4,50,50
pickplace_push,config_1,4800000,4800000,pick-place-v3,0,67,1.0,59.05496614488704,20.243288782540745,42.64,6.4103233068199605,42.64,50,50
pickplace_push,config_1,4800000,4800000,push-v3,1,67,1.0,146.79814195923328,85.40169230802697,39.86,13.054063406792977,39.86,50,50
pickplace_push,config_1,4850000,4850000,pick-place-v3,0,67,1.0,58.99116137458941,19.399576508348087,42.66,6.409845742994101,42.66,50,50
pickplace_push,config_1,4850000,4850000,push-v3,1,67,1.0,145.81732441392833,57.098965921345126,39.68,11.402541786096355,39.68,50,50
pickplace_push,config_1,4900000,4900000,pick-place-v3,0,67,1.0,59.971726511613696,19.47911136243344,42.8,6.543418566056449,42.8,50,50
pickplace_push,config_1,4900000,4900000,push-v3,1,67,1.0,146.97704936114576,47.833201772595814,38.94,6.594400840787553,38.94,50,50
pickplace_push,config_1,4950000,4950000,pick-place-v3,0,67,1.0,59.777678528311306,19.824089296081965,43.14,6.975203895783628,43.14,50,50
pickplace_push,config_1,4950000,4950000,push-v3,1,67,1.0,138.98911327119774,25.488320941546835,38.32,4.112896590889071,38.32,50,50
pickplace_push,config_1,5000000,5000000,pick-place-v3,0,67,1.0,60.51638986050571,19.057123602404687,44.22,7.057460952923567,44.22,50,50
pickplace_push,config_1,5000000,5000000,push-v3,1,67,1.0,136.91729772603495,26.67866791614756,38.26,3.988810881064426,38.26,50,50
pickplace_push,config_1,5050000,5050000,pick-place-v3,0,67,1.0,60.647590605312296,17.91035608380121,43.48,6.181737421714093,43.48,50,50
pickplace_push,config_1,5050000,5050000,push-v3,1,67,1.0,149.1485783762291,94.09426605563426,39.8,12.35528474882266,39.8,50,50
pickplace_push,config_1,5100000,5100000,pick-place-v3,0,67,1.0,61.08157689470956,17.491577962498777,43.48,5.852750966643893,43.48,50,50
pickplace_push,config_1,5100000,5100000,push-v3,1,67,1.0,135.79461044537854,29.317563323010766,38.22,3.9861494898086844,38.22,50,50
pickplace_push,config_1,5150000,5150000,pick-place-v3,0,67,1.0,61.17566202569096,18.36587151045267,43.42,5.848739616536267,43.42,50,50
pickplace_push,config_1,5150000,5150000,push-v3,1,67,1.0,130.9486700762743,27.557271748204673,37.9,3.9395949237536203,37.9,50,50
pickplace_push,config_1,5200000,5200000,pick-place-v3,0,67,1.0,60.44426676615518,18.643145506530598,43.06,5.828886546103548,43.06,50,50
pickplace_push,config_1,5200000,5200000,push-v3,1,67,1.0,134.40732533942796,25.26664793863373,38.16,3.8564020452610825,38.16,50,50
pickplace_push,config_1,5250000,5250000,pick-place-v3,0,67,1.0,61.51722659099931,18.09209306068973,43.64,5.8475880253559005,43.64,50,50
pickplace_push,config_1,5250000,5250000,push-v3,1,67,1.0,135.5514170641971,29.648689037486953,38.54,3.8767227901717116,38.54,50,50
pickplace_push,config_1,5300000,5300000,pick-place-v3,0,67,1.0,61.171381170182464,19.004114914954734,43.22,5.793345936749949,43.22,50,50
pickplace_push,config_1,5300000,5300000,push-v3,1,67,1.0,135.09820760112365,26.180221660512736,38.32,4.03272329113431,38.32,50,50
pickplace_push,config_1,5350000,5350000,pick-place-v3,0,67,1.0,59.1887871243763,18.249250418715455,42.34,5.593764750294087,42.34,50,50
pickplace_push,config_1,5350000,5350000,push-v3,1,67,1.0,134.50896232989896,25.75641822373021,37.8,4.005098791107482,37.8,50,50
pickplace_push,config_1,5400000,5400000,pick-place-v3,0,67,1.0,59.63700588092462,18.14168175841691,41.78,5.346331948740413,41.78,50,50
pickplace_push,config_1,5400000,5400000,push-v3,1,67,1.0,138.41785232094983,37.54932514529453,38.3,5.507879328187716,38.3,50,50
pickplace_push,config_1,5450000,5450000,pick-place-v3,0,67,1.0,58.51126393090412,18.847022370845284,42.14,5.653281510479971,42.14,50,50
pickplace_push,config_1,5450000,5450000,push-v3,1,67,1.0,134.52009035357412,37.61699113932398,37.7,4.441226159059945,37.7,50,50
pickplace_push,config_1,5500000,5500000,pick-place-v3,0,67,1.0,58.983639150315014,19.227081523312563,42.76,5.846889980919736,42.76,50,50
pickplace_push,config_1,5500000,5500000,push-v3,1,67,1.0,137.7184904654515,32.78356948421357,37.7,4.175975994926705,37.7,50,50
pickplace_push,config_1,5550000,5550000,pick-place-v3,0,67,1.0,59.034945044818194,19.225706538974343,42.48,5.606992718645064,42.48,50,50
pickplace_push,config_1,5550000,5550000,push-v3,1,67,1.0,135.5333364454885,32.14822842829127,37.54,4.1463532046798885,37.54,50,50
pickplace_push,config_1,5600000,5600000,pick-place-v3,0,67,1.0,58.82128438992053,19.467966772796757,42.18,5.476070392058114,42.18,50,50
pickplace_push,config_1,5600000,5600000,push-v3,1,67,1.0,137.36578200425993,30.110206175281036,37.54,4.15618545676446,37.54,50,50
pickplace_push,config_1,5650000,5650000,pick-place-v3,0,67,1.0,58.56625860012507,19.507464816806273,42.14,5.678495057887168,42.14,50,50
pickplace_push,config_1,5650000,5650000,push-v3,1,67,1.0,135.45688988565516,28.074034575641058,37.58,4.06623729193043,37.58,50,50
pickplace_push,config_1,5700000,5700000,pick-place-v3,0,67,1.0,57.85969978139543,19.96666074996555,42.46,5.8316868424643165,42.46,50,50
pickplace_push,config_1,5700000,5700000,push-v3,1,67,0.96,131.72678384121406,31.96313063480171,56.1,91.6188310560751,37.604166666666664,50,50
pickplace_push,config_1,5750000,5750000,pick-place-v3,0,67,1.0,58.67070757524297,19.50840063315329,42.84,5.932821196272375,42.84,50,50
pickplace_push,config_1,5750000,5750000,push-v3,1,67,0.98,143.72482396825717,34.81488380807994,47.34,65.46368677147878,38.10204081632653,50,50
pickplace_push,config_1,5800000,5800000,pick-place-v3,0,67,1.0,56.937688632974975,19.89104824731174,42.02,5.769341914157019,42.02,50,50
pickplace_push,config_1,5800000,5800000,push-v3,1,67,0.96,137.5837236330926,30.59225784428184,56.18,91.60378077929548,37.6875,50,50
pickplace_push,config_1,5850000,5850000,pick-place-v3,0,67,1.0,56.64618646191359,19.752149060213355,42.0,5.917804336345139,42.0,50,50
pickplace_push,config_1,5850000,5850000,push-v3,1,67,0.94,152.84872253299108,114.1108218133996,65.1,111.06704171401182,37.340425531914896,50,50
pickplace_push,config_1,5900000,5900000,pick-place-v3,0,67,1.0,56.397980952696834,20.436868311968468,42.4,6.134545872452538,42.4,50,50
pickplace_push,config_1,5900000,5900000,push-v3,1,67,0.94,142.16539280070737,51.084804545087906,66.76,111.47719818099895,39.1063829787234,50,50
pickplace_push,config_1,5950000,5950000,pick-place-v3,0,67,1.0,55.79574143520495,20.211804272361487,42.4,6.288960200872898,42.4,50,50
pickplace_push,config_1,5950000,5950000,push-v3,1,67,1.0,148.437683271094,99.63787574393209,43.16,26.04498463216663,43.16,50,50
pickplace_push,config_1,6000000,6000000,pick-place-v3,0,67,1.0,55.68922496872793,21.387730734561345,42.34,6.488954508412346,42.34,50,50
pickplace_push,config_1,6000000,6000000,push-v3,1,67,0.98,137.0841900458842,44.203444781328024,49.46,66.38637984233985,40.265306122448976,50,50
pickplace_push,config_1,6050000,6050000,pick-place-v3,0,67,0.98,55.47650388471609,22.10731371788265,51.62,65.01864410792224,42.46938775510204,50,50
pickplace_push,config_1,6050000,6050000,push-v3,1,67,0.94,147.4455927376401,73.05906505410955,70.6,116.6239377535455,43.191489361702125,50,50
pickplace_push,config_1,6100000,6100000,pick-place-v3,0,67,1.0,55.91157454998272,21.939195219314993,42.64,6.278437346203597,42.64,50,50
pickplace_push,config_1,6100000,6100000,push-v3,1,67,0.94,175.6729196387313,206.21500948180665,73.84,124.90279649162613,46.638297872340424,50,50
pickplace_push,config_1,6150000,6150000,pick-place-v3,0,67,1.0,55.86786311656425,20.748426793389438,42.54,6.168418578136704,42.54,50,50
pickplace_push,config_1,6150000,6150000,push-v3,1,67,1.0,147.42677052128224,60.59252868806883,48.24,64.35728079896427,48.24,50,50
pickplace_push,config_1,6200000,6200000,pick-place-v3,0,67,1.0,55.59415921365842,20.057789042596593,42.34,6.284447924383313,42.34,50,50
pickplace_push,config_1,6200000,6200000,push-v3,1,67,0.98,152.77852602152916,100.90608706675334,48.54,66.68115114758703,39.326530612244895,50,50
pickplace_push,config_1,6250000,6250000,pick-place-v3,0,67,1.0,55.574643400857894,20.310298044263373,42.06,6.261022932657674,42.06,50,50
pickplace_push,config_1,6250000,6250000,push-v3,1,67,0.98,153.2513854937329,112.1123458304143,47.94,66.28676415424738,38.714285714285715,50,50
pickplace_push,config_1,6300000,6300000,pick-place-v3,0,67,1.0,55.56203943924487,20.653767278065274,41.98,6.371140288161026,41.98,50,50
pickplace_push,config_1,6300000,6300000,push-v3,1,67,0.96,139.65338152670384,37.0508250778496,55.28,91.77902477012437,36.75,50,50
pickplace_push,config_1,6350000,6350000,pick-place-v3,0,67,1.0,55.935245625525596,20.354232775919062,42.64,6.629433441486689,42.64,50,50
pickplace_push,config_1,6350000,6350000,push-v3,1,67,0.96,197.23708612205294,449.17031596242157,56.0,91.97848018056469,37.5,50,50
pickplace_push,config_1,6400000,6400000,pick-place-v3,0,67,1.0,56.54518026595241,21.4866943349445,42.2,6.243363823832046,42.2,50,50
pickplace_push,config_1,6400000,6400000,push-v3,1,67,0.98,145.05006549325537,81.95532847264083,46.4,65.8594669562023,37.142857142857146,50,50
pickplace_push,config_1,6450000,6450000,pick-place-v3,0,67,1.0,54.38831984428465,23.302655435958968,42.02,6.192457558372515,42.02,50,50
pickplace_push,config_1,6450000,6450000,push-v3,1,67,0.96,165.51363236783683,211.4256821136969,56.64,91.9731016578838,38.166666666666664,50,50
pickplace_push,config_1,6500000,6500000,pick-place-v3,0,67,1.0,54.4731055519966,22.65846657223774,42.38,8.378519668577182,42.38,50,50
pickplace_push,config_1,6500000,6500000,push-v3,1,67,0.92,142.7289510303106,55.843257345349905,74.66,126.96916064581212,37.67391304347826,50,50
pickplace_push,config_1,6550000,6550000,pick-place-v3,0,67,0.98,54.058595940772214,23.874512230680363,54.48,68.1053325851259,45.38775510204081,50,50
pickplace_push,config_1,6550000,6550000,push-v3,1,67,0.94,204.04312419286572,434.3803735323152,78.1,123.77584248823946,51.170212765957444,50,50
pickplace_push,config_1,6600000,6600000,pick-place-v3,0,67,0.98,54.39181431909355,23.561168651006724,51.4,65.31431071115632,42.244897959183675,50,50
pickplace_push,config_1,6600000,6600000,push-v3,1,67,0.98,137.1147815123014,46.6158275537102,46.28,65.83592468851514,37.02040816326531,50,50
pickplace_push,config_1,6650000,6650000,pick-place-v3,0,67,1.0,55.539483544643446,22.18584049793621,41.56,5.997142176546616,41.56,50,50
pickplace_push,config_1,6650000,6650000,push-v3,1,67,0.98,140.05013084594026,41.854242870546166,46.6,65.92915183152662,37.3469387755102,50,50
pickplace_push,config_1,6700000,6700000,pick-place-v3,0,67,1.0,56.29973552799872,20.998617586880744,42.12,5.895830418739214,42.12,50,50
pickplace_push,config_1,6700000,6700000,push-v3,1,67,1.0,139.03448574482874,30.046716895088355,36.68,3.867393785726707,36.68,50,50
pickplace_push,config_1,6750000,6750000,pick-place-v3,0,67,1.0,55.40875277547642,21.13914197795689,42.02,5.8151456015603715,42.02,50,50
pickplace_push,config_1,6750000,6750000,push-v3,1,67,1.0,135.1261264746821,29.934262023582917,36.58,3.9851254045256748,36.58,50,50
pickplace_push,config_1,6800000,6800000,pick-place-v3,0,67,1.0,56.86107234019684,20.214095411333496,41.96,5.499387721021536,41.96,50,50
pickplace_push,config_1,6800000,6800000,push-v3,1,67,1.0,136.6850542740926,31.21080408911401,36.78,3.924231368909674,36.78,50,50
pickplace_push,config_1,6850000,6850000,pick-place-v3,0,67,0.98,55.079214049911734,20.946065042316494,51.22,65.00809682694322,42.06122448979592,50,50
pickplace_push,config_1,6850000,6850000,push-v3,1,67,1.0,141.16777472133893,33.154863112561266,37.14,4.130572920680767,37.14,50,50
pickplace_push,config_1,6900000,6900000,pick-place-v3,0,67,1.0,58.06242746420874,21.351988491468617,45.36,24.816682999588018,45.36,50,50
pickplace_push,config_1,6900000,6900000,push-v3,1,67,1.0,142.31188162958958,31.26876124204047,37.54,4.046716986317049,37.54,50,50
pickplace_push,config_1,6950000,6950000,pick-place-v3,0,67,0.98,55.508674162060714,22.410123447594774,51.92,64.91873727191243,42.775510204081634,50,50
pickplace_push,config_1,6950000,6950000,push-v3,1,67,1.0,141.33080262694835,31.837760910757357,37.54,4.161092870575112,37.54,50,50
pickplace_push,config_1,7000000,7000000,pick-place-v3,0,67,1.0,57.58806061592188,20.691729217605697,43.26,5.844271571725737,43.26,50,50
pickplace_push,config_1,7000000,7000000,push-v3,1,67,1.0,142.0870849920541,31.343092943781592,37.7,4.2486492451323,37.7,50,50
pickplace_push,config_1,7050000,7050000,pick-place-v3,0,67,1.0,56.42266300090717,20.41387749509595,42.92,5.872245337698558,42.92,50,50
pickplace_push,config_1,7050000,7050000,push-v3,1,67,1.0,143.59557159806022,31.151835354412206,37.66,4.2790901188100685,37.66,50,50
pickplace_push,config_1,7100000,7100000,pick-place-v3,0,67,1.0,57.78338409433769,18.57185827981125,43.58,5.767926801879229,43.58,50,50
pickplace_push,config_1,7100000,7100000,push-v3,1,67,1.0,147.7046525117785,31.481695256620103,38.26,4.341588160466403,38.26,50,50
pickplace_push,config_1,7150000,7150000,pick-place-v3,0,67,1.0,58.69555937829022,18.1216967252664,42.7,5.319390789117391,42.7,50,50
pickplace_push,config_1,7150000,7150000,push-v3,1,67,1.0,151.25417581302136,30.860188548121506,38.48,4.338907978855922,38.48,50,50
pickplace_push,config_1,7200000,7200000,pick-place-v3,0,67,1.0,59.63223815704106,18.04094535972351,43.08,5.5026524216480714,43.08,50,50
pickplace_push,config_1,7200000,7200000,push-v3,1,67,1.0,151.34317745462187,30.03872928637789,38.74,4.183592831477731,38.74,50,50
pickplace_push,config_1,7250000,7250000,pick-place-v3,0,67,1.0,57.9123017592406,18.430209208394917,42.84,5.611067780080104,42.84,50,50
pickplace_push,config_1,7250000,7250000,push-v3,1,67,1.0,152.251162650998,29.411144214508912,38.58,4.091254984346341,38.58,50,50
pickplace_push,config_1,7300000,7300000,pick-place-v3,0,67,1.0,57.86505866488239,18.435385170589075,42.54,5.901262403857642,42.54,50,50
pickplace_push,config_1,7300000,7300000,push-v3,1,67,1.0,151.56316047009548,29.06014876170436,37.94,4.102811380564528,37.94,50,50
pickplace_push,config_1,7350000,7350000,pick-place-v3,0,67,1.0,57.418627111925545,18.114503392413994,41.78,5.493186874740048,41.78,50,50
pickplace_push,config_1,7350000,7350000,push-v3,1,67,1.0,152.364357080453,29.440360109509164,37.98,4.113144683046472,37.98,50,50
pickplace_push,config_1,7400000,7400000,pick-place-v3,0,67,1.0,57.349567313289555,18.12065587417747,41.86,5.543924786720716,41.86,50,50
pickplace_push,config_1,7400000,7400000,push-v3,1,67,1.0,150.1084230040532,30.427320886639166,37.86,4.045708232440991,37.86,50,50
pickplace_push,config_1,7450000,7450000,pick-place-v3,0,67,1.0,56.3305518015462,17.439674213891028,41.32,5.369756578680797,41.32,50,50
pickplace_push,config_1,7450000,7450000,push-v3,1,67,1.0,145.73112127542737,29.48091781426102,37.16,3.824518110234308,37.16,50,50
pickplace_push,config_1,7500000,7500000,pick-place-v3,0,67,1.0,57.060159435871974,17.34909425674648,41.28,5.225682261871727,41.28,50,50
pickplace_push,config_1,7500000,7500000,push-v3,1,67,1.0,149.46245243535392,28.382296693104298,37.42,3.8123858296722424,37.42,50,50
pickplace_push,config_1,7550000,7550000,pick-place-v3,0,67,1.0,56.88946635494356,18.021531528056332,40.92,5.397807567023138,40.92,50,50
pickplace_push,config_1,7550000,7550000,push-v3,1,67,1.0,146.20915788360242,29.525088540419297,37.06,3.955930706559714,37.06,50,50
pickplace_push,config_1,7600000,7600000,pick-place-v3,0,67,1.0,56.941341267663645,19.106995438626477,40.94,5.467566708718395,40.94,50,50
pickplace_push,config_1,7600000,7600000,push-v3,1,67,1.0,146.35056432593697,29.847786628500245,37.14,3.9693211263491435,37.14,50,50
pickplace_push,config_1,7650000,7650000,pick-place-v3,0,67,1.0,57.6730666669269,18.975022639579976,41.02,5.3279777532170245,41.02,50,50
pickplace_push,config_1,7650000,7650000,push-v3,1,67,1.0,152.4630101728868,32.08323269925563,37.6,4.120630029101702,37.6,50,50
pickplace_push,config_1,7700000,7700000,pick-place-v3,0,67,1.0,59.14717209664813,17.857711900468086,41.28,5.256832288963166,41.28,50,50
pickplace_push,config_1,7700000,7700000,push-v3,1,67,1.0,159.1180814671392,32.728307420072724,38.22,4.244035430423961,38.22,50,50
pickplace_push,config_1,7750000,7750000,pick-place-v3,0,67,1.0,58.51365313408252,18.580469172464706,40.9,5.36523198806112,40.9,50,50
pickplace_push,config_1,7750000,7750000,push-v3,1,67,1.0,157.70955278069442,33.42072909937571,38.1,4.296415211949306,38.1,50,50
pickplace_push,config_1,7800000,7800000,pick-place-v3,0,67,1.0,58.97107722433617,19.72724529858124,41.02,5.5420102445791635,41.02,50,50
pickplace_push,config_1,7800000,7800000,push-v3,1,67,1.0,155.0034491345301,30.805887492186624,37.98,4.216052898246928,37.98,50,50
pickplace_push,config_1,7850000,7850000,pick-place-v3,0,67,1.0,58.44774209610746,19.482591285774998,40.78,5.459647891763791,40.78,50,50
pickplace_push,config_1,7850000,7850000,push-v3,1,67,1.0,152.88874926666642,35.980772104387945,38.9,9.252137094548834,38.9,50,50
pickplace_push,config_1,7900000,7900000,pick-place-v3,0,67,1.0,57.48743168732682,19.815076378928676,40.52,5.585111403343277,40.52,50,50
pickplace_push,config_1,7900000,7900000,push-v3,1,67,1.0,150.98317134486078,31.8641237338347,38.86,11.890675475569337,38.86,50,50
pickplace_push,config_1,7950000,7950000,pick-place-v3,0,67,1.0,57.07875303235768,21.425465597218356,40.56,5.729123592911672,40.56,50,50
pickplace_push,config_1,7950000,7950000,push-v3,1,67,1.0,145.4456006613631,37.961226118535485,38.22,9.427034506770235,38.22,50,50
pickplace_push,config_1,8000000,8000000,pick-place-v3,0,67,1.0,57.71714346543841,19.809918631857315,41.04,5.699838880644445,41.04,50,50
pickplace_push,config_1,8000000,8000000,push-v3,1,67,1.0,151.03239182499297,34.07694709800808,38.38,8.258304416569704,38.38,50,50
pickplace_push,config_1,8050000,8050000,pick-place-v3,0,67,1.0,56.6666643225123,20.424178011016355,40.98,5.755175133419184,40.98,50,50
pickplace_push,config_1,8050000,8050000,push-v3,1,67,1.0,148.77482735539755,33.34256507418113,38.16,7.725811495584532,38.16,50,50
pickplace_push,config_1,8100000,8100000,pick-place-v3,0,67,1.0,56.78068616195852,20.22867750713114,40.7,5.621569248557429,40.7,50,50
pickplace_push,config_1,8100000,8100000,push-v3,1,67,1.0,146.39445143470243,31.878600874177774,37.98,7.744622887750531,37.98,50,50
pickplace_push,config_1,8150000,8150000,pick-place-v3,0,67,1.0,56.733665165825045,21.60047089474064,40.98,5.891848398509622,40.98,50,50
pickplace_push,config_1,8150000,8150000,push-v3,1,67,1.0,143.27711957308082,29.74232665531973,38.08,8.59482521103037,38.08,50,50
pickplace_push,config_1,8200000,8200000,pick-place-v3,0,67,1.0,57.35640881693474,20.7421586611389,41.32,5.960550584074102,41.32,50,50
pickplace_push,config_1,8200000,8200000,push-v3,1,67,1.0,147.0679124200734,35.45638410883246,38.08,5.45422509881756,38.08,50,50
pickplace_push,config_1,8250000,8250000,pick-place-v3,0,67,1.0,57.418019239450395,20.862513839644524,41.02,5.7834739930747014,41.02,50,50
pickplace_push,config_1,8250000,8250000,push-v3,1,67,1.0,147.76804834265408,30.40746874164058,37.84,7.240363053249274,37.84,50,50
pickplace_push,config_1,8300000,8300000,pick-place-v3,0,67,1.0,56.69565230980428,20.013499791576667,41.58,5.9900938631874485,41.58,50,50
pickplace_push,config_1,8300000,8300000,push-v3,1,67,1.0,130.30786063354336,36.60572561750376,38.82,8.879441975480123,38.82,50,50
pickplace_push,config_1,8350000,8350000,pick-place-v3,0,67,1.0,56.788226993188964,20.894562490139474,41.84,6.1523514668318935,41.84,50,50
pickplace_push,config_1,8350000,8350000,push-v3,1,67,1.0,142.8425292237401,45.47375988658612,47.28,52.460301803422006,47.28,50,50
pickplace_push,config_1,8400000,8400000,pick-place-v3,0,67,1.0,56.528745621268826,21.065185155616813,41.24,5.85735191264546,41.24,50,50
pickplace_push,config_1,8400000,8400000,push-v3,1,67,0.98,204.77358730766147,459.6315954508524,48.1,65.98832611662058,38.87755102040816,50,50
pickplace_push,config_1,8450000,8450000,pick-place-v3,0,67,1.0,57.57471168910642,19.61730099564858,41.52,5.481843872721837,41.52,50,50
pickplace_push,config_1,8450000,8450000,push-v3,1,67,1.0,147.575709956894,34.164420961034494,38.28,7.483423858973993,38.28,50,50
pickplace_push,config_1,8500000,8500000,pick-place-v3,0,67,1.0,57.66547806269829,19.78565723787497,41.64,5.336665625650534,41.64,50,50
pickplace_push,config_1,8500000,8500000,push-v3,1,67,1.0,150.71878296316578,32.42424350680576,38.42,6.866333127095197,38.42,50,50
pickplace_push,config_1,8550000,8550000,pick-place-v3,0,67,0.96,55.57753932983881,21.66048541772511,60.26,90.8386796154904,41.9375,50,50
pickplace_push,config_1,8550000,8550000,push-v3,1,67,1.0,152.448727414824,32.9647581100489,37.56,4.366664070207464,37.56,50,50
pickplace_push,config_1,8600000,8600000,pick-place-v3,0,67,1.0,57.498940466007404,19.422024235373467,42.46,5.54097906326958,42.46,50,50
pickplace_push,config_1,8600000,8600000,push-v3,1,67,1.0,146.20973632622045,33.47300269542414,38.12,7.0930837253407555,38.12,50,50
pickplace_push,config_1,8650000,8650000,pick-place-v3,0,67,1.0,57.09909569207678,19.154993448903202,42.74,5.702881477188276,42.74,50,50
pickplace_push,config_1,8650000,8650000,push-v3,1,67,1.0,145.79968873998467,34.12373268589396,37.88,5.745059989740255,37.88,50,50
pickplace_push,config_1,8700000,8700000,pick-place-v3,0,67,1.0,56.873494645136546,18.912556586766645,42.92,5.833891129793708,42.92,50,50
pickplace_push,config_1,8700000,8700000,push-v3,1,67,1.0,149.24644811555413,35.061402117781626,38.48,5.300134769176024,38.48,50,50
pickplace_push,config_1,8750000,8750000,pick-place-v3,0,67,1.0,57.7541339311757,19.180452709795855,42.8,5.7534373044577904,42.8,50,50
pickplace_push,config_1,8750000,8750000,push-v3,1,67,1.0,154.8820325694887,30.957000996177317,37.96,4.045456004669224,37.96,50,50
pickplace_push,config_1,8800000,8800000,pick-place-v3,0,67,1.0,58.33501574700521,18.953355589669844,42.78,5.831966798147421,42.78,50,50
pickplace_push,config_1,8800000,8800000,push-v3,1,67,1.0,153.22139264857034,31.78944204619919,37.56,4.136250890428606,37.56,50,50
pickplace_push,config_1,8850000,8850000,pick-place-v3,0,67,1.0,58.25496673084819,19.586610602408733,42.74,6.056907003494407,42.74,50,50
pickplace_push,config_1,8850000,8850000,push-v3,1,67,1.0,150.40734942902122,32.83089731885201,37.4,4.304719763805531,37.4,50,50
pickplace_push,config_1,8900000,8900000,pick-place-v3,0,67,1.0,58.634656431379724,19.217242944046646,42.76,5.773125634510021,42.76,50,50
pickplace_push,config_1,8900000,8900000,push-v3,1,67,1.0,152.6588003152878,33.54642514226096,37.46,4.310452412450462,37.46,50,50
pickplace_push,config_1,8950000,8950000,pick-place-v3,0,67,1.0,58.27934774354954,20.35980859471821,42.44,5.911455499489866,42.44,50,50
pickplace_push,config_1,8950000,8950000,push-v3,1,67,1.0,155.6224353257037,32.5017714694882,37.56,4.224128940518086,37.56,50,50
pickplace_push,config_1,9000000,9000000,pick-place-v3,0,67,1.0,58.47521230005661,18.99526457314144,42.56,5.949309683844481,42.56,50,50
pickplace_push,config_1,9000000,9000000,push-v3,1,67,1.0,155.56199800753367,29.762171614853195,37.58,4.1555961776665375,37.58,50,50
pickplace_push,config_1,9050000,9050000,pick-place-v3,0,67,1.0,59.49683511349144,18.710847528891637,42.8,6.07100838882165,42.8,50,50
pickplace_push,config_1,9050000,9050000,push-v3,1,67,1.0,155.40981771522212,36.6037530327992,38.42,6.515570048831068,38.42,50,50
pickplace_push,config_1,9100000,9100000,pick-place-v3,0,67,1.0,58.17936572855478,19.177856885708756,42.8,6.097841705832299,42.8,50,50
pickplace_push,config_1,9100000,9100000,push-v3,1,67,1.0,155.86702675318674,31.786654510200357,37.56,4.238598151006332,37.56,50,50
pickplace_push,config_1,9150000,9150000,pick-place-v3,0,67,1.0,59.442104938515065,19.798773453963413,42.54,6.1452154941375134,42.54,50,50
pickplace_push,config_1,9150000,9150000,push-v3,1,67,1.0,155.84376618955665,31.37033799342807,37.58,4.262269204955292,37.58,50,50
pickplace_push,config_1,9200000,9200000,pick-place-v3,0,67,1.0,57.08743732433467,20.816133044100138,41.72,6.1678561088592065,41.72,50,50
pickplace_push,config_1,9200000,9200000,push-v3,1,67,1.0,154.51382941684787,33.69800200506821,37.52,4.523137794739849,37.52,50,50
pickplace_push,config_1,9250000,9250000,pick-place-v3,0,67,1.0,57.33219335016922,20.534731438005952,41.86,6.154507225089062,41.86,50,50
pickplace_push,config_1,9250000,9250000,push-v3,1,67,1.0,150.0968319767657,30.377885224710276,37.3,4.3295378459119265,37.3,50,50
pickplace_push,config_1,9300000,9300000,pick-place-v3,0,67,1.0,54.5979604758831,22.383927905706106,41.16,6.2019088569075045,41.16,50,50
pickplace_push,config_1,9300000,9300000,push-v3,1,67,0.96,144.45731819272692,57.317905375159874,55.26,91.93094347034048,36.729166666666664,50,50
pickplace_push,config_1,9350000,9350000,pick-place-v3,0,67,1.0,56.77781777264916,20.572190203769175,41.04,5.917666390580334,41.04,50,50
pickplace_push,config_1,9350000,9350000,push-v3,1,67,1.0,137.41155150566948,30.98997688646831,37.14,7.698422844045026,37.14,50,50
pickplace_push,config_1,9400000,9400000,pick-place-v3,0,67,1.0,56.27049727067739,21.95341999280299,41.0,6.05417717154774,41.0,50,50
pickplace_push,config_1,9400000,9400000,push-v3,1,67,1.0,138.11898724544417,27.367787457225017,36.04,3.9225148118241195,36.04,50,50
pickplace_push,config_1,9450000,9450000,pick-place-v3,0,67,1.0,56.71388412886507,22.453263884649925,40.68,6.112683368143951,40.68,50,50
pickplace_push,config_1,9450000,9450000,push-v3,1,67,0.98,141.71099154614427,29.165145087899397,45.48,65.71808684658669,36.204081632653065,50,50
pickplace_push,config_1,9500000,9500000,pick-place-v3,0,67,1.0,56.29914731347904,19.812620105971494,40.76,5.84339850792747,40.76,50,50
pickplace_push,config_1,9500000,9500000,push-v3,1,67,1.0,143.76356144856646,30.373457146064357,36.36,4.222195966024102,36.36,50,50
pickplace_push,config_1,9550000,9550000,pick-place-v3,0,67,1.0,56.13759272068095,18.86868725998527,40.7,5.690127504758411,40.7,50,50
pickplace_push,config_1,9550000,9550000,push-v3,1,67,1.0,150.2298418345772,32.844397921294025,37.1,4.616960746054947,37.1,50,50
pickplace_push,config_1,9600000,9600000,pick-place-v3,0,67,1.0,57.89053060992206,17.402823102551682,40.92,5.397807567023138,40.92,50,50
pickplace_push,config_1,9600000,9600000,push-v3,1,67,1.0,149.35656722858977,32.81518620445189,36.92,4.407044453636305,36.92,50,50
pickplace_push,config_1,9650000,9650000,pick-place-v3,0,67,1.0,57.24656224105659,19.270811684548928,40.54,5.592305209036825,40.54,50,50
pickplace_push,config_1,9650000,9650000,push-v3,1,67,1.0,145.71811967166232,32.61832556725001,36.38,4.416527401218551,36.38,50,50
pickplace_push,config_1,9700000,9700000,pick-place-v3,0,67,1.0,56.90163253159263,19.768034159154016,40.4,5.6424050451804275,40.4,50,50
pickplace_push,config_1,9700000,9700000,push-v3,1,67,0.98,157.76348518634512,169.63006488241516,55.26,75.87767007708217,46.183673469387756,50,50
pickplace_push,config_1,9750000,9750000,pick-place-v3,0,67,1.0,56.44304203305862,19.617703477621063,40.44,5.592122739594855,40.44,50,50
pickplace_push,config_1,9750000,9750000,push-v3,1,67,0.92,282.2097576673059,615.5988801885587,81.28,137.3811976559666,44.869565217391305,50,50
pickplace_push,config_1,9800000,9800000,pick-place-v3,0,67,1.0,55.67018395831354,20.454196082559296,40.62,5.806013771803108,40.62,50,50
pickplace_push,config_1,9800000,9800000,push-v3,1,67,0.98,142.82272866468958,66.11255681028125,44.78,65.80809763460508,35.48979591836735,50,50
pickplace_push,config_1,9850000,9850000,pick-place-v3,0,67,1.0,55.152470666894516,21.281582349771785,40.78,5.856411104115573,40.78,50,50
pickplace_push,config_1,9850000,9850000,push-v3,1,67,1.0,150.16401175864286,107.80690991450572,38.54,19.764129536271785,38.54,50,50
pickplace_push,config_1,9900000,9900000,pick-place-v3,0,67,1.0,55.16442442492853,21.13337320371545,40.58,5.918114702559682,40.58,50,50
pickplace_push,config_1,9900000,9900000,push-v3,1,67,0.98,154.31342740550133,155.81919257593083,45.82,65.86990579768518,36.55102040816327,50,50
pickplace_push,config_1,9950000,9950000,pick-place-v3,0,67,1.0,54.33428448827501,21.835569607636646,40.52,5.953013299744826,40.52,50,50
pickplace_push,config_1,9950000,9950000,push-v3,1,67,1.0,136.7200079094835,36.7429168747323,40.98,23.329485591396647,40.98,50,50
pickplace_push,config_1,10000000,10000000,pick-place-v3,0,67,1.0,54.0879736375405,22.113911875658964,40.76,6.086317877512024,40.76,50,50
pickplace_push,config_1,10000000,10000000,push-v3,1,67,0.98,137.3792766552714,52.4020598237459,47.44,66.41771339831885,38.204081632653065,50,50
pickplace_push,config_1,10000000,final,pick-place-v3,0,67,1.0,54.705642948311876,22.178157392268215,40.8,6.006798869036754,40.8,50,50
pickplace_push,config_1,10000000,final,push-v3,1,67,0.98,137.09333140312316,39.46062488541835,46.08,66.11086545048586,36.816326530612244,50,50
pickplace_push,config_2,50000,50000,pick-place-v3,0,67,0.0,5.655838443964268,3.5687181100607455,500.0,0.0,,50,50
pickplace_push,config_2,50000,50000,push-v3,1,67,0.0,109.90016043425476,97.27952421073178,500.0,0.0,,50,50
pickplace_push,config_2,100000,100000,pick-place-v3,0,67,0.0,4.224473207545977,2.606595544935062,500.0,0.0,,50,50
pickplace_push,config_2,100000,100000,push-v3,1,67,0.0,109.24806581676864,97.60233869594704,500.0,0.0,,50,50
pickplace_push,config_2,150000,150000,pick-place-v3,0,67,0.0,7.173148086699311,6.926318313748574,500.0,0.0,,50,50
pickplace_push,config_2,150000,150000,push-v3,1,67,0.0,265.4548568977412,250.39717247224885,500.0,0.0,,50,50
pickplace_push,config_2,200000,200000,pick-place-v3,0,67,0.0,24.082992485998535,14.391628738587913,500.0,0.0,,50,50
pickplace_push,config_2,200000,200000,push-v3,1,67,0.0,242.25844137906697,159.55522094221075,500.0,0.0,,50,50
pickplace_push,config_2,250000,250000,pick-place-v3,0,67,0.0,37.37827410615339,11.606432998530893,500.0,0.0,,50,50
pickplace_push,config_2,250000,250000,push-v3,1,67,0.0,276.82462184144623,291.04646794993846,500.0,0.0,,50,50
pickplace_push,config_2,300000,300000,pick-place-v3,0,67,0.0,42.809666980040404,10.706408490702861,500.0,0.0,,50,50
pickplace_push,config_2,300000,300000,push-v3,1,67,0.0,342.0506437866775,365.1534716444045,500.0,0.0,,50,50
pickplace_push,config_2,350000,350000,pick-place-v3,0,67,0.0,46.33494017027214,11.595865925692069,500.0,0.0,,50,50
pickplace_push,config_2,350000,350000,push-v3,1,67,0.0,519.9864402842907,386.71828033433866,500.0,0.0,,50,50
pickplace_push,config_2,400000,400000,pick-place-v3,0,67,0.0,49.26502066116008,13.527786151850732,500.0,0.0,,50,50
pickplace_push,config_2,400000,400000,push-v3,1,67,0.0,460.2007148150417,277.0553605306145,500.0,0.0,,50,50
pickplace_push,config_2,450000,450000,pick-place-v3,0,67,0.0,49.928013290425554,15.03900102647603,500.0,0.0,,50,50
pickplace_push,config_2,450000,450000,push-v3,1,67,0.0,414.8708926171432,407.1680686830758,500.0,0.0,,50,50
pickplace_push,config_2,500000,500000,pick-place-v3,0,67,0.0,48.05264187108016,14.457149491761507,500.0,0.0,,50,50
pickplace_push,config_2,500000,500000,push-v3,1,67,0.0,454.33995967662065,444.5159651132599,500.0,0.0,,50,50
pickplace_push,config_2,550000,550000,pick-place-v3,0,67,0.0,49.79625216193083,15.350452591912681,500.0,0.0,,50,50
pickplace_push,config_2,550000,550000,push-v3,1,67,0.0,462.93311066174846,474.9259275114717,500.0,0.0,,50,50
pickplace_push,config_2,600000,600000,pick-place-v3,0,67,0.0,51.336857053128455,13.924247969549466,500.0,0.0,,50,50
pickplace_push,config_2,600000,600000,push-v3,1,67,0.0,497.9768148367804,543.6611081735024,500.0,0.0,,50,50
pickplace_push,config_2,650000,650000,pick-place-v3,0,67,0.0,53.578772325028595,16.23322760885725,500.0,0.0,,50,50
pickplace_push,config_2,650000,650000,push-v3,1,67,0.0,514.9192754162631,553.1351164316405,500.0,0.0,,50,50
pickplace_push,config_2,700000,700000,pick-place-v3,0,67,0.0,55.37499327123942,14.360768298595534,500.0,0.0,,50,50
pickplace_push,config_2,700000,700000,push-v3,1,67,0.0,522.7769997253258,504.0848583276563,500.0,0.0,,50,50
pickplace_push,config_2,750000,750000,pick-place-v3,0,67,0.0,55.73636346033897,14.181190597925063,500.0,0.0,,50,50
pickplace_push,config_2,750000,750000,push-v3,1,67,0.0,662.2800004897323,508.42062073098725,500.0,0.0,,50,50
pickplace_push,config_2,800000,800000,pick-place-v3,0,67,0.0,55.81393928323892,13.479523730061263,500.0,0.0,,50,50
pickplace_push,config_2,800000,800000,push-v3,1,67,0.0,641.2344878827261,472.49843315085286,500.0,0.0,,50,50
pickplace_push,config_2,850000,850000,pick-place-v3,0,67,0.0,58.09607213117198,15.134595251125653,500.0,0.0,,50,50
pickplace_push,config_2,850000,850000,push-v3,1,67,0.0,920.2045158133417,560.2721218582204,500.0,0.0,,50,50
pickplace_push,config_2,900000,900000,pick-place-v3,0,67,0.0,59.2810890520324,16.606632789184392,500.0,0.0,,50,50
pickplace_push,config_2,900000,900000,push-v3,1,67,0.0,1222.9810403278389,613.1172044258209,500.0,0.0,,50,50
pickplace_push,config_2,950000,950000,pick-place-v3,0,67,0.0,69.0401668400637,25.581427296966236,500.0,0.0,,50,50
pickplace_push,config_2,950000,950000,push-v3,1,67,0.0,1200.151323477724,669.9449083880958,500.0,0.0,,50,50
pickplace_push,config_2,1000000,1000000,pick-place-v3,0,67,0.02,76.7177328378134,35.97767551214924,493.98,42.56782822743016,199.0,50,50
pickplace_push,config_2,1000000,1000000,push-v3,1,67,0.0,1084.5212338613044,480.8630849459169,500.0,0.0,,50,50
pickplace_push,config_2,1050000,1050000,pick-place-v3,0,67,0.02,80.62326343250756,41.12063923241601,492.64,52.0430590953299,132.0,50,50
pickplace_push,config_2,1050000,1050000,push-v3,1,67,0.04,1133.0976411483332,558.6035561587115,486.26,69.01487860880256,156.5,50,50
pickplace_push,config_2,1100000,1100000,pick-place-v3,0,67,0.16,67.29190306287654,37.854995006310844,453.68,112.2756156854685,210.5,50,50
pickplace_push,config_2,1100000,1100000,push-v3,1,67,0.32,2039.951471692182,953.2058429333816,401.04,161.33675770807812,190.75,50,50
pickplace_push,config_2,1150000,1150000,pick-place-v3,0,67,0.18,65.20891867464161,41.30634330574951,442.74,132.29694645310724,181.88888888888889,50,50
pickplace_push,config_2,1150000,1150000,push-v3,1,67,0.4,1638.737950150382,1108.244433756942,353.8,192.48811254045728,134.5,50,50
pickplace_push,config_2,1200000,1200000,pick-place-v3,0,67,0.12,69.65331222539247,37.733731994449904,459.16,113.04836602633621,159.66666666666666,50,50
pickplace_push,config_2,1200000,1200000,push-v3,1,67,0.36,1612.7588249738035,1164.996565105035,361.7,194.7533500275124,115.83333333333333,50,50
pickplace_push,config_2,1250000,1250000,pick-place-v3,0,67,0.16,97.2115641132957,137.08695245182705,441.08,137.25647674395285,131.75,50,50
pickplace_push,config_2,1250000,1250000,push-v3,1,67,0.42,1763.2708954401446,1366.8482773043397,327.18,207.4887447156435,88.52380952380952,50,50
pickplace_push,config_2,1300000,1300000,pick-place-v3,0,67,0.16,86.48197983692515,105.78145327410661,447.04,131.7471232695269,169.0,50,50
pickplace_push,config_2,1300000,1300000,push-v3,1,67,0.46,1493.1796903792078,1302.2871375071288,316.36,209.98005347447375,100.78260869565217,50,50
pickplace_push,config_2,1350000,1350000,pick-place-v3,0,67,0.14,112.00911282422626,157.73999744175944,451.92,120.64619212171344,156.57142857142858,50,50
pickplace_push,config_2,1350000,1350000,push-v3,1,67,0.48,1739.707835779565,1176.5826959855272,336.34,187.47675883170376,159.04166666666666,50,50
pickplace_push,config_2,1400000,1400000,pick-place-v3,0,67,0.16,188.34373207860295,336.1212411491465,452.28,119.52423373098692,201.75,50,50
pickplace_push,config_2,1400000,1400000,push-v3,1,67,0.52,1687.4912898632144,1129.716355067623,315.12,186.0246461617165,144.46153846153845,50,50
pickplace_push,config_2,1450000,1450000,pick-place-v3,0,67,0.12,122.92880216874464,217.4141927685742,455.64,122.74808448565686,130.33333333333334,50,50
pickplace_push,config_2,1450000,1450000,push-v3,1,67,0.42,1995.7861045762434,1324.7031499409845,338.88,195.36565821086177,116.38095238095238,50,50
pickplace_push,config_2,1500000,1500000,pick-place-v3,0,67,0.14,157.70701541061462,245.30330892964895,457.22,118.23226708302533,194.42857142857142,50,50
pickplace_push,config_2,1500000,1500000,push-v3,1,67,0.36,2105.957613365323,1388.631458195442,364.02,191.23182746795754,122.27777777777777,50,50
pickplace_push,config_2,1550000,1550000,pick-place-v3,0,67,0.16,186.08788799588388,303.79165660633254,438.84,141.72124982888494,117.75,50,50
pickplace_push,config_2,1550000,1550000,push-v3,1,67,0.44,1956.1631057278055,1379.3955331005889,330.02,203.46302778015814,113.68181818181819,50,50
pickplace_push,config_2,1600000,1600000,pick-place-v3,0,67,0.12,356.8438909227378,557.8696706363398,461.96,110.83669914586513,183.0,50,50
pickplace_push,config_2,1600000,1600000,push-v3,1,67,0.4,2112.6988934043497,1365.040693678443,346.18,197.91852477466477,115.45,50,50
pickplace_push,config_2,1650000,1650000,pick-place-v3,0,67,0.14,328.36686906788054,551.8695348133595,450.02,126.10580106095233,143.0,50,50
pickplace_push,config_2,1650000,1650000,push-v3,1,67,0.4,2199.9139336008216,1419.6412275318612,344.56,203.95969589852896,111.4,50,50
pickplace_push,config_2,1700000,1700000,pick-place-v3,0,67,0.12,370.01351470338454,638.5822805962338,460.18,117.8104132468253,168.16666666666666,50,50
pickplace_push,config_2,1700000,1700000,push-v3,1,67,0.4,2295.9502868372706,1390.2454653507891,352.46,196.65179108967078,131.15,50,50
pickplace_push,config_2,1750000,1750000,pick-place-v3,0,67,0.14,343.18300665709336,567.7286657216539,442.34,144.8455348969785,88.14285714285714,50,50
pickplace_push,config_2,1750000,1750000,push-v3,1,67,0.34,2361.185609273508,1444.0975538635507,368.66,198.80526930149722,113.70588235294117,50,50
pickplace_push,config_2,1800000,1800000,pick-place-v3,0,67,0.16,359.4693794855185,582.5427818499141,436.4,148.1338335865957,102.5,50,50
pickplace_push,config_2,1800000,1800000,push-v3,1,67,0.34,2440.0875278290405,1420.0972662286902,367.7,199.29142336932472,110.88235294117646,50,50
pickplace_push,config_2,1850000,1850000,pick-place-v3,0,67,0.22,248.77603253675318,432.4377839316096,405.02,181.58221728091402,68.27272727272727,50,50
pickplace_push,config_2,1850000,1850000,push-v3,1,67,0.32,2519.3668915237417,1407.455068265322,374.94,195.79074731634756,109.1875,50,50
pickplace_push,config_2,1900000,1900000,pick-place-v3,0,67,0.18,337.88929741675463,497.107782021113,430.36,152.6568460733459,113.11111111111111,50,50
pickplace_push,config_2,1900000,1900000,push-v3,1,67,0.26,2639.868606667544,1383.5155924936005,390.96,190.66360589332433,80.61538461538461,50,50
pickplace_push,config_2,1950000,1950000,pick-place-v3,0,67,0.22,289.62224497478087,471.80587702192094,416.2,162.28483400163668,119.0909090909091,50,50
pickplace_push,config_2,1950000,1950000,push-v3,1,67,0.28,2557.0085481567703,1375.9994431884695,386.28,192.5002030213613,93.85714285714286,50,50
pickplace_push,config_2,2000000,2000000,pick-place-v3,0,67,0.14,349.8522580409662,507.5297907199864,448.28,133.3970657205665,130.57142857142858,50,50
pickplace_push,config_2,2000000,2000000,push-v3,1,67,0.34,2379.1423666453084,1486.1795500465169,363.16,203.95601366521186,97.52941176470588,50,50
pickplace_push,config_2,2050000,2050000,pick-place-v3,0,67,0.24,466.4982900257262,669.0622708659201,402.0,177.37968040451577,91.66666666666667,50,50
pickplace_push,config_2,2050000,2050000,push-v3,1,67,0.36,2206.6956234691897,1520.7207953472048,341.66,215.28477675404923,60.166666666666664,50,50
pickplace_push,config_2,2100000,2100000,pick-place-v3,0,67,0.18,428.517446390012,672.4510291700961,424.88,162.64053765834618,82.66666666666667,50,50
pickplace_push,config_2,2100000,2100000,push-v3,1,67,0.4,2087.5569032168646,1555.8808527254573,322.5,221.5590629320925,56.25,50,50
pickplace_push,config_2,2150000,2150000,pick-place-v3,0,67,0.32,469.92167305557626,711.982560024325,373.72,188.39093526440155,105.375,50,50
pickplace_push,config_2,2150000,2150000,push-v3,1,67,0.4,2123.610540057016,1545.3272283878593,327.9,218.46283483485615,69.75,50,50
pickplace_push,config_2,2200000,2200000,pick-place-v3,0,67,0.38,636.452645480886,766.6248674232266,351.9,193.29846331093103,110.26315789473684,50,50
pickplace_push,config_2,2200000,2200000,push-v3,1,67,0.34,2329.06875006747,1551.2146018305186,348.98,214.58707285560027,55.8235294117647,50,50
pickplace_push,config_2,2250000,2250000,pick-place-v3,0,67,0.46,792.1907342049731,910.9061941837931,327.62,202.31687512213028,125.26086956521739,50,50
pickplace_push,config_2,2250000,2250000,push-v3,1,67,0.42,2112.0917543408627,1574.2222960612692,322.98,217.30543631732093,78.52380952380952,50,50
pickplace_push,config_2,2300000,2300000,pick-place-v3,0,67,0.52,833.7744562997921,876.9578287254029,300.66,199.36261803404307,116.65384615384616,50,50
pickplace_push,config_2,2300000,2300000,push-v3,1,67,0.38,2378.1366743865256,1528.7453978936205,352.34,208.7971000267768,111.42105263157895,50,50
pickplace_push,config_2,2350000,2350000,pick-place-v3,0,67,0.5,875.4603248426723,920.7525920308586,290.28,212.70675799785764,80.56,50,50
pickplace_push,config_2,2350000,2350000,push-v3,1,67,0.5,1925.2790301069333,1554.5284832979332,297.12,220.27780604667075,94.24,50,50
pickplace_push,config_2,2400000,2400000,pick-place-v3,0,67,0.56,785.4684148407249,847.7276857603146,266.06,211.05202086263964,82.25,50,50
pickplace_push,config_2,2400000,2400000,push-v3,1,67,0.38,2307.8824567689207,1495.2018856731288,344.5,207.1778541864601,90.78947368421052,50,50
pickplace_push,config_2,2450000,2450000,pick-place-v3,0,67,0.5,878.145780601249,922.2849839234063,292.4,211.92798160638228,84.8,50,50
pickplace_push,config_2,2450000,2450000,push-v3,1,67,0.42,2190.19142158458,1544.5358066352198,328.76,214.43552477543054,92.28571428571429,50,50
pickplace_push,config_2,2500000,2500000,pick-place-v3,0,67,0.52,983.0789263662674,942.5587436999887,282.34,211.91667692558718,81.42307692307692,50,50
pickplace_push,config_2,2500000,2500000,push-v3,1,67,0.42,2165.414779113028,1583.3890417930434,322.4,218.94785512835273,77.14285714285714,50,50
pickplace_push,config_2,2550000,2550000,pick-place-v3,0,67,0.46,1074.4452176926316,974.676709380782,312.48,208.62692412387182,92.34782608695652,50,50
pickplace_push,config_2,2550000,2550000,push-v3,1,67,0.42,2176.6889160543824,1645.4704426692279,319.6,222.66236909779988,70.47619047619048,50,50
pickplace_push,config_2,2600000,2600000,pick-place-v3,0,67,0.48,1051.565434556485,989.1798034736232,299.42,212.26101471383515,82.125,50,50
pickplace_push,config_2,2600000,2600000,push-v3,1,67,0.44,2176.4055201450396,1660.4841835824784,315.28,222.4228405537525,80.18181818181819,50,50
pickplace_push,config_2,2650000,2650000,pick-place-v3,0,67,0.42,1108.3111064187572,994.3113177506742,328.88,211.6865838826787,92.57142857142857,50,50
pickplace_push,config_2,2650000,2650000,push-v3,1,67,0.42,2100.645423242244,1696.3287198678597,313.04,225.07884876919312,54.857142857142854,50,50
pickplace_push,config_2,2700000,2700000,pick-place-v3,0,67,0.44,850.7028867054039,956.6710833555338,312.26,215.13145577833598,73.31818181818181,50,50
pickplace_push,config_2,2700000,2700000,push-v3,1,67,0.58,1676.1829127181484,1639.9198147153388,262.88,219.67328616165693,91.17241379310344,50,50
pickplace_push,config_2,2750000,2750000,pick-place-v3,0,67,0.4,873.4680384343304,977.4737503808474,327.86,213.3571318570947,69.65,50,50
pickplace_push,config_2,2750000,2750000,push-v3,1,67,0.54,1818.832469850477,1625.3886998811106,287.98,220.40634921778053,107.37037037037037,50,50
pickplace_push,config_2,2800000,2800000,pick-place-v3,0,67,0.36,967.4722239397697,1010.4178319667279,349.94,203.3935975152711,83.16666666666667,50,50
pickplace_push,config_2,2800000,2800000,push-v3,1,67,0.54,1834.3566531568786,1600.6184641302088,276.56,221.68769722752054,86.22222222222223,50,50
pickplace_push,config_2,2850000,2850000,pick-place-v3,0,67,0.36,797.1384781400491,930.2355422641808,345.94,207.91348377316433,72.05555555555556,50,50
pickplace_push,config_2,2850000,2850000,push-v3,1,67,0.64,1474.5971542736356,1550.897238796816,230.56,214.6869728850137,79.0,50,50
pickplace_push,config_2,2900000,2900000,pick-place-v3,0,67,0.4,645.5752206252336,873.7710886786314,326.54,214.84300960354796,66.35,50,50
pickplace_push,config_2,2900000,2900000,push-v3,1,67,0.66,1271.2718564548795,1610.2757843104757,207.96,218.9777698157267,57.515151515151516,50,50
pickplace_push,config_2,2950000,2950000,pick-place-v3,0,67,0.48,801.0263675911362,977.2611115029381,293.56,219.1229419149656,69.91666666666667,50,50
pickplace_push,config_2,2950000,2950000,push-v3,1,67,0.62,1491.8850774827017,1664.8748078706933,226.06,219.72342633782284,58.16129032258065,50,50
pickplace_push,config_2,3000000,3000000,pick-place-v3,0,67,0.54,706.9951675500129,922.2181454014635,273.32,217.3296602502516,80.22222222222223,50,50
pickplace_push,config_2,3000000,3000000,push-v3,1,67,0.68,1442.9069102174658,1649.693936246581,212.88,217.22222609623557,77.76470588235294,50,50
pickplace_push,config_2,3050000,3050000,pick-place-v3,0,67,0.58,680.2560012759261,916.3910140611546,257.42,216.91483234162644,81.75862068965517,50,50
pickplace_push,config_2,3050000,3050000,push-v3,1,67,0.54,1889.3689738850233,1738.528922104599,268.48,227.4075941510112,71.25925925925925,50,50
pickplace_push,config_2,3100000,3100000,pick-place-v3,0,67,0.62,691.8222097851628,934.0075549926792,228.78,215.13501123997574,62.54838709677419,50,50
pickplace_push,config_2,3100000,3100000,push-v3,1,67,0.56,1766.2670250564254,1718.530118854332,254.1,226.42296072363587,60.892857142857146,50,50
pickplace_push,config_2,3150000,3150000,pick-place-v3,0,67,0.58,778.8104281137521,954.7491280348014,252.52,218.31228708865098,73.3103448275862,50,50
pickplace_push,config_2,3150000,3150000,push-v3,1,67,0.56,1694.421997329578,1716.9325159193686,246.66,227.685838875609,47.607142857142854,50,50
pickplace_push,config_2,3200000,3200000,pick-place-v3,0,67,0.62,754.4957168541591,987.6629462527028,228.0,215.71712391699552,61.29032258064516,50,50
pickplace_push,config_2,3200000,3200000,push-v3,1,67,0.58,1626.6668047242247,1733.458130471502,235.8,227.53954578920818,44.48275862068966,50,50
pickplace_push,config_2,3250000,3250000,pick-place-v3,0,67,0.64,673.6695901654915,938.5099571369435,218.68,213.8819472207479,60.4375,50,50
pickplace_push,config_2,3250000,3250000,push-v3,1,67,0.6,1598.7724368532604,1742.3951011663703,228.24,224.70902364195888,47.06666666666667,50,50
pickplace_push,config_2,3300000,3300000,pick-place-v3,0,67,0.56,719.7150059982096,960.1472970536537,258.46,217.86732622569792,68.67857142857143,50,50
pickplace_push,config_2,3300000,3300000,push-v3,1,67,0.64,1457.5566140089536,1638.6945467094756,216.14,218.0991171416317,56.46875,50,50
pickplace_push,config_2,3350000,3350000,pick-place-v3,0,67,0.66,717.2733779751767,988.2936203722364,205.62,214.07750742119893,53.96969696969697,50,50
pickplace_push,config_2,3350000,3350000,push-v3,1,67,0.72,1216.9155540811826,1579.9022186917323,181.38,206.70395768453244,57.47222222222222,50,50
pickplace_push,config_2,3400000,3400000,pick-place-v3,0,67,0.66,648.9729033536431,891.3248569915507,204.38,215.00696618994482,52.09090909090909,50,50
pickplace_push,config_2,3400000,3400000,push-v3,1,67,0.8,937.1417462997853,1404.6539986453383,143.62,182.5363134126624,54.525,50,50
pickplace_push,config_2,3450000,3450000,pick-place-v3,0,67,0.7,622.1901125135889,908.6291162810746,195.8,212.07026174918383,65.42857142857143,50,50
pickplace_push,config_2,3450000,3450000,push-v3,1,67,0.8,988.386136113326,1505.7751066578705,147.14,189.72956156227272,58.925,50,50
pickplace_push,config_2,3500000,3500000,pick-place-v3,0,67,0.68,664.3170869761033,960.9774905993332,194.5,212.2878532866665,50.73529411764706,50,50
pickplace_push,config_2,3500000,3500000,push-v3,1,67,0.92,560.4580897016386,1075.7235144433737,94.2,137.50443406579697,58.91304347826087,50,50
pickplace_push,config_2,3550000,3550000,pick-place-v3,0,67,0.68,773.8832387077656,1034.939044547273,196.56,215.06668733209239,53.76470588235294,50,50
pickplace_push,config_2,3550000,3550000,push-v3,1,67,0.82,848.8412395107305,1385.560328164491,130.5,176.5171264165813,49.390243902439025,50,50
pickplace_push,config_2,3600000,3600000,pick-place-v3,0,67,0.72,722.5536041839918,1069.141467169151,172.12,206.9221129225355,44.611111111111114,50,50
pickplace_push,config_2,3600000,3600000,push-v3,1,67,0.8,993.0842070751042,1484.5374559845732,147.0,186.16100119881966,58.75,50,50
pickplace_push,config_2,3650000,3650000,pick-place-v3,0,67,0.74,643.0575322049373,1003.9308933753371,163.36,201.9457150739641,45.08108108108108,50,50
pickplace_push,config_2,3650000,3650000,push-v3,1,67,0.88,696.2096530870311,1274.8898615818728,110.04,160.092952591261,56.86363636363637,50,50
pickplace_push,config_2,3700000,3700000,pick-place-v3,0,67,0.76,643.3408754347608,1043.2259837686902,155.58,196.23872280090546,46.81578947368421,50,50
pickplace_push,config_2,3700000,3700000,push-v3,1,67,0.9,540.0966853726958,1106.4779742205176,91.22,140.10175456664723,45.8,50,50
pickplace_push,config_2,3750000,3750000,pick-place-v3,0,67,0.78,625.3902315279405,1070.991997211291,145.16,190.95414130526902,45.07692307692308,50,50
pickplace_push,config_2,3750000,3750000,push-v3,1,67,0.9,489.52090177571904,1054.4657162108808,86.86,139.37557687260502,40.955555555555556,50,50
pickplace_push,config_2,3800000,3800000,pick-place-v3,0,67,0.82,495.64944162630934,977.6703390845609,124.4,178.0110063095733,41.951219512195124,50,50
pickplace_push,config_2,3800000,3800000,push-v3,1,67,0.94,371.73503149467876,882.0845336497623,69.68,110.56468048806803,42.212765957446805,50,50
pickplace_push,config_2,3850000,3850000,pick-place-v3,0,67,0.82,496.4735629433965,1008.4012697926189,126.08,177.92624475166267,44.0,50,50
pickplace_push,config_2,3850000,3850000,push-v3,1,67,0.88,638.8912631879784,1235.1179327893497,104.86,158.36202518409573,50.97727272727273,50,50
pickplace_push,config_2,3900000,3900000,pick-place-v3,0,67,0.86,418.4489702259743,921.6032261427334,105.72,161.02250318080468,41.53488372093023,50,50
pickplace_push,config_2,3900000,3900000,push-v3,1,67,0.9,564.5272829444048,1162.7196734917334,93.54,145.3418503714183,48.37777777777778,50,50
pickplace_push,config_2,3950000,3950000,pick-place-v3,0,67,0.88,390.1270365780696,901.7504515228319,96.94,150.7575983802732,41.97727272727273,50,50
pickplace_push,config_2,3950000,3950000,push-v3,1,67,0.92,442.17482940102394,1008.4350500358358,78.44,126.09878861351491,41.78260869565217,50,50
pickplace_push,config_2,4000000,4000000,pick-place-v3,0,67,0.9,327.18058862953364,817.9701102591824,86.84,139.2969753689533,40.93333333333333,50,50
pickplace_push,config_2,4000000,4000000,push-v3,1,67,0.96,367.7450437066643,821.3530863383496,69.22,103.69131780315604,51.270833333333336,50,50
pickplace_push,config_2,4050000,4050000,pick-place-v3,0,67,0.96,175.73851142580864,562.7791872823692,60.26,91.18221496832926,41.9375,50,50
pickplace_push,config_2,4050000,4050000,push-v3,1,67,0.94,394.3260143050325,896.0575681855793,72.46,112.21812033095294,45.170212765957444,50,50
pickplace_push,config_2,4100000,4100000,pick-place-v3,0,67,0.96,154.6021346997369,478.4870442550023,59.18,91.06169471791068,40.8125,50,50
pickplace_push,config_2,4100000,4100000,push-v3,1,67,0.96,356.24032143062686,815.6543197830155,67.94,102.62621099735422,49.9375,50,50
pickplace_push,config_2,4150000,4150000,pick-place-v3,0,67,0.98,115.99615132536559,407.47976047911015,50.02,65.18935996818212,40.83673469387755,50,50
pickplace_push,config_2,4150000,4150000,push-v3,1,67,0.94,358.90034455992395,877.620143234969,68.8,110.66902300581327,41.276595744680854,50,50
pickplace_push,config_2,4200000,4200000,pick-place-v3,0,67,1.0,59.44302686407026,23.016899590532507,41.1,5.824823725107174,41.1,50,50
pickplace_push,config_2,4200000,4200000,push-v3,1,67,0.96,323.50004496811744,782.6256949950391,64.22,98.84089255372155,46.0625,50,50
pickplace_push,config_2,4250000,4250000,pick-place-v3,0,67,1.0,62.23449944791842,27.645506362761513,42.98,12.513649690295338,42.98,50,50
pickplace_push,config_2,4250000,4250000,push-v3,1,67,0.92,487.6922360664037,1036.144844952624,84.92,131.20148704981065,48.82608695652174,50,50
pickplace_push,config_2,4300000,4300000,pick-place-v3,0,67,1.0,60.2019105627629,24.44330901313115,42.58,9.391898375836528,42.58,50,50
pickplace_push,config_2,4300000,4300000,push-v3,1,67,0.86,652.0527830416414,1246.0235089211726,107.0,160.72272993689268,43.02325581395349,50,50
pickplace_push,config_2,4350000,4350000,pick-place-v3,0,67,1.0,59.287940707381,23.57027863228885,42.32,10.385311448269189,42.32,50,50
pickplace_push,config_2,4350000,4350000,push-v3,1,67,0.82,798.1645919882266,1389.316697298655,124.84,177.87525553210668,42.48780487804878,50,50
pickplace_push,config_2,4400000,4400000,pick-place-v3,0,67,1.0,59.517197365213306,25.05052327238697,40.88,5.815672000407737,40.88,50,50
pickplace_push,config_2,4400000,4400000,push-v3,1,67,0.92,540.71598698239,1104.6904250625578,91.18,139.87351283154624,55.630434782608695,50,50
pickplace_push,config_2,4450000,4450000,pick-place-v3,0,67,1.0,59.08528711230495,21.711953114224748,41.42,7.672080312831102,41.42,50,50
pickplace_push,config_2,4450000,4450000,push-v3,1,67,0.96,320.90774765276393,757.0664378058153,63.54,94.46697079629776,45.354166666666664,50,50
pickplace_push,config_2,4500000,4500000,pick-place-v3,0,67,1.0,59.08405518317447,22.429787963003175,40.6,5.551245493635842,40.6,50,50
pickplace_push,config_2,4500000,4500000,push-v3,1,67,0.94,488.90071823955964,1008.7566123305501,84.56,127.77837318208908,58.04255319148936,50,50
pickplace_push,config_2,4550000,4550000,pick-place-v3,0,67,1.0,57.75048713454869,23.813827614154597,40.74,6.033275077705749,40.74,50,50
pickplace_push,config_2,4550000,4550000,push-v3,1,67,0.98,267.4534046064461,586.985488134105,56.76,74.43571668471628,47.714285714285715,50,50
pickplace_push,config_2,4600000,4600000,pick-place-v3,0,67,1.0,58.02532901031136,22.5917570202489,40.48,5.606992718645064,40.48,50,50
pickplace_push,config_2,4600000,4600000,push-v3,1,67,0.94,375.77910892298564,885.6095651659714,71.52,114.64786192903014,44.170212765957444,50,50
pickplace_push,config_2,4650000,4650000,pick-place-v3,0,67,1.0,57.39516617043737,23.05191662937041,40.34,5.780367900162108,40.34,50,50
pickplace_push,config_2,4650000,4650000,push-v3,1,67,0.9,558.3493688391922,1141.6085782269386,92.7,142.50975620021563,47.44444444444444,50,50
pickplace_push,config_2,4700000,4700000,pick-place-v3,0,67,1.0,57.94798022039045,22.55355898884474,39.98,5.694573141624059,39.98,50,50
pickplace_push,config_2,4700000,4700000,push-v3,1,67,0.9,530.1453665983702,1095.2854906729006,90.68,141.46528239270927,45.2,50,50
pickplace_push,config_2,4750000,4750000,pick-place-v3,0,67,1.0,59.46193015217971,23.66315249182273,40.16,5.676158517008144,40.16,50,50
pickplace_push,config_2,4750000,4750000,push-v3,1,67,0.88,561.4945606754899,1178.9690597601707,94.5,151.34893458495173,39.20454545454545,50,50
pickplace_push,config_2,4800000,4800000,pick-place-v3,0,67,1.0,58.55672491461986,21.306338781368435,39.9,5.429511196851397,39.9,50,50
pickplace_push,config_2,4800000,4800000,push-v3,1,67,0.98,271.73436461469356,725.8342310856365,57.16,91.43735672077158,48.12244897959184,50,50
pickplace_push,config_2,4850000,4850000,pick-place-v3,0,67,1.0,57.133358775384686,21.89089630985752,39.9,5.5631807081773585,39.9,50,50
pickplace_push,config_2,4850000,4850000,push-v3,1,67,0.98,201.1252118732548,519.9305060326968,48.08,65.377971700516,38.857142857142854,50,50
pickplace_push,config_2,4900000,4900000,pick-place-v3,0,67,1.0,58.29305732209192,23.05421794951259,40.22,5.701020316843401,40.22,50,50
pickplace_push,config_2,4900000,4900000,push-v3,1,67,1.0,168.0264060520609,217.38516858969962,44.36,28.847070377904146,44.36,50,50
pickplace_push,config_2,4950000,4950000,pick-place-v3,0,67,1.0,58.21863943638246,21.996154682435165,40.34,5.662659647702155,40.34,50,50
pickplace_push,config_2,4950000,4950000,push-v3,1,67,1.0,124.91464957732451,28.111024616955323,38.64,4.46647374951449,38.64,50,50
pickplace_push,config_2,5000000,5000000,pick-place-v3,0,67,1.0,59.38108599671513,21.932185151577603,40.64,5.652378946523492,40.64,50,50
pickplace_push,config_2,5000000,5000000,push-v3,1,67,1.0,126.61927703214906,27.79510095717715,38.9,4.413569058792974,38.9,50,50
pickplace_push,config_2,5050000,5050000,pick-place-v3,0,67,1.0,57.486163450493,21.02764748097263,40.44,5.7362435265527525,40.44,50,50
pickplace_push,config_2,5050000,5050000,push-v3,1,67,0.98,194.7747680853039,505.41203205593513,47.72,65.40612216242857,38.48979591836735,50,50
pickplace_push,config_2,5100000,5100000,pick-place-v3,0,67,1.0,58.5563564586733,21.878909950477645,40.88,5.7094265053863476,40.88,50,50
pickplace_push,config_2,5100000,5100000,push-v3,1,67,1.0,127.62130661764506,25.34518685513059,39.18,4.217020904160003,39.18,50,50
pickplace_push,config_2,5150000,5150000,pick-place-v3,0,67,1.0,56.34959340620889,20.24020650346723,40.44,5.55183367391866,40.44,50,50
pickplace_push,config_2,5150000,5150000,push-v3,1,67,1.0,146.06407896239602,150.74723326952943,41.58,19.202561478795964,41.58,50,50
pickplace_push,config_2,5200000,5200000,pick-place-v3,0,67,1.0,57.411056813871355,20.81074326897979,40.74,5.724312631403078,40.74,50,50
pickplace_push,config_2,5200000,5200000,push-v3,1,67,1.0,180.28969680788487,390.67930483153305,45.74,48.88211976431731,45.74,50,50
pickplace_push,config_2,5250000,5250000,pick-place-v3,0,67,1.0,57.758454820358736,20.47332186160414,40.82,5.641283686595903,40.82,50,50
pickplace_push,config_2,5250000,5250000,push-v3,1,67,1.0,124.05584252442642,26.702516940888536,38.86,4.351917241109876,38.86,50,50
pickplace_push,config_2,5300000,5300000,pick-place-v3,0,67,1.0,57.68268925090625,20.20745588798737,40.9,5.682949794547453,40.9,50,50
pickplace_push,config_2,5300000,5300000,push-v3,1,67,0.96,271.733585291757,717.3192274970786,57.64,91.3411993236215,39.208333333333336,50,50
pickplace_push,config_2,5350000,5350000,pick-place-v3,0,67,1.0,58.74412215442618,20.157518062020806,41.14,5.69285266176558,41.14,50,50
pickplace_push,config_2,5350000,5350000,push-v3,1,67,0.92,479.97787856124853,1079.1619623957845,83.2,135.18468093383834,46.95652173913044,50,50
pickplace_push,config_2,5400000,5400000,pick-place-v3,0,67,1.0,57.94624948705323,20.232888075472424,40.9,5.585147943521318,40.9,50,50
pickplace_push,config_2,5400000,5400000,push-v3,1,67,1.0,127.49067098486796,27.25866842218794,39.16,4.626278091467464,39.16,50,50
pickplace_push,config_2,5450000,5450000,pick-place-v3,0,67,1.0,57.35803160380816,21.673903118589912,40.98,5.888383583335055,40.98,50,50
pickplace_push,config_2,5450000,5450000,push-v3,1,67,0.98,189.12205216186234,448.02103496946415,48.06,65.38408031917,38.83673469387755,50,50
pickplace_push,config_2,5500000,5500000,pick-place-v3,0,67,1.0,58.43845975071899,21.291286727125232,41.14,5.81346080494332,41.14,50,50
pickplace_push,config_2,5500000,5500000,push-v3,1,67,0.94,322.7787434435528,797.5308896356321,66.14,110.81221659609007,38.4468085106383,50,50
pickplace_push,config_2,5550000,5550000,pick-place-v3,0,67,1.0,57.825522653201396,21.237800268137608,41.04,5.827310788040068,41.04,50,50
pickplace_push,config_2,5550000,5550000,push-v3,1,67,0.94,368.09618798711745,871.6407822535983,70.1,113.36832693049855,42.659574468085104,50,50
pickplace_push,config_2,5600000,5600000,pick-place-v3,0,67,1.0,57.689011092128936,20.719874026556695,41.0,5.699982098074287,41.0,50,50
pickplace_push,config_2,5600000,5600000,push-v3,1,67,0.96,250.41195121638304,643.0633665684444,56.38,91.57998399971335,37.895833333333336,50,50
pickplace_push,config_2,5650000,5650000,pick-place-v3,0,67,1.0,56.68299778857338,20.994255123356243,40.94,5.719319211663042,40.94,50,50
pickplace_push,config_2,5650000,5650000,push-v3,1,67,1.0,125.48978467216189,47.41166868446244,38.7,7.293413299067894,38.7,50,50
pickplace_push,config_2,5700000,5700000,pick-place-v3,0,67,1.0,57.329993943366304,21.790345395592837,40.98,5.669431098407656,40.98,50,50
pickplace_push,config_2,5700000,5700000,push-v3,1,67,0.92,404.8489732668811,991.0902292350937,74.52,126.80617380193169,37.52173913043478,50,50
pickplace_push,config_2,5750000,5750000,pick-place-v3,0,67,1.0,56.73989494401242,20.969360673128477,40.98,5.640560111136744,40.98,50,50
pickplace_push,config_2,5750000,5750000,push-v3,1,67,0.96,334.1955215452406,859.4124485727225,64.98,108.20473602370265,46.854166666666664,50,50
pickplace_push,config_2,5800000,5800000,pick-place-v3,0,67,1.0,57.298794591163094,21.527538795533516,41.1,5.668567108293286,41.1,50,50
pickplace_push,config_2,5800000,5800000,push-v3,1,67,0.98,191.0315541156043,479.11936480583154,47.64,65.42412960593268,38.40816326530612,50,50
pickplace_push,config_2,5850000,5850000,pick-place-v3,0,67,1.0,57.29827892475295,20.100021256209722,41.38,5.561859915018151,41.38,50,50
pickplace_push,config_2,5850000,5850000,push-v3,1,67,0.96,263.2798773852061,693.8020290517719,56.96,91.45378223843058,38.5,50,50
pickplace_push,config_2,5900000,5900000,pick-place-v3,0,67,1.0,57.18994694523365,20.80334831259312,41.44,5.6646414948614465,41.44,50,50
pickplace_push,config_2,5900000,5900000,push-v3,1,67,1.0,124.03716386302776,25.10793653387051,38.4,4.318918987951706,38.4,50,50
pickplace_push,config_2,5950000,5950000,pick-place-v3,0,67,1.0,57.53807151875955,20.022418642327768,41.4,5.635166549518862,41.4,50,50
pickplace_push,config_2,5950000,5950000,push-v3,1,67,0.98,200.11816701660484,516.2474153030711,47.96,65.38425198901693,38.734693877551024,50,50
pickplace_push,config_2,6000000,6000000,pick-place-v3,0,67,1.0,58.58832437290743,20.196991128861647,41.28,5.451230903873632,41.28,50,50
pickplace_push,config_2,6000000,6000000,push-v3,1,67,0.98,200.3749928890213,515.6942289317032,47.92,65.37672306232045,38.69387755102041,50,50
pickplace_push,config_2,6050000,6050000,pick-place-v3,0,67,1.0,58.16311633950006,20.99945725581396,41.26,5.652559470844032,41.26,50,50
pickplace_push,config_2,6050000,6050000,push-v3,1,67,0.98,197.68426022505912,494.8662437778586,48.0,65.37458783574759,38.775510204081634,50,50
pickplace_push,config_2,6100000,6100000,pick-place-v3,0,67,1.0,57.86741196807128,19.84141983162341,41.4,5.587887775887985,41.4,50,50
pickplace_push,config_2,6100000,6100000,push-v3,1,67,0.98,226.95747189899743,518.3840536170119,51.96,69.57039013598722,42.816326530612244,50,50
pickplace_push,config_2,6150000,6150000,pick-place-v3,0,67,1.0,57.647363249895015,18.053918171625316,41.82,5.553781576180177,41.82,50,50
pickplace_push,config_2,6150000,6150000,push-v3,1,67,0.98,200.06393852410096,493.14872488093084,48.44,65.30904865893157,39.224489795918366,50,50
pickplace_push,config_2,6200000,6200000,pick-place-v3,0,67,1.0,58.30529373349762,19.301965697561617,42.0,5.69281681290608,42.0,50,50
pickplace_push,config_2,6200000,6200000,push-v3,1,67,0.96,272.50989073344823,699.0779296675524,57.6,91.31913092813241,39.166666666666664,50,50
pickplace_push,config_2,6250000,6250000,pick-place-v3,0,67,1.0,57.65291083854396,18.43626950329274,42.56,5.768174471589246,42.56,50,50
pickplace_push,config_2,6250000,6250000,push-v3,1,67,0.96,291.22478762422185,692.1057470601141,60.38,91.374736382545,42.0625,50,50
pickplace_push,config_2,6300000,6300000,pick-place-v3,0,67,1.0,58.86337350757028,18.341160991059667,42.42,5.678782565706443,42.42,50,50
pickplace_push,config_2,6300000,6300000,push-v3,1,67,0.96,272.4587320689584,698.5385915617865,57.68,91.30894852988209,39.25,50,50
pickplace_push,config_2,6350000,6350000,pick-place-v3,0,67,1.0,58.791832460850834,18.10993599035576,42.78,5.949755611513359,42.78,50,50
pickplace_push,config_2,6350000,6350000,push-v3,1,67,0.96,271.1078339679623,692.6539379418867,57.66,91.31479751331631,39.229166666666664,50,50
pickplace_push,config_2,6400000,6400000,pick-place-v3,0,67,1.0,59.21466148311768,18.36668858845835,42.62,5.696006477868364,42.62,50,50
pickplace_push,config_2,6400000,6400000,push-v3,1,67,0.96,276.74424761673504,717.2015103739045,57.78,91.2856673373454,39.354166666666664,50,50
pickplace_push,config_2,6450000,6450000,pick-place-v3,0,67,1.0,59.036851332366865,19.110014543546324,42.4,5.781744669956588,42.4,50,50
pickplace_push,config_2,6450000,6450000,push-v3,1,67,0.98,203.1696370671399,513.5275204930595,48.3,65.33282139185792,39.08163265306123,50,50
pickplace_push,config_2,6500000,6500000,pick-place-v3,0,67,1.0,57.89076765414159,18.81258611861354,41.98,5.7940504319658155,41.98,50,50
pickplace_push,config_2,6500000,6500000,push-v3,1,67,1.0,132.19787761880053,27.37371132811832,39.26,4.498571201742043,39.26,50,50
pickplace_push,config_2,6550000,6550000,pick-place-v3,0,67,1.0,57.549106180366344,19.84844971362544,41.82,5.847343719282166,41.82,50,50
pickplace_push,config_2,6550000,6550000,push-v3,1,67,0.98,202.49211848511183,519.127243479244,48.02,65.36350164226802,38.795918367346935,50,50
pickplace_push,config_2,6600000,6600000,pick-place-v3,0,67,1.0,57.65450033530543,19.7732819260679,41.98,5.912594651268094,41.98,50,50
pickplace_push,config_2,6600000,6600000,push-v3,1,67,1.0,132.085241154648,36.89826904482325,39.18,5.286447825548353,39.18,50,50
pickplace_push,config_2,6650000,6650000,pick-place-v3,0,67,1.0,57.26981935420531,19.349840771792852,42.2,6.074369035848372,42.2,50,50
pickplace_push,config_2,6650000,6650000,push-v3,1,67,0.96,266.2761680861095,678.5530369523831,57.5,91.34823479411084,39.0625,50,50
pickplace_push,config_2,6700000,6700000,pick-place-v3,0,67,1.0,57.54548433065828,19.28835796605307,42.38,6.040306790424554,42.38,50,50
pickplace_push,config_2,6700000,6700000,push-v3,1,67,0.96,271.0733107187528,709.8188524208289,57.34,91.37690727789747,38.895833333333336,50,50
pickplace_push,config_2,6750000,6750000,pick-place-v3,0,67,1.0,58.04551841047419,20.226460491779335,42.34,6.119923969115557,42.34,50,50
pickplace_push,config_2,6750000,6750000,push-v3,1,67,0.96,271.4147302985237,715.1843305556288,57.34,91.38673373111008,38.895833333333336,50,50
pickplace_push,config_2,6800000,6800000,pick-place-v3,0,67,1.0,57.97600169272216,19.554561782940688,42.54,5.887413069681897,42.54,50,50
pickplace_push,config_2,6800000,6800000,push-v3,1,67,0.98,197.16860331812768,481.75262898493304,48.16,65.35378133431819,38.93877551020408,50,50
pickplace_push,config_2,6850000,6850000,pick-place-v3,0,67,1.0,56.76663097204057,20.058048908599616,42.0,5.820442510703819,42.0,50,50
pickplace_push,config_2,6850000,6850000,push-v3,1,67,0.96,274.31718655301523,711.8660860342042,57.3,91.39044964171192,38.854166666666664,50,50
pickplace_push,config_2,6900000,6900000,pick-place-v3,0,67,1.0,57.8665587786053,20.35355024145695,42.4,5.84493501299394,42.4,50,50
pickplace_push,config_2,6900000,6900000,push-v3,1,67,0.96,207.96006992544105,514.1796565674366,57.4,91.37275081684217,38.958333333333336,50,50
pickplace_push,config_2,6950000,6950000,pick-place-v3,0,67,1.0,56.56138628535457,20.067616620316272,42.18,5.695289854837263,42.18,50,50
pickplace_push,config_2,6950000,6950000,push-v3,1,67,0.96,272.5103312092696,709.9724112836933,57.18,91.41689434359803,38.729166666666664,50,50
pickplace_push,config_2,7000000,7000000,pick-place-v3,0,67,1.0,57.03057263032931,20.021942960921717,42.18,5.659343006507568,42.18,50,50
pickplace_push,config_2,7000000,7000000,push-v3,1,67,0.98,202.36878708860147,512.5414932237284,48.08,65.3554925630835,38.857142857142854,50,50
pickplace_push,config_2,7050000,7050000,pick-place-v3,0,67,1.0,56.184482152980806,20.750863642433043,41.74,5.756309758935522,41.74,50,50
pickplace_push,config_2,7050000,7050000,push-v3,1,67,0.98,202.5813192590579,517.5804663637568,47.96,65.37644835871706,38.734693877551024,50,50
pickplace_push,config_2,7100000,7100000,pick-place-v3,0,67,1.0,56.92638229175133,19.72071861146225,41.7,5.515284883570273,41.7,50,50
pickplace_push,config_2,7100000,7100000,push-v3,1,67,1.0,130.7240962885915,25.941856220092067,38.92,4.402411213164431,38.92,50,50
pickplace_push,config_2,7150000,7150000,pick-place-v3,0,67,1.0,57.324892610876766,19.03823432742806,41.4,5.3452248382484875,41.4,50,50
pickplace_push,config_2,7150000,7150000,push-v3,1,67,0.98,201.4815709886667,499.9403045620211,48.2,65.33742872073199,38.97959183673469,50,50
pickplace_push,config_2,7200000,7200000,pick-place-v3,0,67,1.0,57.462225984550265,19.456951016049743,41.5,5.391792704790176,41.5,50,50
pickplace_push,config_2,7200000,7200000,push-v3,1,67,1.0,131.41043260985853,25.273819316123085,39.1,4.404311431276571,39.1,50,50
pickplace_push,config_2,7250000,7250000,pick-place-v3,0,67,1.0,56.83583574651682,19.530932342002135,41.32,5.3316153695648,41.32,50,50
pickplace_push,config_2,7250000,7250000,push-v3,1,67,1.0,130.05899025076744,26.11252530568353,38.86,4.398561917124222,38.86,50,50
pickplace_push,config_2,7300000,7300000,pick-place-v3,0,67,1.0,57.03520467921868,19.222800497865364,41.42,5.496158212973933,41.42,50,50
pickplace_push,config_2,7300000,7300000,push-v3,1,67,0.98,203.78499120977057,523.0946945317748,47.94,65.40186916133145,38.714285714285715,50,50
pickplace_push,config_2,7350000,7350000,pick-place-v3,0,67,1.0,56.561238510394304,20.28477223361389,41.34,5.564501187832362,41.34,50,50
pickplace_push,config_2,7350000,7350000,push-v3,1,67,1.0,130.89795361360794,29.06597254107729,39.06,4.652890258226819,39.06,50,50
pickplace_push,config_2,7400000,7400000,pick-place-v3,0,67,1.0,57.16729330761279,20.18186323684335,41.12,5.505618651404573,41.12,50,50
pickplace_push,config_2,7400000,7400000,push-v3,1,67,1.0,127.7669082018888,27.293833785291117,38.6,4.426266681379905,38.6,50,50
pickplace_push,config_2,7450000,7450000,pick-place-v3,0,67,1.0,56.778625335087725,19.568318281536357,40.86,5.462338588658053,40.86,50,50
pickplace_push,config_2,7450000,7450000,push-v3,1,67,0.98,201.66531906065032,519.9843961172973,47.74,65.39481662040444,38.51020408163265,50,50
pickplace_push,config_2,7500000,7500000,pick-place-v3,0,67,1.0,56.31460145171186,20.05069425718467,40.62,5.405552700695831,40.62,50,50
pickplace_push,config_2,7500000,7500000,push-v3,1,67,0.98,199.52804795903583,522.0404687540143,47.24,65.465229905123,38.0,50,50
pickplace_push,config_2,7550000,7550000,pick-place-v3,0,67,1.0,55.5452343488116,20.15415789300869,40.44,5.462898983701094,40.44,50,50
pickplace_push,config_2,7550000,7550000,push-v3,1,67,0.96,267.53608188886625,699.3796897804069,56.52,91.53525918174586,38.041666666666664,50,50
pickplace_push,config_2,7600000,7600000,pick-place-v3,0,67,1.0,54.85237487768056,20.45471089429397,40.28,5.447485845857366,40.28,50,50
pickplace_push,config_2,7600000,7600000,push-v3,1,67,1.0,125.65120026734213,23.758733785864532,37.86,4.030546628243987,37.86,50,50
pickplace_push,config_2,7650000,7650000,pick-place-v3,0,67,1.0,55.31551496766545,21.298695944880198,40.42,5.533165311767479,40.42,50,50
pickplace_push,config_2,7650000,7650000,push-v3,1,67,1.0,127.58999363916722,29.210983737981405,38.06,4.608820292634105,38.06,50,50
pickplace_push,config_2,7700000,7700000,pick-place-v3,0,67,1.0,54.94605522135024,21.097880059696067,40.2,5.499536158548617,40.2,50,50
pickplace_push,config_2,7700000,7700000,push-v3,1,67,1.0,123.12275763716494,24.663504839019737,37.38,4.065233381858855,37.38,50,50
pickplace_push,config_2,7750000,7750000,pick-place-v3,0,67,1.0,55.03633874396282,21.15720993072822,40.22,5.588946817658247,40.22,50,50
pickplace_push,config_2,7750000,7750000,push-v3,1,67,0.98,197.94049979487303,517.7143199845135,46.86,65.51990194605307,37.61224489795919,50,50
pickplace_push,config_2,7800000,7800000,pick-place-v3,0,67,1.0,55.576186916132876,21.297551259210476,40.18,5.516912771705952,40.18,50,50
pickplace_push,config_2,7800000,7800000,push-v3,1,67,1.0,128.43258656173836,25.436351516901244,38.08,4.28495231321547,38.08,50,50
pickplace_push,config_2,7850000,7850000,pick-place-v3,0,67,1.0,55.457690695806384,21.398386818704044,40.0,5.5475679539850296,40.0,50,50
pickplace_push,config_2,7850000,7850000,push-v3,1,67,0.96,273.7315396293963,723.775859104415,56.42,91.56598824935836,37.9375,50,50
pickplace_push,config_2,7900000,7900000,pick-place-v3,0,67,1.0,55.03892775340295,22.248618458856257,39.8,5.707138387268051,39.8,50,50
pickplace_push,config_2,7900000,7900000,push-v3,1,67,1.0,127.38046609216006,25.575326376636802,37.8,4.4400772194057305,37.8,50,50
pickplace_push,config_2,7950000,7950000,pick-place-v3,0,67,1.0,55.51054717033055,22.867588928782418,40.08,5.770579852730113,40.08,50,50
pickplace_push,config_2,7950000,7950000,push-v3,1,67,1.0,128.0799404832347,26.793840127351743,38.0,4.503966505838414,38.0,50,50
pickplace_push,config_2,8000000,8000000,pick-place-v3,0,67,1.0,55.33874413862041,22.454642117097897,40.18,5.808825094594588,40.18,50,50
pickplace_push,config_2,8000000,8000000,push-v3,1,67,1.0,127.38167357812863,26.166783402787853,37.88,4.4932602589992525,37.88,50,50
pickplace_push,config_2,8050000,8050000,pick-place-v3,0,67,1.0,55.17961094735753,22.261535289290105,40.14,5.774716178200927,40.14,50,50
pickplace_push,config_2,8050000,8050000,push-v3,1,67,1.0,144.72855914529083,118.4293604083437,39.94,14.71832122192734,39.94,50,50
pickplace_push,config_2,8100000,8100000,pick-place-v3,0,67,1.0,55.09792786754738,22.2291758823897,40.14,5.827485893310658,40.14,50,50
pickplace_push,config_2,8100000,8100000,push-v3,1,67,1.0,130.89447424274616,27.615194737282305,38.16,4.756778192801321,38.16,50,50
pickplace_push,config_2,8150000,8150000,pick-place-v3,0,67,1.0,55.214379256847536,22.480233055987974,40.44,5.9493096838444774,40.44,50,50
pickplace_push,config_2,8150000,8150000,push-v3,1,67,0.98,200.4717004542082,516.7620204796144,47.0,65.52581669129523,37.755102040816325,50,50
pickplace_push,config_2,8200000,8200000,pick-place-v3,0,67,1.0,54.79443780321175,22.82817922067823,40.2,5.993193418115152,40.2,50,50
pickplace_push,config_2,8200000,8200000,push-v3,1,67,0.98,202.01332229433945,522.2458789190003,46.96,65.535769949373,37.714285714285715,50,50
pickplace_push,config_2,8250000,8250000,pick-place-v3,0,67,1.0,55.21415158187031,22.59771443169466,40.3,6.105367327530886,40.3,50,50
pickplace_push,config_2,8250000,8250000,push-v3,1,67,1.0,128.08118835904332,24.88469727557988,37.62,4.398005113638663,37.62,50,50
pickplace_push,config_2,8300000,8300000,pick-place-v3,0,67,1.0,55.22552203254596,22.239827206745893,40.52,5.997414408879608,40.52,50,50
pickplace_push,config_2,8300000,8300000,push-v3,1,67,0.98,203.51733964087197,523.8143357198293,47.04,65.51770597264809,37.795918367346935,50,50
pickplace_push,config_2,8350000,8350000,pick-place-v3,0,67,1.0,56.00964838133438,22.581494219836166,40.52,5.925524173834236,40.52,50,50
pickplace_push,config_2,8350000,8350000,push-v3,1,67,1.0,128.05496682200368,26.6651504926864,37.72,4.508676442738614,37.72,50,50
pickplace_push,config_2,8400000,8400000,pick-place-v3,0,67,1.0,55.22921208019775,22.225714941130207,40.42,5.9661972984541505,40.42,50,50
pickplace_push,config_2,8400000,8400000,push-v3,1,67,0.98,201.93535767126022,513.1202730319005,47.22,65.50877492242344,37.97959183673469,50,50
pickplace_push,config_2,8450000,8450000,pick-place-v3,0,67,1.0,55.4135414763531,22.237626848798083,40.4,5.799366608624126,40.4,50,50
pickplace_push,config_2,8450000,8450000,push-v3,1,67,1.0,128.40788964513797,25.269847494603862,38.16,4.348868020672103,38.16,50,50
pickplace_push,config_2,8500000,8500000,pick-place-v3,0,67,1.0,55.70168097563634,22.074953569000666,40.5,5.693712966679894,40.5,50,50
pickplace_push,config_2,8500000,8500000,push-v3,1,67,1.0,130.2268696610902,28.179942812572417,38.36,4.741307836451879,38.36,50,50
pickplace_push,config_2,8550000,8550000,pick-place-v3,0,67,1.0,55.86453488097365,21.607111739069676,40.44,5.650212204792283,40.44,50,50
pickplace_push,config_2,8550000,8550000,push-v3,1,67,1.0,202.58148549644747,509.65672917975,47.38,63.592417081001734,47.38,50,50
pickplace_push,config_2,8600000,8600000,pick-place-v3,0,67,1.0,55.99661135230535,20.9939601914647,40.46,5.5003153898440305,40.46,50,50
pickplace_push,config_2,8600000,8600000,push-v3,1,67,1.0,130.04495608729627,26.293372992569772,38.34,4.479477010289737,38.34,50,50
pickplace_push,config_2,8650000,8650000,pick-place-v3,0,67,1.0,56.0368736191653,21.802182808569974,40.64,5.738377783994075,40.64,50,50
pickplace_push,config_2,8650000,8650000,push-v3,1,67,1.0,162.69941919655415,254.53797918548926,42.4,31.822210187610946,42.4,50,50
pickplace_push,config_2,8700000,8700000,pick-place-v3,0,67,1.0,55.529923116659326,20.65033828991658,40.44,5.522347918287316,40.44,50,50
pickplace_push,config_2,8700000,8700000,push-v3,1,67,1.0,127.76686078971925,23.617965973299455,38.1,4.1906114696778936,38.1,50,50
pickplace_push,config_2,8750000,8750000,pick-place-v3,0,67,1.0,55.31443244599446,20.773546263476483,40.4,5.707138387268052,40.4,50,50
pickplace_push,config_2,8750000,8750000,push-v3,1,67,1.0,130.80474946629505,30.688812064761336,38.66,4.93057930114687,38.66,50,50
pickplace_push,config_2,8800000,8800000,pick-place-v3,0,67,1.0,55.81260853273735,20.907264343019317,40.46,5.761271118248054,40.46,50,50
pickplace_push,config_2,8800000,8800000,push-v3,1,67,1.0,129.28558709994542,23.96785817948633,38.38,4.323122454326508,38.38,50,50
pickplace_push,config_2,8850000,8850000,pick-place-v3,0,67,1.0,56.02420639019841,20.582063766852464,40.44,5.653822979693855,40.44,50,50
pickplace_push,config_2,8850000,8850000,push-v3,1,67,0.98,204.9639457024719,523.6729667595358,47.86,65.43481255323921,38.63265306122449,50,50
pickplace_push,config_2,8900000,8900000,pick-place-v3,0,67,1.0,56.193471301583585,21.213909410168714,40.62,5.889769753997354,40.62,50,50
pickplace_push,config_2,8900000,8900000,push-v3,1,67,0.98,202.39193763916504,523.910651242636,47.46,65.47135531930692,38.224489795918366,50,50
pickplace_push,config_2,8950000,8950000,pick-place-v3,0,67,1.0,57.595597564914634,20.493451437268483,40.94,5.776129627128164,40.94,50,50
pickplace_push,config_2,8950000,8950000,push-v3,1,67,1.0,130.70653782219452,22.933258149250204,38.54,4.329349293614739,38.54,50,50
pickplace_push,config_2,9000000,9000000,pick-place-v3,0,67,1.0,57.251222572736296,20.30221814161704,41.04,5.760385474629846,41.04,50,50
pickplace_push,config_2,9000000,9000000,push-v3,1,67,1.0,130.32179981146135,22.930330287991623,38.16,4.253977730385085,38.16,50,50
pickplace_push,config_2,9050000,9050000,pick-place-v3,0,67,1.0,57.85093195007207,20.46537408832997,40.7,5.718748257499456,40.7,50,50
pickplace_push,config_2,9050000,9050000,push-v3,1,67,1.0,131.264571999818,24.2942125797127,38.1,4.40431143127657,38.1,50,50
pickplace_push,config_2,9100000,9100000,pick-place-v3,0,67,1.0,57.26484856460174,20.09085971066641,40.66,5.655447076284337,40.66,50,50
pickplace_push,config_2,9100000,9100000,push-v3,1,67,1.0,129.79852347284688,23.661428202283574,37.9,4.210046293797536,37.9,50,50
pickplace_push,config_2,9150000,9150000,pick-place-v3,0,67,1.0,56.63232038176193,19.52650349823587,40.72,5.555067552262894,40.72,50,50
pickplace_push,config_2,9150000,9150000,push-v3,1,67,1.0,132.45393587862006,31.32391268395164,38.2,5.0588374884645075,38.2,50,50
pickplace_push,config_2,9200000,9200000,pick-place-v3,0,67,1.0,56.81715910138112,19.21432945466021,40.8,5.547567953985028,40.8,50,50
pickplace_push,config_2,9200000,9200000,push-v3,1,67,1.0,131.2946231631526,25.021702161680256,38.06,4.391132065461768,38.06,50,50
pickplace_push,config_2,9250000,9250000,pick-place-v3,0,67,1.0,56.806175304804775,20.71815343920266,41.0,5.799366608624126,41.0,50,50
pickplace_push,config_2,9250000,9250000,push-v3,1,67,1.0,134.08634114672574,31.32366865101567,38.38,5.017886375105497,38.38,50,50
pickplace_push,config_2,9300000,9300000,pick-place-v3,0,67,1.0,57.002293161265676,18.9526684359862,41.0,5.646020812962715,41.0,50,50
pickplace_push,config_2,9300000,9300000,push-v3,1,67,1.0,131.82773616690275,25.710543429609608,38.1,4.432026302139592,38.1,50,50
pickplace_push,config_2,9350000,9350000,pick-place-v3,0,67,1.0,56.92837469445485,20.02689937130496,41.08,5.735104931161119,41.08,50,50
pickplace_push,config_2,9350000,9350000,push-v3,1,67,1.0,198.74352210942604,470.9454228871417,46.28,58.70891181524839,46.28,50,50
pickplace_push,config_2,9400000,9400000,pick-place-v3,0,67,1.0,57.480190948622,20.29983502721627,41.22,5.636216707642656,41.22,50,50
pickplace_push,config_2,9400000,9400000,push-v3,1,67,1.0,133.47598747170244,24.72953729465884,38.26,4.42077655012357,38.26,50,50
pickplace_push,config_2,9450000,9450000,pick-place-v3,0,67,1.0,57.525930322646865,20.003891677503418,40.92,5.638207849583239,40.92,50,50
pickplace_push,config_2,9450000,9450000,push-v3,1,67,1.0,133.2677196815377,25.04216481520222,38.0,4.328359259298033,38.0,50,50
pickplace_push,config_2,9500000,9500000,pick-place-v3,0,67,1.0,56.741469361901856,19.739835632218593,40.86,5.547604741448956,40.86,50,50
pickplace_push,config_2,9500000,9500000,push-v3,1,67,1.0,134.35173304120485,26.094151852670755,38.24,4.511029567083553,38.24,50,50
pickplace_push,config_2,9550000,9550000,pick-place-v3,0,67,1.0,56.86817631443455,20.093835047828087,40.66,5.651837338965308,40.66,50,50
pickplace_push,config_2,9550000,9550000,push-v3,1,67,1.0,176.61291838611731,305.6037187995676,43.56,38.119661218701445,43.56,50,50
pickplace_push,config_2,9600000,9600000,pick-place-v3,0,67,1.0,56.46464151790783,20.620943952383534,40.54,5.725738522902794,40.54,50,50
pickplace_push,config_2,9600000,9600000,push-v3,1,67,1.0,183.4035735607988,368.4886878703544,44.54,46.00940897561839,44.54,50,50
pickplace_push,config_2,9650000,9650000,pick-place-v3,0,67,1.0,56.58252721438773,20.221946836228664,40.62,5.616629826884171,40.62,50,50
pickplace_push,config_2,9650000,9650000,push-v3,1,67,1.0,131.4441488691872,26.12906146600847,38.0,4.458424724093495,38.0,50,50
pickplace_push,config_2,9700000,9700000,pick-place-v3,0,67,1.0,56.84371125017852,21.182356773915437,40.58,5.792641355854083,40.58,50,50
pickplace_push,config_2,9700000,9700000,push-v3,1,67,1.0,131.49937318926993,25.067384973544662,37.84,4.3016845300322,37.84,50,50
pickplace_push,config_2,9750000,9750000,pick-place-v3,0,67,1.0,56.40167958796968,20.4024949485796,40.74,5.816268528174808,40.74,50,50
pickplace_push,config_2,9750000,9750000,push-v3,1,67,1.0,133.42213207582788,25.198044200918094,37.72,4.333260072640789,37.72,50,50
pickplace_push,config_2,9800000,9800000,pick-place-v3,0,67,1.0,56.45883929260705,21.58206822683515,40.62,5.872419103099589,40.62,50,50
pickplace_push,config_2,9800000,9800000,push-v3,1,67,1.0,132.98376715632324,25.042820055421828,37.84,4.339472365180272,37.84,50,50
pickplace_push,config_2,9850000,9850000,pick-place-v3,0,67,1.0,56.77365497539644,20.66845295956694,40.78,5.733147442010954,40.78,50,50
pickplace_push,config_2,9850000,9850000,push-v3,1,67,1.0,133.35860699246155,24.793912173823237,37.98,4.349478035773196,37.98,50,50
pickplace_push,config_2,9900000,9900000,pick-place-v3,0,67,1.0,57.13968863443376,20.85119922354472,40.66,5.815566724450045,40.66,50,50
pickplace_push,config_2,9900000,9900000,push-v3,1,67,1.0,131.45662125202563,24.495292819838568,37.96,4.27598896545034,37.96,50,50
pickplace_push,config_2,9950000,9950000,pick-place-v3,0,67,1.0,56.08019608738928,20.65714809875619,40.68,5.7372396121607965,40.68,50,50
pickplace_push,config_2,9950000,9950000,push-v3,1,67,1.0,131.5795438468948,24.65558422300829,38.0,4.328359259298033,38.0,50,50
pickplace_push,config_2,10000000,10000000,pick-place-v3,0,67,1.0,56.00155524776958,20.494179731223944,40.7,5.747226482826126,40.7,50,50
pickplace_push,config_2,10000000,10000000,push-v3,1,67,1.0,130.33473925681596,24.383197992725826,37.76,4.368533121386751,37.76,50,50
pickplace_push,config_2,10000000,final,pick-place-v3,0,67,1.0,56.38596202818063,20.36681902115901,40.74,5.738555602951256,40.74,50,50
pickplace_push,config_2,10000000,final,push-v3,1,67,1.0,129.93655554050082,24.460140414098056,37.78,4.381268104565348,37.78,50,50
pickplace_push,config_3,50000,50000,pick-place-v3,0,67,0.0,3.1691025602303813,1.1308709312255263,500.0,0.0,,50,50
pickplace_push,config_3,50000,50000,push-v3,1,67,0.0,87.66884709707537,61.81272666203783,500.0,0.0,,50,50
pickplace_push,config_3,100000,100000,pick-place-v3,0,67,0.0,2.282643749190932,0.8742962246461033,500.0,0.0,,50,50
pickplace_push,config_3,100000,100000,push-v3,1,67,0.0,194.54419961760377,71.11424402124909,500.0,0.0,,50,50
pickplace_push,config_3,150000,150000,pick-place-v3,0,67,0.0,5.409427156023153,2.9891124552408943,500.0,0.0,,50,50
pickplace_push,config_3,150000,150000,push-v3,1,67,0.0,255.00735729636475,68.05335218710869,500.0,0.0,,50,50
pickplace_push,config_3,200000,200000,pick-place-v3,0,67,0.0,16.630015894978584,11.786959620799855,500.0,0.0,,50,50
pickplace_push,config_3,200000,200000,push-v3,1,67,0.0,210.86063014465574,98.34984411841975,500.0,0.0,,50,50
pickplace_push,config_3,250000,250000,pick-place-v3,0,67,0.0,23.079888080824734,14.031002479512434,500.0,0.0,,50,50
pickplace_push,config_3,250000,250000,push-v3,1,67,0.0,261.1095700997974,137.41563522169204,500.0,0.0,,50,50
pickplace_push,config_3,300000,300000,pick-place-v3,0,67,0.0,24.850098991686572,14.41592600824481,500.0,0.0,,50,50
pickplace_push,config_3,300000,300000,push-v3,1,67,0.0,472.4646735037531,361.994380544488,500.0,0.0,,50,50
pickplace_push,config_3,350000,350000,pick-place-v3,0,67,0.0,31.55529674734925,15.888293235513578,500.0,0.0,,50,50
pickplace_push,config_3,350000,350000,push-v3,1,67,0.0,849.1803266797489,602.1364235997058,500.0,0.0,,50,50
pickplace_push,config_3,400000,400000,pick-place-v3,0,67,0.0,39.147502899086845,15.004818110163486,500.0,0.0,,50,50
pickplace_push,config_3,400000,400000,push-v3,1,67,0.0,453.6555026686308,284.9660271013697,500.0,0.0,,50,50
pickplace_push,config_3,450000,450000,pick-place-v3,0,67,0.0,43.84128532025457,16.49456462532609,500.0,0.0,,50,50
pickplace_push,config_3,450000,450000,push-v3,1,67,0.0,987.7711618176385,642.0171357095506,500.0,0.0,,50,50
pickplace_push,config_3,500000,500000,pick-place-v3,0,67,0.0,45.13648788262464,18.751048748039146,500.0,0.0,,50,50
pickplace_push,config_3,500000,500000,push-v3,1,67,0.0,1066.44291057094,649.349895633669,500.0,0.0,,50,50
pickplace_push,config_3,550000,550000,pick-place-v3,0,67,0.0,46.249877063593374,20.40170671838193,500.0,0.0,,50,50
pickplace_push,config_3,550000,550000,push-v3,1,67,0.0,1418.3121774630254,631.4552415741035,500.0,0.0,,50,50
pickplace_push,config_3,600000,600000,pick-place-v3,0,67,0.0,51.8400082449418,21.414397759880845,500.0,0.0,,50,50
pickplace_push,config_3,600000,600000,push-v3,1,67,0.0,1125.5478197991613,572.651615837583,500.0,0.0,,50,50
pickplace_push,config_3,650000,650000,pick-place-v3,0,67,0.0,52.4975417888931,23.371535831974523,500.0,0.0,,50,50
pickplace_push,config_3,650000,650000,push-v3,1,67,0.0,1409.661780378596,628.0741487066748,500.0,0.0,,50,50
pickplace_push,config_3,700000,700000,pick-place-v3,0,67,0.0,59.41169642232862,28.71299339494306,500.0,0.0,,50,50
pickplace_push,config_3,700000,700000,push-v3,1,67,0.0,2107.2080293535128,163.27105610259653,500.0,0.0,,50,50
pickplace_push,config_3,750000,750000,pick-place-v3,0,67,0.0,62.435765398093345,35.80683612006936,500.0,0.0,,50,50
pickplace_push,config_3,750000,750000,push-v3,1,67,0.0,2379.7097959913253,311.2078070784352,500.0,0.0,,50,50
pickplace_push,config_3,800000,800000,pick-place-v3,0,67,0.0,63.29430394460321,37.263438679845756,500.0,0.0,,50,50
pickplace_push,config_3,800000,800000,push-v3,1,67,0.0,2663.9402819686507,750.1934906529581,500.0,0.0,,50,50
pickplace_push,config_3,850000,850000,pick-place-v3,0,67,0.02,68.66625201560372,47.843350802288384,491.22,62.08397538817888,61.0,50,50
pickplace_push,config_3,850000,850000,push-v3,1,67,0.34,2501.5373141558193,1397.5369124156364,370.4,194.53125240758956,118.82352941176471,50,50
pickplace_push,config_3,900000,900000,pick-place-v3,0,67,0.02,76.69828318010818,65.23115441873449,490.76,65.33666658163699,38.0,50,50
pickplace_push,config_3,900000,900000,push-v3,1,67,0.46,1998.839849069024,1637.0726099552571,295.94,224.38545643874627,56.391304347826086,50,50
pickplace_push,config_3,950000,950000,pick-place-v3,0,67,0.02,155.19708476528368,396.8808312484973,490.94,64.06387437550121,47.0,50,50
pickplace_push,config_3,950000,950000,push-v3,1,67,0.48,1864.997248226017,1577.8090167865898,288.36,224.34801318578275,59.083333333333336,50,50
pickplace_push,config_3,1000000,1000000,pick-place-v3,0,67,0.06,133.10239209552321,301.32076566401184,477.22,92.40025841469297,120.33333333333333,50,50
pickplace_push,config_3,1000000,1000000,push-v3,1,67,0.48,1915.7668644956398,1614.8645655752823,296.48,224.5778116141213,76.0,50,50
pickplace_push,config_3,1050000,1050000,pick-place-v3,0,67,0.12,203.43970501470318,541.9325901617325,453.86,126.92549799317837,115.5,50,50
pickplace_push,config_3,1050000,1050000,push-v3,1,67,0.5,1761.4299028048645,1643.2834146867385,302.38,217.22234353448135,104.76,50,50
pickplace_push,config_3,1100000,1100000,pick-place-v3,0,67,0.12,146.99338835271269,359.4517734886325,449.5,138.3674861536835,79.16666666666667,50,50
pickplace_push,config_3,1100000,1100000,push-v3,1,67,0.42,1957.2481627670234,1684.279670727674,326.9,216.27073452560546,87.85714285714286,50,50
pickplace_push,config_3,1150000,1150000,pick-place-v3,0,67,0.18,242.418623727418,558.0994997827497,425.2,162.17060807202077,84.44444444444444,50,50
pickplace_push,config_3,1150000,1150000,push-v3,1,67,0.46,1013.3013776929362,1426.5960458425664,306.14,216.93514595615991,78.56521739130434,50,50
pickplace_push,config_3,1200000,1200000,pick-place-v3,0,67,0.14,233.16035069145698,521.9395022467245,443.54,141.70149855903975,96.71428571428571,50,50
pickplace_push,config_3,1200000,1200000,push-v3,1,67,0.48,1854.9467982015935,1701.0056075200102,295.86,224.1231449039404,74.70833333333333,50,50
pickplace_push,config_3,1250000,1250000,pick-place-v3,0,67,0.16,207.0479683137979,526.5653067460645,434.04,153.22118998762699,87.75,50,50
pickplace_push,config_3,1250000,1250000,push-v3,1,67,0.56,1639.2852261270225,1738.3559630809805,261.06,227.4653963367005,73.32142857142857,50,50
pickplace_push,config_3,1300000,1300000,pick-place-v3,0,67,0.14,145.5225468167325,403.772392287142,450.86,126.95845536140986,149.0,50,50
pickplace_push,config_3,1300000,1300000,push-v3,1,67,0.52,1711.0159560437876,1651.2874990341497,262.52,230.81234006554027,43.30769230769231,50,50
pickplace_push,config_3,1350000,1350000,pick-place-v3,0,67,0.14,215.0918718405514,563.2900317268654,445.82,139.91888174720293,113.0,50,50
pickplace_push,config_3,1350000,1350000,push-v3,1,67,0.72,1333.624944691009,1656.0358148512369,191.9,210.711259058166,72.08333333333333,50,50
pickplace_push,config_3,1400000,1400000,pick-place-v3,0,67,0.08,172.79765794412916,515.8498914931279,463.26,125.85719312468594,40.75,50,50
pickplace_push,config_3,1400000,1400000,push-v3,1,67,0.92,504.5985822077914,1002.962468574222,87.54,130.68488506202036,51.67391304347826,50,50
pickplace_push,config_3,1450000,1450000,pick-place-v3,0,67,0.12,212.80541490967298,561.3447263948873,456.0,127.46444081966307,133.33333333333334,50,50
pickplace_push,config_3,1450000,1450000,push-v3,1,67,0.98,278.767135777304,653.4623536011563,58.08,81.63528648813575,49.06122448979592,50,50
pickplace_push,config_3,1500000,1500000,pick-place-v3,0,67,0.12,213.08698234261178,583.4505808997528,459.38,123.16636997929895,161.5,50,50
pickplace_push,config_3,1500000,1500000,push-v3,1,67,0.86,518.3104385823183,1022.8858542176384,116.66,164.03665717747108,54.25581395348837,50,50
pickplace_push,config_3,1550000,1550000,pick-place-v3,0,67,0.22,104.03464194626245,329.18852575197957,399.08,191.9653285021511,41.27272727272727,50,50
pickplace_push,config_3,1550000,1550000,push-v3,1,67,0.84,454.1951653312296,1010.35235278053,118.32,171.54132482422122,45.61904761904762,50,50
pickplace_push,config_3,1600000,1600000,pick-place-v3,0,67,0.2,78.21344806726722,324.38069494672976,409.78,182.47966506782424,48.9,50,50
pickplace_push,config_3,1600000,1600000,push-v3,1,67,0.9,115.13263003623732,57.959634625718145,84.34,140.11607578674744,38.15555555555556,50,50
pickplace_push,config_3,1650000,1650000,pick-place-v3,0,67,0.14,145.52014881043021,485.6317230382126,436.28,159.54847513645294,44.857142857142854,50,50
pickplace_push,config_3,1650000,1650000,push-v3,1,67,0.88,268.1116967487142,696.123731427686,94.2,151.55641503669685,38.86363636363637,50,50
pickplace_push,config_3,1700000,1700000,pick-place-v3,0,67,0.14,352.50960759029795,838.8547243471226,435.76,160.84300369221754,41.142857142857146,50,50
pickplace_push,config_3,1700000,1700000,push-v3,1,67,0.88,344.5937571786139,882.856295623435,93.74,151.61751150813143,38.34090909090909,50,50
pickplace_push,config_3,1750000,1750000,pick-place-v3,0,67,0.24,291.5799359197574,674.9464446062937,389.8,198.1100498125592,40.833333333333336,50,50
pickplace_push,config_3,1750000,1750000,push-v3,1,67,0.9,270.854641029903,699.2030137081595,85.16,139.7815146460171,39.06666666666667,50,50
pickplace_push,config_3,1800000,1800000,pick-place-v3,0,67,0.34,326.93697379497,735.558886001191,344.6,218.7430698610699,42.94117647058823,50,50
pickplace_push,config_3,1800000,1800000,push-v3,1,67,0.8,280.95299802796285,740.1757218823777,134.22,186.97389209868481,42.775,50,50
pickplace_push,config_3,1850000,1850000,pick-place-v3,0,67,0.48,267.1756914227643,696.0347954096475,285.9,226.79571406525162,53.958333333333336,50,50
pickplace_push,config_3,1850000,1850000,push-v3,1,67,0.86,120.97237798816383,59.9026849729423,103.22,161.90792167785,38.627906976744185,50,50
pickplace_push,config_3,1900000,1900000,pick-place-v3,0,67,0.5,360.22042097295594,800.0744369225849,271.1,231.26371994600728,42.2,50,50
pickplace_push,config_3,1900000,1900000,push-v3,1,67,0.82,178.0120675399351,505.4113149143826,120.94,179.48445558297905,37.73170731707317,50,50
pickplace_push,config_3,1950000,1950000,pick-place-v3,0,67,0.62,295.02166228089374,691.7067940254877,215.6,225.17013975377532,41.29032258064516,50,50
pickplace_push,config_3,1950000,1950000,push-v3,1,67,1.0,108.65576702241755,31.856301330177228,37.1,4.185738663995315,37.1,50,50
pickplace_push,config_3,2000000,2000000,pick-place-v3,0,67,0.68,505.8142997613813,930.0514319221144,187.76,216.51229498010278,40.8235294117647,50,50
pickplace_push,config_3,2000000,2000000,push-v3,1,67,0.9,175.13426917168533,285.9774762592512,90.04,142.90241568344206,44.48888888888889,50,50
pickplace_push,config_3,2050000,2050000,pick-place-v3,0,67,0.72,477.6582724972684,846.4797823945879,169.02,208.5538632525205,40.30555555555556,50,50
pickplace_push,config_3,2050000,2050000,push-v3,1,67,0.96,126.10081726447865,67.81407105138545,56.46,91.88484585588192,37.979166666666664,50,50
pickplace_push,config_3,2100000,2100000,pick-place-v3,0,67,0.68,423.9955607476194,807.8231057753289,188.12,216.21924247468476,41.35294117647059,50,50
pickplace_push,config_3,2100000,2100000,push-v3,1,67,0.9,354.75206710885453,880.1481303524951,84.82,140.16399869657062,38.68888888888889,50,50
pickplace_push,config_3,2150000,2150000,pick-place-v3,0,67,0.74,471.5782025515039,906.5768193912467,159.74,203.8017053462527,40.189189189189186,50,50
pickplace_push,config_3,2150000,2150000,push-v3,1,67,1.0,111.632233413739,32.98570652572813,36.9,4.459568936796562,36.9,50,50
pickplace_push,config_3,2200000,2200000,pick-place-v3,0,67,0.78,476.14620230261085,958.127110198561,141.74,192.31360549150665,40.69230769230769,50,50
pickplace_push,config_3,2200000,2200000,push-v3,1,67,1.0,110.50757089331972,41.528026236845676,37.34,4.551788166226992,37.34,50,50
pickplace_push,config_3,2250000,2250000,pick-place-v3,0,67,0.8,377.1613545037793,827.7041280710429,131.84,186.012327877614,39.8,50,50
pickplace_push,config_3,2250000,2250000,push-v3,1,67,0.94,336.82974762977113,892.7715968924571,65.42,111.03926314229429,37.680851063829785,50,50
pickplace_push,config_3,2300000,2300000,pick-place-v3,0,67,0.88,286.05290466925584,738.0153119713433,98.68,150.9509232316576,43.95454545454545,50,50
pickplace_push,config_3,2300000,2300000,push-v3,1,67,1.0,118.13336918817586,30.016807448128013,37.08,4.543845355229962,37.08,50,50
pickplace_push,config_3,2350000,2350000,pick-place-v3,0,67,0.74,283.63917822492874,659.5030943783163,159.46,203.9789114750116,39.810810810810814,50,50
pickplace_push,config_3,2350000,2350000,push-v3,1,67,0.92,211.76098433917937,520.5605090484557,75.8,126.65105524992032,38.91304347826087,50,50
pickplace_push,config_3,2400000,2400000,pick-place-v3,0,67,0.82,104.95890408085312,385.6315526231969,124.0,178.07450859751066,41.46341463414634,50,50
pickplace_push,config_3,2400000,2400000,push-v3,1,67,0.86,190.55881812311222,526.9159734399707,101.16,162.60837641902907,36.23255813953488,50,50
pickplace_push,config_3,2450000,2450000,pick-place-v3,0,67,0.96,70.69535179328255,109.8374865391998,61.84,91.0983680043788,43.583333333333336,50,50
pickplace_push,config_3,2450000,2450000,push-v3,1,67,0.94,230.6927695044434,572.8736202373509,64.64,111.19182909343138,36.851063829787236,50,50
pickplace_push,config_3,2500000,2500000,pick-place-v3,0,67,0.98,53.51760171192636,28.947131736077083,54.56,69.43243963357033,45.46938775510204,50,50
pickplace_push,config_3,2500000,2500000,push-v3,1,67,0.98,128.13349628805017,54.583317664818935,47.12,65.77594622687549,37.87755102040816,50,50
pickplace_push,config_3,2550000,2550000,pick-place-v3,0,67,0.96,52.0383545478146,25.10908145992179,60.66,90.88490366549175,42.354166666666664,50,50
pickplace_push,config_3,2550000,2550000,push-v3,1,67,0.94,115.4976879426664,31.236134658023634,64.88,111.12057066308559,37.1063829787234,50,50
pickplace_push,config_3,2600000,2600000,pick-place-v3,0,67,0.98,53.4148437861867,28.319260748866274,51.6,65.26085803785247,42.44897959183673,50,50
pickplace_push,config_3,2600000,2600000,push-v3,1,67,0.94,125.85838523009319,29.751947648541915,64.94,111.0972014195916,37.170212765957444,50,50
pickplace_push,config_3,2650000,2650000,pick-place-v3,0,67,1.0,56.80787422862149,27.247242236124684,43.48,14.557752685950744,43.48,50,50
pickplace_push,config_3,2650000,2650000,push-v3,1,67,0.94,108.92866777638714,37.01882676326838,64.22,111.29246082612558,36.40425531914894,50,50
pickplace_push,config_3,2700000,2700000,pick-place-v3,0,67,1.0,58.60107482228025,24.376842181964932,43.64,11.710382625025101,43.64,50,50
pickplace_push,config_3,2700000,2700000,push-v3,1,67,0.98,120.11976465739386,31.35221535047687,45.98,65.65291855116354,36.714285714285715,50,50
pickplace_push,config_3,2750000,2750000,pick-place-v3,0,67,0.94,53.2763914905974,28.699304240539036,70.1,110.38582613834485,42.659574468085104,50,50
pickplace_push,config_3,2750000,2750000,push-v3,1,67,0.98,123.08461190385569,27.909662004371157,48.36,67.51893460809526,39.142857142857146,50,50
pickplace_push,config_3,2800000,2800000,pick-place-v3,0,67,0.92,55.001410309509446,27.69819746575539,79.88,125.49975851672026,43.34782608695652,50,50
pickplace_push,config_3,2800000,2800000,push-v3,1,67,0.96,125.63366553080994,42.8350795495286,57.06,92.23581357651945,38.604166666666664,50,50
pickplace_push,config_3,2850000,2850000,pick-place-v3,0,67,0.92,53.33227640033461,27.832760055206908,87.0,135.0507085414624,51.08695652173913,50,50
pickplace_push,config_3,2850000,2850000,push-v3,1,67,0.9,132.38432887570735,57.01100007924007,91.48,149.02872480272566,46.08888888888889,50,50
pickplace_push,config_3,2900000,2900000,pick-place-v3,0,67,0.9,56.586909285256276,28.496933947836723,91.52,139.79303068669566,46.13333333333333,50,50
pickplace_push,config_3,2900000,2900000,push-v3,1,67,0.92,142.32745949358278,67.76679800078742,74.24,126.89149470540345,37.21739130434783,50,50
pickplace_push,config_3,2950000,2950000,pick-place-v3,0,67,0.96,55.59138231108129,23.690523225474195,61.16,90.8012766250271,42.875,50,50
pickplace_push,config_3,2950000,2950000,push-v3,1,67,0.94,149.13060340623787,70.22583020400893,69.88,112.31817778625368,42.42553191489362,50,50
pickplace_push,config_3,3000000,3000000,pick-place-v3,0,67,0.84,44.91386387552782,23.991699149431817,114.5,170.05716325844733,41.07142857142857,50,50
pickplace_push,config_3,3000000,3000000,push-v3,1,67,0.88,147.26328130715683,70.4696817911663,95.56,151.74524300784586,40.40909090909091,50,50
pickplace_push,config_3,3050000,3050000,pick-place-v3,0,67,0.88,51.79169226461555,29.93561063624385,98.76,149.92549986644727,44.04545454545455,50,50
pickplace_push,config_3,3050000,3050000,push-v3,1,67,0.94,138.72364756091866,37.15830222244619,65.38,111.00503573795052,37.638297872340424,50,50
pickplace_push,config_3,3100000,3100000,pick-place-v3,0,67,0.88,49.62550232662325,32.64949680627717,106.78,151.95115890929412,53.15909090909091,50,50
pickplace_push,config_3,3100000,3100000,push-v3,1,67,0.86,143.44826210546188,63.90545549620394,103.9,161.71141466406465,39.41860465116279,50,50
pickplace_push,config_3,3150000,3150000,pick-place-v3,0,67,0.88,51.08986652583433,41.743587018972995,102.94,149.84936790398712,48.79545454545455,50,50
pickplace_push,config_3,3150000,3150000,push-v3,1,67,0.92,161.52701024418081,169.5099021864152,94.22,141.5359318335807,58.93478260869565,50,50
pickplace_push,config_3,3200000,3200000,pick-place-v3,0,67,0.92,51.52793205827408,28.421534971815355,80.24,125.74732682678243,43.73913043478261,50,50
pickplace_push,config_3,3200000,3200000,push-v3,1,67,1.0,140.54693870207987,41.8239077131944,38.78,5.754465878864902,38.78,50,50
pickplace_push,config_3,3250000,3250000,pick-place-v3,0,67,0.98,51.033057937304356,27.69603609991667,51.44,65.5025034573769,42.285714285714285,50,50
pickplace_push,config_3,3250000,3250000,push-v3,1,67,1.0,133.89405157189154,39.90231608059309,38.86,4.99799959983992,38.86,50,50
pickplace_push,config_3,3300000,3300000,pick-place-v3,0,67,0.96,54.46716973504729,33.65459604571169,63.68,91.30738396946295,45.5,50,50
pickplace_push,config_3,3300000,3300000,push-v3,1,67,0.92,137.21208936655583,49.60142564048812,76.66,126.84292230461861,39.84782608695652,50,50
pickplace_push,config_3,3350000,3350000,pick-place-v3,0,67,0.88,50.127059854803484,32.2681455511333,97.92,150.4839594136741,43.09090909090909,50,50
pickplace_push,config_3,3350000,3350000,push-v3,1,67,0.96,274.6424902104429,687.6174650910074,57.88,91.41755290747965,39.458333333333336,50,50
pickplace_push,config_3,3400000,3400000,pick-place-v3,0,67,0.92,52.0836234989988,28.328732571229455,81.6,125.80207973362809,45.21739130434783,50,50
pickplace_push,config_3,3400000,3400000,push-v3,1,67,1.0,144.68512223633155,35.00887940067916,39.7,4.870779177494948,39.7,50,50
pickplace_push,config_3,3450000,3450000,pick-place-v3,0,67,1.0,58.05673841957944,22.197767008444284,42.72,8.238882428671344,42.72,50,50
pickplace_push,config_3,3450000,3450000,push-v3,1,67,1.0,141.25061797750553,35.92314873485796,40.08,5.001387562569051,40.08,50,50
pickplace_push,config_3,3500000,3500000,pick-place-v3,0,67,0.96,56.41831429022093,23.058547402848383,61.3,90.80664589541622,43.020833333333336,50,50
pickplace_push,config_3,3500000,3500000,push-v3,1,67,0.98,219.17564431769264,509.7841382602395,49.76,65.16652452269759,40.57142857142857,50,50
pickplace_push,config_3,3550000,3550000,pick-place-v3,0,67,1.0,59.29215836499293,19.01715348474993,42.8,8.108951969324787,42.8,50,50
pickplace_push,config_3,3550000,3550000,push-v3,1,67,1.0,139.88627215043275,36.07453537363987,39.32,4.787057380828743,39.32,50,50
pickplace_push,config_3,3600000,3600000,pick-place-v3,0,67,1.0,59.48826520530368,19.146742318998687,42.84,7.019971509913697,42.84,50,50
pickplace_push,config_3,3600000,3600000,push-v3,1,67,1.0,144.93418040339037,48.48325129740532,46.46,53.68244116837381,46.46,50,50
pickplace_push,config_3,3650000,3650000,pick-place-v3,0,67,1.0,57.35593617792831,21.787078198748386,42.3,6.704400017289896,42.3,50,50
pickplace_push,config_3,3650000,3650000,push-v3,1,67,1.0,141.16577115854173,38.33365668089468,39.26,4.906513787917079,39.26,50,50
pickplace_push,config_3,3700000,3700000,pick-place-v3,0,67,1.0,58.0964610863291,21.09916545283825,42.66,7.875588737306162,42.66,50,50
pickplace_push,config_3,3700000,3700000,push-v3,1,67,1.0,135.99350923113846,34.19380210518566,40.4,9.800041649224287,40.4,50,50
pickplace_push,config_3,3750000,3750000,pick-place-v3,0,67,1.0,56.52607526068985,21.29538720630305,42.16,7.060554409635872,42.16,50,50
pickplace_push,config_3,3750000,3750000,push-v3,1,67,1.0,138.6001632889835,32.63218084572887,39.56,4.887134296564097,39.56,50,50
pickplace_push,config_3,3800000,3800000,pick-place-v3,0,67,1.0,59.537997904617285,20.757948120828402,42.18,6.326781430182817,42.18,50,50
pickplace_push,config_3,3800000,3800000,push-v3,1,67,1.0,149.96823055295854,34.81225418152238,40.04,5.018171062880033,40.04,50,50
pickplace_push,config_3,3850000,3850000,pick-place-v3,0,67,0.96,56.78009050133278,20.499316805786425,60.42,90.83761919614851,42.104166666666664,50,50
pickplace_push,config_3,3850000,3850000,push-v3,1,67,1.0,159.56010083808363,41.334150122917755,42.14,10.358886552725874,42.14,50,50
pickplace_push,config_3,3900000,3900000,pick-place-v3,0,67,0.96,57.905450077816184,25.02369412459692,61.88,90.6681862617754,43.625,50,50
pickplace_push,config_3,3900000,3900000,push-v3,1,67,1.0,149.5056135849431,39.30609779485231,43.08,16.791445829982138,43.08,50,50
pickplace_push,config_3,3950000,3950000,pick-place-v3,0,67,0.92,56.93116582879537,21.41887205891198,96.5,139.02242514744717,61.41304347826087,50,50
pickplace_push,config_3,3950000,3950000,push-v3,1,67,1.0,199.9147287049023,324.9886347557742,45.6,40.77213934709307,45.6,50,50
pickplace_push,config_3,4000000,4000000,pick-place-v3,0,67,0.94,56.675567373359534,27.346362571566004,83.42,119.66587667675495,56.829787234042556,50,50
pickplace_push,config_3,4000000,4000000,push-v3,1,67,1.0,151.50786817169418,34.8165870804786,40.86,7.764413850960006,40.86,50,50
pickplace_push,config_3,4050000,4050000,pick-place-v3,0,67,0.9,55.22761517531269,29.414985348786068,101.02,146.65487599483768,56.68888888888889,50,50
pickplace_push,config_3,4050000,4050000,push-v3,1,67,0.98,166.97422361514649,58.528069730926646,50.1,65.1156741530652,40.91836734693877,50,50
pickplace_push,config_3,4100000,4100000,pick-place-v3,0,67,0.96,60.59380163177131,24.192400129646142,69.78,93.3528067634404,51.854166666666664,50,50
pickplace_push,config_3,4100000,4100000,push-v3,1,67,0.98,156.6788192319239,35.44581168390462,49.7,65.18991095097398,40.51020408163265,50,50
pickplace_push,config_3,4150000,4150000,pick-place-v3,0,67,1.0,59.24086122863582,20.01149390712952,43.66,7.523053005968538,43.66,50,50
pickplace_push,config_3,4150000,4150000,push-v3,1,67,1.0,157.980578861769,39.26456279442075,42.06,15.56737824124931,42.06,50,50
pickplace_push,config_3,4200000,4200000,pick-place-v3,0,67,0.98,56.6693533205919,20.127567458997355,55.46,65.61240860740676,46.38775510204081,50,50
pickplace_push,config_3,4200000,4200000,push-v3,1,67,0.98,163.20760328898388,61.27706303347826,55.88,72.34628743841972,46.816326530612244,50,50
pickplace_push,config_3,4250000,4250000,pick-place-v3,0,67,0.98,55.581288037170786,22.035928081082687,58.38,66.60663998278189,49.36734693877551,50,50
pickplace_push,config_3,4250000,4250000,push-v3,1,67,0.96,155.14857430680058,40.21269751729056,59.0,91.45691524941553,40.625,50,50
pickplace_push,config_3,4300000,4300000,pick-place-v3,0,67,0.96,54.74633183811521,20.52551984979903,62.56,91.00351193043853,44.333333333333336,50,50
pickplace_push,config_3,4300000,4300000,push-v3,1,67,0.96,154.3835109338558,58.84487554132841,66.7,108.10959103367928,48.645833333333336,50,50
pickplace_push,config_3,4350000,4350000,pick-place-v3,0,67,0.86,48.38108273900271,24.71384784872491,110.76,160.30157293587072,47.395348837209305,50,50
pickplace_push,config_3,4350000,4350000,push-v3,1,67,0.98,161.27979189940143,49.02510708303335,48.84,65.40778209956117,39.63265306122449,50,50
pickplace_push,config_3,4400000,4400000,pick-place-v3,0,67,0.9,51.879741974873205,22.619063166529944,90.94,138.72604187346207,45.48888888888889,50,50
pickplace_push,config_3,4400000,4400000,push-v3,1,67,0.96,161.65149576141764,61.31598049962552,57.4,91.40691707850075,38.958333333333336,50,50
pickplace_push,config_3,4450000,4450000,pick-place-v3,0,67,1.0,54.30400847916588,20.846667402781534,46.6,23.811333264576646,46.6,50,50
pickplace_push,config_3,4450000,4450000,push-v3,1,67,1.0,151.3647064506771,39.417543157298184,38.84,5.14428551592811,38.84,50,50
pickplace_push,config_3,4500000,4500000,pick-place-v3,0,67,0.92,49.339664423714254,23.098764766880823,83.62,125.26981329294374,47.41304347826087,50,50
pickplace_push,config_3,4500000,4500000,push-v3,1,67,0.96,213.8002149877605,399.8650911697683,60.26,91.1833340482967,41.9375,50,50
pickplace_push,config_3,4550000,4550000,pick-place-v3,0,67,0.86,47.94392051513611,24.596610351467277,119.28,163.63187155244268,57.30232558139535,50,50
pickplace_push,config_3,4550000,4550000,push-v3,1,67,0.98,154.44095212370144,45.61594123870964,50.46,65.58316421591313,41.285714285714285,50,50
pickplace_push,config_3,4600000,4600000,pick-place-v3,0,67,0.94,55.821016796669475,22.548607318367555,69.96,110.3360284932962,42.51063829787234,50,50
pickplace_push,config_3,4600000,4600000,push-v3,1,67,0.96,152.66033643413786,53.27139113018891,60.66,91.41062547089147,42.354166666666664,50,50
pickplace_push,config_3,4650000,4650000,pick-place-v3,0,67,0.98,61.45073237982955,18.64129384096259,53.24,66.85212435377237,44.12244897959184,50,50
pickplace_push,config_3,4650000,4650000,push-v3,1,67,0.98,166.00275002702293,78.16797948790536,54.44,71.07431006362572,45.3469387755102,50,50
pickplace_push,config_3,4700000,4700000,pick-place-v3,0,67,0.98,62.52183578693035,17.394605127706868,50.54,65.05922262815312,41.36734693877551,50,50
pickplace_push,config_3,4700000,4700000,push-v3,1,67,0.96,155.3382494295935,50.59988379696047,58.24,91.2316092733886,39.833333333333336,50,50
pickplace_push,config_3,4750000,4750000,pick-place-v3,0,67,0.9,58.261672643320345,22.999857725683757,94.46,142.68464013555294,49.4,50,50
pickplace_push,config_3,4750000,4750000,push-v3,1,67,0.94,163.3516809387539,58.57541888107679,68.08,110.42345950097406,40.51063829787234,50,50
pickplace_push,config_3,4800000,4800000,pick-place-v3,0,67,0.96,62.49564566259443,20.476747645906396,61.64,91.44257928406465,43.375,50,50
pickplace_push,config_3,4800000,4800000,push-v3,1,67,0.96,167.0204842427263,50.572023949336796,58.86,91.12203299948472,40.479166666666664,50,50
pickplace_push,config_3,4850000,4850000,pick-place-v3,0,67,0.96,62.39147573412756,20.600692018053323,62.02,91.55916788880181,43.770833333333336,50,50
pickplace_push,config_3,4850000,4850000,push-v3,1,67,0.96,167.09339028551457,39.726183303923484,65.08,94.790174294898,46.958333333333336,50,50
pickplace_push,config_3,4900000,4900000,pick-place-v3,0,67,0.98,63.44035536674359,18.39614710038754,58.78,76.32965294279377,49.775510204081634,50,50
pickplace_push,config_3,4900000,4900000,push-v3,1,67,0.92,163.56872451117323,52.31000127948035,76.38,126.2714746335151,39.54347826086956,50,50
pickplace_push,config_3,4950000,4950000,pick-place-v3,0,67,1.0,63.416526955559796,19.763307703625465,42.36,5.992376108737787,42.36,50,50
pickplace_push,config_3,4950000,4950000,push-v3,1,67,0.98,160.48144732363767,43.81270440012605,51.5,67.14688437770329,42.3469387755102,50,50
pickplace_push,config_3,5000000,5000000,pick-place-v3,0,67,1.0,62.10883281910696,21.899050122107752,49.46,35.19984345976324,49.46,50,50
pickplace_push,config_3,5000000,5000000,push-v3,1,67,0.98,161.4847105670844,36.86973961719352,48.98,65.24912697828663,39.775510204081634,50,50
pickplace_push,config_3,5050000,5050000,pick-place-v3,0,67,1.0,60.97505464773377,21.225951450594167,42.18,5.366905390389117,42.18,50,50
pickplace_push,config_3,5050000,5050000,push-v3,1,67,0.98,171.70676412754173,38.69179850352039,49.86,65.12500068549491,40.673469387755105,50,50
pickplace_push,config_3,5100000,5100000,pick-place-v3,0,67,1.0,62.535621564431686,18.673263811980693,43.0,6.147838511814289,43.0,50,50
pickplace_push,config_3,5100000,5100000,push-v3,1,67,1.0,163.3156780379411,43.10039907299981,42.34,6.54220208823186,42.34,50,50
pickplace_push,config_3,5150000,5150000,pick-place-v3,0,67,1.0,59.39265862844131,19.244105888458392,43.92,12.954929721215494,43.92,50,50
pickplace_push,config_3,5150000,5150000,push-v3,1,67,0.94,161.60810388186508,65.44509114004737,68.7,110.3358971689705,41.170212765957444,50,50
pickplace_push,config_3,5200000,5200000,pick-place-v3,0,67,1.0,62.625351345656,17.473940192071005,42.36,4.317784768387889,42.36,50,50
pickplace_push,config_3,5200000,5200000,push-v3,1,67,1.0,159.6406182205641,38.71318408759873,42.48,8.813811054596215,42.48,50,50
pickplace_push,config_3,5250000,5250000,pick-place-v3,0,67,1.0,60.877569963680834,20.35597573206839,42.26,6.143886956868226,42.26,50,50
pickplace_push,config_3,5250000,5250000,push-v3,1,67,1.0,168.96781299258924,35.74094745113766,42.12,7.5556169131829005,42.12,50,50
pickplace_push,config_3,5300000,5300000,pick-place-v3,0,67,1.0,59.81929085742171,20.1363294709357,41.58,5.976450383268773,41.58,50,50
pickplace_push,config_3,5300000,5300000,push-v3,1,67,1.0,161.58624944210456,35.568686083568835,41.1,7.432004701125464,41.1,50,50
pickplace_push,config_3,5350000,5350000,pick-place-v3,0,67,0.98,58.24503557953592,21.20076124524901,50.88,65.11109501365763,41.714285714285715,50,50
pickplace_push,config_3,5350000,5350000,push-v3,1,67,1.0,155.27621102483764,33.84841785463618,40.84,7.848982775636909,40.84,50,50
pickplace_push,config_3,5400000,5400000,pick-place-v3,0,67,1.0,58.33643307644291,20.671401058742262,42.52,10.19451633307368,42.52,50,50
pickplace_push,config_3,5400000,5400000,push-v3,1,67,0.98,155.88178658337154,37.626706572635335,50.52,65.20274189802457,41.3469387755102,50,50
pickplace_push,config_3,5450000,5450000,pick-place-v3,0,67,1.0,59.025438944467616,20.143525837873106,41.84,6.834366936927767,41.84,50,50
pickplace_push,config_3,5450000,5450000,push-v3,1,67,1.0,166.48868231026907,42.794928069550636,48.36,54.96260695477703,48.36,50,50
pickplace_push,config_3,5500000,5500000,pick-place-v3,0,67,0.96,56.199624661979335,22.73711205046507,60.16,90.9407432095769,41.833333333333336,50,50
pickplace_push,config_3,5500000,5500000,push-v3,1,67,0.96,157.41612829849512,43.79152313552365,60.18,91.05833295201488,41.854166666666664,50,50
pickplace_push,config_3,5550000,5550000,pick-place-v3,0,67,1.0,63.03936012069041,18.91503488413725,41.42,5.620988365410628,41.42,50,50
pickplace_push,config_3,5550000,5550000,push-v3,1,67,1.0,169.54190476869445,34.46024014578118,42.76,9.13964229193297,42.76,50,50
pickplace_push,config_3,5600000,5600000,pick-place-v3,0,67,1.0,59.71751565679568,21.242330789277485,41.78,6.569223232434033,41.78,50,50
pickplace_push,config_3,5600000,5600000,push-v3,1,67,0.94,188.78717533936222,164.23222083464503,69.26,110.0913924604351,41.765957446808514,50,50
pickplace_push,config_3,5650000,5650000,pick-place-v3,0,67,1.0,60.82137484942451,17.966974055597916,41.62,6.104163851546795,41.62,50,50
pickplace_push,config_3,5650000,5650000,push-v3,1,67,0.92,182.39283945154108,74.82010284121735,79.38,125.61049124258723,42.80434782608695,50,50
pickplace_push,config_3,5700000,5700000,pick-place-v3,0,67,0.98,58.75237382804417,21.694876593876753,50.52,65.06926921303457,41.3469387755102,50,50
pickplace_push,config_3,5700000,5700000,push-v3,1,67,0.98,173.55836482981485,41.188654073507685,51.62,65.12496308119131,42.46938775510204,50,50
pickplace_push,config_3,5750000,5750000,pick-place-v3,0,67,1.0,59.10184287868399,20.374604034042797,41.26,5.15795403197027,41.26,50,50
pickplace_push,config_3,5750000,5750000,push-v3,1,67,0.98,169.5632110287465,41.49105259072186,53.4,67.09876972016093,44.285714285714285,50,50
pickplace_push,config_3,5800000,5800000,pick-place-v3,0,67,0.98,59.411686498984444,20.560974221635274,51.84,65.38281619096277,42.69387755102041,50,50
pickplace_push,config_3,5800000,5800000,push-v3,1,67,0.96,191.78420947589578,210.83600632079785,60.74,91.02383854613838,42.4375,50,50
pickplace_push,config_3,5850000,5850000,pick-place-v3,0,67,0.96,56.769230487422625,23.494801605594255,59.46,90.99141246764522,41.104166666666664,50,50
pickplace_push,config_3,5850000,5850000,push-v3,1,67,0.94,163.04154300786394,59.146367467188604,77.34,113.62642154652845,50.361702127659576,50,50
pickplace_push,config_3,5900000,5900000,pick-place-v3,0,67,1.0,58.784099012037025,21.024530257499208,41.26,6.895162456833229,41.26,50,50
pickplace_push,config_3,5900000,5900000,push-v3,1,67,0.96,163.6507938775565,42.01210523245974,60.5,91.08176411940012,42.1875,50,50
pickplace_push,config_3,5950000,5950000,pick-place-v3,0,67,0.98,58.60428521126066,21.94766922709858,50.1,65.15703166589316,40.91836734693877,50,50
pickplace_push,config_3,5950000,5950000,push-v3,1,67,0.98,162.9459770727939,42.73348240392178,50.74,65.00480672965026,41.57142857142857,50,50
pickplace_push,config_3,6000000,6000000,pick-place-v3,0,67,1.0,58.95749413918392,20.08090904321843,48.1,45.67375435339965,48.1,50,50
pickplace_push,config_3,6000000,6000000,push-v3,1,67,0.98,173.1492528405565,63.69332043850453,49.18,65.23636459296397,39.97959183673469,50,50
pickplace_push,config_3,6050000,6050000,pick-place-v3,0,67,0.96,57.83658524395816,22.621129855539444,60.92,90.80183401905761,42.625,50,50
pickplace_push,config_3,6050000,6050000,push-v3,1,67,0.96,169.10348487410917,56.315861575563005,59.14,91.05033593276517,40.770833333333336,50,50
pickplace_push,config_3,6100000,6100000,pick-place-v3,0,67,0.94,58.127192695813,22.61629412509978,71.18,110.11472496020333,43.808510638297875,50,50
pickplace_push,config_3,6100000,6100000,push-v3,1,67,1.0,166.37208486787907,46.18381354568611,45.44,30.257507079960792,45.44,50,50
pickplace_push,config_3,6150000,6150000,pick-place-v3,0,67,0.96,56.50254045465753,24.539229922894354,62.46,92.86312288436531,44.229166666666664,50,50
pickplace_push,config_3,6150000,6150000,push-v3,1,67,0.92,176.10220949325114,89.11801973160337,79.16,126.06677207102656,42.56521739130435,50,50
pickplace_push,config_3,6200000,6200000,pick-place-v3,0,67,0.94,58.110555277350386,20.997870440285254,78.32,117.12150328019295,51.40425531914894,50,50
pickplace_push,config_3,6200000,6200000,push-v3,1,67,0.96,166.59239127364418,122.93749557202003,62.18,90.95248591367667,43.9375,50,50
pickplace_push,config_3,6250000,6250000,pick-place-v3,0,67,0.98,57.52736888499717,21.52388969873683,52.66,67.37455766391467,43.53061224489796,50,50
pickplace_push,config_3,6250000,6250000,push-v3,1,67,0.96,182.2433012134445,124.13399719817241,63.64,93.13688850289125,45.458333333333336,50,50
pickplace_push,config_3,6300000,6300000,pick-place-v3,0,67,0.96,55.557399274808176,24.11947650785191,61.78,92.34701413910557,43.520833333333336,50,50
pickplace_push,config_3,6300000,6300000,push-v3,1,67,0.94,184.87296873242448,199.08742458821115,76.0,114.6661525063619,48.93617021276596,50,50
pickplace_push,config_3,6350000,6350000,pick-place-v3,0,67,0.94,52.42881930764388,25.2889031794071,69.66,110.31450586428622,42.191489361702125,50,50
pickplace_push,config_3,6350000,6350000,push-v3,1,67,0.92,150.33572092880382,39.60059571480533,79.4,126.1738353807709,42.82608695652174,50,50
pickplace_push,config_3,6400000,6400000,pick-place-v3,0,67,0.96,54.472167738145906,23.54741731197047,66.32,95.66105982763801,48.25,50,50
pickplace_push,config_3,6400000,6400000,push-v3,1,67,0.96,142.61358936570332,51.96942335709293,63.04,93.12882453453213,44.833333333333336,50,50
pickplace_push,config_3,6450000,6450000,pick-place-v3,0,67,0.96,51.85146423049406,24.4773918084049,63.88,92.59625769314604,45.708333333333336,50,50
pickplace_push,config_3,6450000,6450000,push-v3,1,67,0.96,168.47394462253723,184.72314283501387,60.92,91.61094311248621,42.625,50,50
pickplace_push,config_3,6500000,6500000,pick-place-v3,0,67,0.96,53.84796487831696,24.23626647949153,75.44,107.3641828316224,57.75,50,50
pickplace_push,config_3,6500000,6500000,push-v3,1,67,0.96,150.4503887852664,50.26226158101893,63.14,92.56724196882116,44.9375,50,50
pickplace_push,config_3,6550000,6550000,pick-place-v3,0,67,0.88,54.89480895010609,23.937860503189796,96.84,150.69693332740954,41.86363636363637,50,50
pickplace_push,config_3,6550000,6550000,push-v3,1,67,0.94,139.88017472835318,52.00808306345181,78.94,116.65112996644729,52.06382978723404,50,50
pickplace_push,config_3,6600000,6600000,pick-place-v3,0,67,0.92,53.04088468574614,28.011475910659744,91.38,130.24715751530368,55.84782608695652,50,50
pickplace_push,config_3,6600000,6600000,push-v3,1,67,0.96,146.7556998192318,63.51187857207772,65.18,95.61651509641874,47.0625,50,50
pickplace_push,config_3,6650000,6650000,pick-place-v3,0,67,0.92,55.386389676947054,27.79565992249634,85.16,127.22747745832329,49.08695652173913,50,50
pickplace_push,config_3,6650000,6650000,push-v3,1,67,0.94,147.86962359842295,68.81643790398323,69.06,110.52461356676001,41.5531914893617,50,50
pickplace_push,config_3,6700000,6700000,pick-place-v3,0,67,0.94,55.777764580111935,27.345004722340416,75.78,110.4994764047065,48.702127659574465,50,50
pickplace_push,config_3,6700000,6700000,push-v3,1,67,0.94,149.54219152859082,65.48560753032211,76.72,116.21848530475094,49.702127659574465,50,50
pickplace_push,config_3,6750000,6750000,pick-place-v3,0,67,0.94,54.67405305842747,27.147386158475204,75.22,110.8411788947389,48.1063829787234,50,50
pickplace_push,config_3,6750000,6750000,push-v3,1,67,0.98,146.55206047943588,54.50893465233267,60.54,81.07144996853086,51.57142857142857,50,50
pickplace_push,config_3,6800000,6800000,pick-place-v3,0,67,0.98,58.76504109267677,25.004974979985594,61.2,77.48679940243147,52.244897959183675,50,50
pickplace_push,config_3,6800000,6800000,push-v3,1,67,0.98,143.6290584198922,47.39374574953017,54.24,67.87730828186866,45.142857142857146,50,50
pickplace_push,config_3,6850000,6850000,pick-place-v3,0,67,0.94,54.83447616466407,26.03008658487332,73.98,110.67575181952154,46.787234042553195,50,50
pickplace_push,config_3,6850000,6850000,push-v3,1,67,0.98,133.26229357269648,43.1298600482351,53.88,66.78770508873926,44.775510204081634,50,50
pickplace_push,config_3,6900000,6900000,pick-place-v3,0,67,0.94,52.24611943972719,26.6933647776789,73.3,110.01600069155059,46.06382978723404,50,50
pickplace_push,config_3,6900000,6900000,push-v3,1,67,0.94,144.29360870615764,67.64808132767624,79.9,114.52390357386496,53.08510638297872,50,50
pickplace_push,config_3,6950000,6950000,pick-place-v3,0,67,0.96,51.37348983910022,28.862335572327158,64.3,91.6867448635487,46.145833333333336,50,50
pickplace_push,config_3,6950000,6950000,push-v3,1,67,0.96,137.26224747594836,40.39757231268922,64.16,94.38163086585206,46.0,50,50
pickplace_push,config_3,7000000,7000000,pick-place-v3,0,67,0.98,54.074371673285285,25.137219305710474,51.0,65.54792607127168,41.83673469387755,50,50
pickplace_push,config_3,7000000,7000000,push-v3,1,67,0.96,138.3913728440802,38.68429406738513,57.36,91.57059504857997,38.916666666666664,50,50
pickplace_push,config_3,7050000,7050000,pick-place-v3,0,67,0.98,53.05813088861367,24.915296966526522,52.96,66.17754721279749,43.83673469387755,50,50
pickplace_push,config_3,7050000,7050000,push-v3,1,67,0.98,140.89454552728728,38.429735347232025,59.14,87.00011963397827,50.142857142857146,50,50
pickplace_push,config_3,7100000,7100000,pick-place-v3,0,67,0.94,51.637359422232365,26.738671273670438,73.12,110.5475500240803,45.87234042553192,50,50
pickplace_push,config_3,7100000,7100000,push-v3,1,67,1.0,165.73647776646783,199.98934504587515,46.16,55.505601850035745,46.16,50,50
pickplace_push,config_3,7150000,7150000,pick-place-v3,0,67,0.92,52.06630767850238,25.178586004287375,79.9,126.42933817362334,43.369565217391305,50,50
pickplace_push,config_3,7150000,7150000,push-v3,1,67,0.96,138.64153403846552,43.37906795613473,65.42,94.81713657222043,47.3125,50,50
pickplace_push,config_3,7200000,7200000,pick-place-v3,0,67,0.96,55.22744152650867,23.786623546410013,58.84,91.23715677020084,40.458333333333336,50,50
pickplace_push,config_3,7200000,7200000,push-v3,1,67,1.0,153.97113381292237,40.74707580268851,42.74,22.157884301861813,42.74,50,50
pickplace_push,config_3,7250000,7250000,pick-place-v3,0,67,0.94,53.597372392318974,25.119412265276306,68.5,110.35217279608194,40.95744680851064,50,50
pickplace_push,config_3,7250000,7250000,push-v3,1,67,0.96,146.68573622475128,40.79551926420505,57.48,91.36856066257704,39.041666666666664,50,50
pickplace_push,config_3,7300000,7300000,pick-place-v3,0,67,1.0,54.973336030898544,26.875065138678426,48.44,29.716455964701456,48.44,50,50
pickplace_push,config_3,7300000,7300000,push-v3,1,67,0.98,153.1201973257047,40.16032975457381,58.46,73.90705967218392,49.44897959183673,50,50
pickplace_push,config_3,7350000,7350000,pick-place-v3,0,67,0.94,50.88687870878739,27.290565198045726,78.0,122.05050811288021,51.06382978723404,50,50
pickplace_push,config_3,7350000,7350000,push-v3,1,67,0.92,153.1342315690975,42.175056857448574,92.4,141.84297152636282,56.95652173913044,50,50
pickplace_push,config_3,7400000,7400000,pick-place-v3,0,67,0.94,51.236344801955035,25.459346374453098,84.8,129.02554722509296,58.297872340425535,50,50
pickplace_push,config_3,7400000,7400000,push-v3,1,67,0.98,154.31306275309703,45.43213099725929,59.54,72.53914073640182,50.55102040816327,50,50
pickplace_push,config_3,7450000,7450000,pick-place-v3,0,67,0.94,53.98352126458016,26.523869990137364,69.28,110.37728248963153,41.787234042553195,50,50
pickplace_push,config_3,7450000,7450000,push-v3,1,67,0.94,149.08156739141612,55.384989395357906,82.0,122.82690657828944,55.319148936170215,50,50
pickplace_push,config_3,7500000,7500000,pick-place-v3,0,67,0.98,54.21110844313958,26.715896652831933,53.92,68.86628273661344,44.816326530612244,50,50
pickplace_push,config_3,7500000,7500000,push-v3,1,67,0.96,147.4118494930113,53.809728980771375,69.32,101.4105497068068,51.375,50,50
pickplace_push,config_3,7550000,7550000,pick-place-v3,0,67,0.96,56.7387266052953,23.851519219412882,64.18,92.08418730173173,46.020833333333336,50,50
pickplace_push,config_3,7550000,7550000,push-v3,1,67,0.98,142.03534743233124,51.59788894493476,59.16,70.74684964501161,50.16326530612245,50,50
pickplace_push,config_3,7600000,7600000,pick-place-v3,0,67,0.86,50.00478875812078,27.013049491924853,111.3,159.9037018882021,48.02325581395349,50,50
pickplace_push,config_3,7600000,7600000,push-v3,1,67,0.96,137.4063838528611,50.14725895863294,67.54,93.94510120712162,49.520833333333336,50,50
pickplace_push,config_3,7650000,7650000,pick-place-v3,0,67,0.9,49.31908406635742,25.54509737339878,96.56,144.11222384386585,51.733333333333334,50,50
pickplace_push,config_3,7650000,7650000,push-v3,1,67,0.98,160.8659897149575,72.91909241342259,68.92,97.3503749874857,60.12244897959184,50,50
pickplace_push,config_3,7700000,7700000,pick-place-v3,0,67,0.98,54.4148667985563,26.756253192828147,54.52,66.17485804091078,45.42857142857143,50,50
pickplace_push,config_3,7700000,7700000,push-v3,1,67,0.94,156.79419795125378,63.8166559653433,80.3,114.38214681585622,53.51063829787234,50,50
pickplace_push,config_3,7750000,7750000,pick-place-v3,0,67,0.98,54.474116334176486,23.53812982048276,51.38,65.44724936144829,42.224489795918366,50,50
pickplace_push,config_3,7750000,7750000,push-v3,1,67,0.98,203.68535840564095,354.49344029898594,59.32,88.76256795174278,50.326530612244895,50,50
pickplace_push,config_3,7800000,7800000,pick-place-v3,0,67,0.98,53.82758680961315,22.747780825062108,50.4,65.57780859095428,41.224489795918366,50,50
pickplace_push,config_3,7800000,7800000,push-v3,1,67,1.0,154.91431230638338,69.79732850528498,45.34,30.145639681996048,45.34,50,50
pickplace_push,config_3,7850000,7850000,pick-place-v3,0,67,0.96,54.61658985364908,22.699955222023434,59.64,91.25625726379488,41.291666666666664,50,50
pickplace_push,config_3,7850000,7850000,push-v3,1,67,0.96,140.87837815149763,52.84808159493083,64.4,96.2689684462978,46.25,50,50
pickplace_push,config_3,7900000,7900000,pick-place-v3,0,67,0.96,54.87891053582964,23.70414509301018,62.02,91.13423380612014,43.770833333333336,50,50
pickplace_push,config_3,7900000,7900000,push-v3,1,67,0.92,153.79176740792184,102.9400360608015,80.9,127.35507970446493,44.45652173913044,50,50
pickplace_push,config_3,7950000,7950000,pick-place-v3,0,67,0.98,54.09269997806864,23.914653901737804,53.48,65.97007361103137,44.36734693877551,50,50
pickplace_push,config_3,7950000,7950000,push-v3,1,67,1.0,137.23935329318684,50.061324909141945,55.78,78.91051247832469,55.78,50,50
pickplace_push,config_3,8000000,8000000,pick-place-v3,0,67,0.98,55.002996696777,22.505952919498046,51.46,65.7674350283184,42.30612244897959,50,50
pickplace_push,config_3,8000000,8000000,push-v3,1,67,0.96,140.64013599890336,63.46014847688838,67.0,99.53586165348669,48.958333333333336,50,50
pickplace_push,config_3,8050000,8050000,pick-place-v3,0,67,0.96,54.8893327566978,23.18706315278248,66.14,94.68961324845961,48.0625,50,50
pickplace_push,config_3,8050000,8050000,push-v3,1,67,0.94,134.57890598553834,55.166844885425746,71.9,110.7791054490044,44.57446808510638,50,50
pickplace_push,config_3,8100000,8100000,pick-place-v3,0,67,1.0,55.4597935662397,25.539717277327775,43.74,12.458600832111028,43.74,50,50
pickplace_push,config_3,8100000,8100000,push-v3,1,67,0.94,143.03644917595,49.87984574758652,72.18,111.82670448839441,44.87234042553192,50,50
pickplace_push,config_3,8150000,8150000,pick-place-v3,0,67,0.98,55.76637628850596,20.7152791787456,50.28,65.54171128653377,41.10204081632653,50,50
pickplace_push,config_3,8150000,8150000,push-v3,1,67,0.98,141.93174556315526,41.74100780753051,54.98,76.14767875379944,45.89795918367347,50,50
pickplace_push,config_3,8200000,8200000,pick-place-v3,0,67,0.94,53.68809923937417,23.986367835173716,69.9,110.3590152407041,42.4468085106383,50,50
pickplace_push,config_3,8200000,8200000,push-v3,1,67,0.94,187.62957334254799,267.63138974881184,68.44,110.26668229564991,40.8936170212766,50,50
pickplace_push,config_3,8250000,8250000,pick-place-v3,0,67,0.98,55.46641076643225,22.774424723349814,51.84,65.76810218720107,42.69387755102041,50,50
pickplace_push,config_3,8250000,8250000,push-v3,1,67,1.0,158.46455543151933,41.05689000698362,42.1,8.310922245541018,42.1,50,50
pickplace_push,config_3,8300000,8300000,pick-place-v3,0,67,0.98,54.06399416018896,23.86643080240183,50.2,65.39518798998057,41.02040816326531,50,50
pickplace_push,config_3,8300000,8300000,push-v3,1,67,1.0,157.10331676105054,40.97777291666085,41.04,5.118832775115028,41.04,50,50
pickplace_push,config_3,8350000,8350000,pick-place-v3,0,67,0.98,59.774070650972,19.245819558076366,53.28,67.35711710346423,44.16326530612245,50,50
pickplace_push,config_3,8350000,8350000,push-v3,1,67,1.0,162.17897335495113,43.89541572456,43.16,15.097452143474069,43.16,50,50
pickplace_push,config_3,8400000,8400000,pick-place-v3,0,67,1.0,60.84418171595745,18.773432976385397,42.04,7.938436591055196,42.04,50,50
pickplace_push,config_3,8400000,8400000,push-v3,1,67,1.0,166.43174592661128,40.18765129951874,41.48,4.837101510244348,41.48,50,50
pickplace_push,config_3,8450000,8450000,pick-place-v3,0,67,0.96,54.962803674858144,23.931429981134393,60.18,91.16898192535726,41.854166666666664,50,50
pickplace_push,config_3,8450000,8450000,push-v3,1,67,0.96,158.8795120282104,44.23611119934157,59.72,90.90790136513021,41.375,50,50
pickplace_push,config_3,8500000,8500000,pick-place-v3,0,67,0.98,57.23124549666787,22.31141816239158,49.96,65.2545908933085,40.775510204081634,50,50
pickplace_push,config_3,8500000,8500000,push-v3,1,67,0.98,163.83140307444833,33.12879548287764,50.76,64.99750701655677,41.59183673469388,50,50
pickplace_push,config_3,8550000,8550000,pick-place-v3,0,67,0.9,55.549170218290534,24.642569392188854,86.82,139.28603516446555,40.91111111111111,50,50
pickplace_push,config_3,8550000,8550000,push-v3,1,67,0.94,160.52865664745076,44.91168264331972,68.46,110.23374238037857,40.91489361702128,50,50
pickplace_push,config_3,8600000,8600000,pick-place-v3,0,67,0.98,57.691251953963935,21.387222403057184,49.88,65.18784161082151,40.69387755102041,50,50
pickplace_push,config_3,8600000,8600000,push-v3,1,67,1.0,155.54204072436656,34.212929635476605,41.64,5.906620291275386,41.64,50,50
pickplace_push,config_3,8650000,8650000,pick-place-v3,0,67,1.0,57.06938399569451,22.264920987577838,48.92,38.722898356694024,48.92,50,50
pickplace_push,config_3,8650000,8650000,push-v3,1,67,1.0,162.48998345595518,28.496232210003914,46.46,17.36076975628132,46.46,50,50
pickplace_push,config_3,8700000,8700000,pick-place-v3,0,67,0.98,59.085336284995584,19.712600014486558,50.24,65.12235266271121,41.06122448979592,50,50
pickplace_push,config_3,8700000,8700000,push-v3,1,67,1.0,157.35311624896448,33.20722399861613,42.78,6.640291363167364,42.78,50,50
pickplace_push,config_3,8750000,8750000,pick-place-v3,0,67,0.92,62.64349086194381,24.204771369079573,80.34,125.97482903747243,43.84782608695652,50,50
pickplace_push,config_3,8750000,8750000,push-v3,1,67,1.0,156.39203452753554,41.09079374773588,44.64,12.153373597315209,44.64,50,50
pickplace_push,config_3,8800000,8800000,pick-place-v3,0,67,0.98,59.58653819192176,20.70253948786038,50.84,65.07181589974108,41.673469387755105,50,50
pickplace_push,config_3,8800000,8800000,push-v3,1,67,0.98,144.22202586638758,39.36284176443253,51.28,65.37272725982722,42.12244897959184,50,50
pickplace_push,config_3,8850000,8850000,pick-place-v3,0,67,1.0,59.755384639890366,20.14412309204986,44.7,22.56803771998382,44.7,50,50
pickplace_push,config_3,8850000,8850000,push-v3,1,67,0.96,152.50025253182622,47.45809762824048,61.92,90.87776944661347,43.666666666666664,50,50
pickplace_push,config_3,8900000,8900000,pick-place-v3,0,67,1.0,61.99634616447604,18.75438105258472,41.56,5.451680137951109,41.56,50,50
pickplace_push,config_3,8900000,8900000,push-v3,1,67,0.98,162.83798356685594,49.17885464608745,52.0,65.07076211043369,42.857142857142854,50,50
pickplace_push,config_3,8950000,8950000,pick-place-v3,0,67,0.98,60.05602828598506,20.859276821683686,50.62,65.08734790374284,41.44897959183673,50,50
pickplace_push,config_3,8950000,8950000,push-v3,1,67,0.98,167.21009185923907,37.01701526470727,53.12,66.26096828727562,44.0,50,50
pickplace_push,config_3,9000000,9000000,pick-place-v3,0,67,1.0,59.48604689607184,20.854574988255738,41.12,5.579261892518231,41.12,50,50
pickplace_push,config_3,9000000,9000000,push-v3,1,67,0.96,163.52999514109763,49.24567498864483,59.44,90.951020682922,41.083333333333336,50,50
pickplace_push,config_3,9050000,9050000,pick-place-v3,0,67,0.98,60.31582357227121,20.8991658263895,50.72,65.11905580221067,41.55102040816327,50,50
pickplace_push,config_3,9050000,9050000,push-v3,1,67,1.0,153.1568092186931,36.402032397568284,40.72,5.233487150562427,40.72,50,50
pickplace_push,config_3,9100000,9100000,pick-place-v3,0,67,0.96,58.26254864819007,21.631455719592022,60.06,90.86913892055578,41.729166666666664,50,50
pickplace_push,config_3,9100000,9100000,push-v3,1,67,1.0,151.29146363012228,35.3771914345252,40.28,4.160259018623817,40.28,50,50
pickplace_push,config_3,9150000,9150000,pick-place-v3,0,67,0.96,60.1128148428066,25.36795937641813,61.92,90.80565477312251,43.666666666666664,50,50
pickplace_push,config_3,9150000,9150000,push-v3,1,67,1.0,153.80555471152832,35.89423960632246,40.94,7.031735640825029,40.94,50,50
pickplace_push,config_3,9200000,9200000,pick-place-v3,0,67,0.98,58.3128329277244,20.42627991961501,50.74,65.07195703094179,41.57142857142857,50,50
pickplace_push,config_3,9200000,9200000,push-v3,1,67,0.98,151.2134202140033,32.18922014291188,48.84,65.24408175521849,39.63265306122449,50,50
pickplace_push,config_3,9250000,9250000,pick-place-v3,0,67,1.0,59.638162132166286,22.150442038558445,42.56,6.118423166210091,42.56,50,50
pickplace_push,config_3,9250000,9250000,push-v3,1,67,1.0,146.0427554978532,41.71536082845818,40.46,4.329349293614739,40.46,50,50
pickplace_push,config_3,9300000,9300000,pick-place-v3,0,67,1.0,57.41955278350316,23.57617817906934,43.1,6.497252166438187,43.1,50,50
pickplace_push,config_3,9300000,9300000,push-v3,1,67,0.98,151.03860654162537,35.566273458221985,50.2,65.06323454759928,41.02040816326531,50,50
pickplace_push,config_3,9350000,9350000,pick-place-v3,0,67,1.0,60.29423827015209,20.53324168617758,43.04,6.736922327664139,43.04,50,50
pickplace_push,config_3,9350000,9350000,push-v3,1,67,1.0,158.56065684464465,37.873050463546406,41.92,7.537227336253519,41.92,50,50
pickplace_push,config_3,9400000,9400000,pick-place-v3,0,67,1.0,60.64532782574155,18.65654339822049,42.52,6.125357132445421,42.52,50,50
pickplace_push,config_3,9400000,9400000,push-v3,1,67,1.0,158.32232612434098,34.28866949457106,41.46,4.4548070802728335,41.46,50,50
pickplace_push,config_3,9450000,9450000,pick-place-v3,0,67,1.0,57.50583752822108,21.026989229724922,42.68,6.109343797221848,42.68,50,50
pickplace_push,config_3,9450000,9450000,push-v3,1,67,1.0,160.57818153412157,57.98767062280628,48.0,47.39930250068053,48.0,50,50
pickplace_push,config_3,9500000,9500000,pick-place-v3,0,67,1.0,58.08338651089532,20.037493789058363,42.96,6.194006319476458,42.96,50,50
pickplace_push,config_3,9500000,9500000,push-v3,1,67,1.0,148.79532893296292,40.298686440531434,41.68,4.661785591161307,41.68,50,50
pickplace_push,config_3,9550000,9550000,pick-place-v3,0,67,1.0,59.182675044727915,18.02656259181142,43.1,6.363961030678928,43.1,50,50
pickplace_push,config_3,9550000,9550000,push-v3,1,67,1.0,146.78500519930293,40.566144095762965,42.12,5.16123699774955,42.12,50,50
pickplace_push,config_3,9600000,9600000,pick-place-v3,0,67,0.98,49.96179336332374,25.04928410754384,52.0,64.9816300572551,42.857142857142854,50,50
pickplace_push,config_3,9600000,9600000,push-v3,1,67,0.94,159.65169482038837,164.35580785339087,69.36,110.03631311563302,41.87234042553192,50,50
pickplace_push,config_3,9650000,9650000,pick-place-v3,0,67,1.0,49.48659957454831,27.399124732093515,45.96,14.726014742763281,45.96,50,50
pickplace_push,config_3,9650000,9650000,push-v3,1,67,0.98,131.72107476914135,48.23662686153581,51.86,65.09710486054269,42.714285714285715,50,50
pickplace_push,config_3,9700000,9700000,pick-place-v3,0,67,1.0,51.17151563671461,26.305632424709867,42.44,6.39566179499185,42.44,50,50
pickplace_push,config_3,9700000,9700000,push-v3,1,67,0.96,128.5022564476078,52.50274593542076,60.72,90.81334074431386,42.416666666666664,50,50
pickplace_push,config_3,9750000,9750000,pick-place-v3,0,67,0.96,50.473260858038,22.392874800078395,60.68,90.82646382311846,42.375,50,50
pickplace_push,config_3,9750000,9750000,push-v3,1,67,0.9,140.88744357935224,58.21877112261834,88.2,139.1824525651162,42.44444444444444,50,50
pickplace_push,config_3,9800000,9800000,pick-place-v3,0,67,0.94,51.854010873073584,23.331011756567715,69.44,110.06717058603954,41.95744680851064,50,50
pickplace_push,config_3,9800000,9800000,push-v3,1,67,0.9,127.40871340998643,53.47384552808134,87.44,139.12146506134962,41.6,50,50
pickplace_push,config_3,9850000,9850000,pick-place-v3,0,67,0.9,46.1391550100866,24.454716942193045,90.5,138.96765884219835,45.0,50,50
pickplace_push,config_3,9850000,9850000,push-v3,1,67,0.96,137.5655271232887,79.83958428340341,62.24,91.07287057681908,44.0,50,50
pickplace_push,config_3,9900000,9900000,pick-place-v3,0,67,0.96,52.83123877747123,35.21771841915774,64.34,92.74886214165342,46.1875,50,50
pickplace_push,config_3,9900000,9900000,push-v3,1,67,0.96,138.25162888800256,81.5107137345674,60.2,91.17487122479058,41.875,50,50
pickplace_push,config_3,9950000,9950000,pick-place-v3,0,67,0.96,47.05538838176948,27.005264578773943,61.3,91.1182792656146,43.020833333333336,50,50
pickplace_push,config_3,9950000,9950000,push-v3,1,67,0.96,112.06408891674722,57.86797643323545,65.52,95.30493273740679,47.416666666666664,50,50
pickplace_push,config_3,10000000,10000000,pick-place-v3,0,67,1.0,53.11384413426812,25.830213291376854,43.14,9.430757322371804,43.14,50,50
pickplace_push,config_3,10000000,10000000,push-v3,1,67,0.94,125.861617059332,58.67230770260702,72.04,110.42551464998604,44.723404255319146,50,50
pickplace_push,config_3,10000000,final,pick-place-v3,0,67,0.92,51.68087677354865,27.188910356822852,78.96,125.59474186315869,42.34782608695652,50,50
pickplace_push,config_3,10000000,final,push-v3,1,67,0.9,138.15959989933762,84.25124254665451,89.34,138.84650311970924,43.71111111111111,50,50
